ts,device_id,code,value
2026-09-01T00:00:00Z,zewnatrz,va_humidity,66
2026-09-01T00:00:00Z,zewnatrz,va_temperature,20.6
2026-09-01T00:44:44Z,bf43cf664d6644420axva3,battery_state,high
2026-09-01T00:44:44Z,bf43cf664d6644420axva3,va_humidity,65
2026-09-01T00:44:44Z,bf43cf664d6644420axva3,va_temperature,23
2026-09-01T00:46:59Z,bf7e2a70935af7de78mjqt,battery_state,middle
2026-09-01T00:46:59Z,bf7e2a70935af7de78mjqt,va_humidity,60
2026-09-01T00:46:59Z,bf7e2a70935af7de78mjqt,va_temperature,23.8
2026-09-01T00:48:04Z,bfd6f4f87fea9d866dvpve,battery_state,middle
2026-09-01T00:48:04Z,bfd6f4f87fea9d866dvpve,va_humidity,66
2026-09-01T00:48:04Z,bfd6f4f87fea9d866dvpve,va_temperature,23.6
2026-09-01T00:57:23Z,bf5741c97c96fa85b1d7do,battery_state,high
2026-09-01T00:57:23Z,bf5741c97c96fa85b1d7do,va_humidity,64
2026-09-01T00:57:23Z,bf5741c97c96fa85b1d7do,va_temperature,23.3
2026-09-01T01:00:00Z,zewnatrz,va_humidity,65
2026-09-01T01:00:00Z,zewnatrz,va_temperature,20.4
2026-09-01T01:44:10Z,bf43cf664d6644420axva3,battery_state,high
2026-09-01T01:44:10Z,bf43cf664d6644420axva3,va_humidity,64
2026-09-01T01:44:10Z,bf43cf664d6644420axva3,va_temperature,23
2026-09-01T01:46:34Z,bf7e2a70935af7de78mjqt,battery_state,middle
2026-09-01T01:46:34Z,bf7e2a70935af7de78mjqt,va_humidity,59
2026-09-01T01:46:34Z,bf7e2a70935af7de78mjqt,va_temperature,24
2026-09-01T01:47:46Z,bfd6f4f87fea9d866dvpve,battery_state,middle
2026-09-01T01:47:46Z,bfd6f4f87fea9d866dvpve,va_humidity,65
2026-09-01T01:47:46Z,bfd6f4f87fea9d866dvpve,va_temperature,23.6
2026-09-01T01:56:35Z,bf5741c97c96fa85b1d7do,va_humidity,63
2026-09-01T01:56:35Z,bf5741c97c96fa85b1d7do,va_temperature,23.2
2026-09-01T01:56:36Z,bf5741c97c96fa85b1d7do,battery_state,high
2026-09-01T02:00:00Z,zewnatrz,va_humidity,66
2026-09-01T02:00:00Z,zewnatrz,va_temperature,19.6
2026-09-01T02:43:36Z,bf43cf664d6644420axva3,va_humidity,63
2026-09-01T02:43:36Z,bf43cf664d6644420axva3,va_temperature,23
2026-09-01T02:43:37Z,bf43cf664d6644420axva3,battery_state,middle
2026-09-01T02:46:09Z,bf7e2a70935af7de78mjqt,battery_state,middle
2026-09-01T02:46:09Z,bf7e2a70935af7de78mjqt,va_humidity,59
2026-09-01T02:46:09Z,bf7e2a70935af7de78mjqt,va_temperature,24.1
2026-09-01T02:47:28Z,bfd6f4f87fea9d866dvpve,battery_state,middle
2026-09-01T02:47:28Z,bfd6f4f87fea9d866dvpve,va_humidity,64
2026-09-01T02:47:28Z,bfd6f4f87fea9d866dvpve,va_temperature,23.5
2026-09-01T02:55:48Z,bf5741c97c96fa85b1d7do,battery_state,high
2026-09-01T02:55:48Z,bf5741c97c96fa85b1d7do,va_humidity,62
2026-09-01T02:55:48Z,bf5741c97c96fa85b1d7do,va_temperature,23.1
2026-09-01T03:00:00Z,zewnatrz,va_humidity,66
2026-09-01T03:00:00Z,zewnatrz,va_temperature,19.3
2026-09-01T03:43:02Z,bf43cf664d6644420axva3,battery_state,high
2026-09-01T03:43:02Z,bf43cf664d6644420axva3,va_humidity,61
2026-09-01T03:43:02Z,bf43cf664d6644420axva3,va_temperature,22.9
2026-09-01T03:45:44Z,bf7e2a70935af7de78mjqt,battery_state,middle
2026-09-01T03:45:44Z,bf7e2a70935af7de78mjqt,va_humidity,58
2026-09-01T03:45:44Z,bf7e2a70935af7de78mjqt,va_temperature,24.2
2026-09-01T03:47:10Z,bfd6f4f87fea9d866dvpve,battery_state,middle
2026-09-01T03:47:10Z,bfd6f4f87fea9d866dvpve,va_humidity,62
2026-09-01T03:47:10Z,bfd6f4f87fea9d866dvpve,va_temperature,23.5
2026-09-01T03:55:01Z,bf5741c97c96fa85b1d7do,battery_state,high
2026-09-01T03:55:01Z,bf5741c97c96fa85b1d7do,va_humidity,61
2026-09-01T03:55:01Z,bf5741c97c96fa85b1d7do,va_temperature,23.1
2026-09-01T04:00:00Z,zewnatrz,va_humidity,67
2026-09-01T04:00:00Z,zewnatrz,va_temperature,19.1
2026-09-01T04:42:27Z,bf43cf664d6644420axva3,battery_state,middle
2026-09-01T04:42:27Z,bf43cf664d6644420axva3,va_humidity,60
2026-09-01T04:42:27Z,bf43cf664d6644420axva3,va_temperature,22.9
2026-09-01T04:45:19Z,bf7e2a70935af7de78mjqt,battery_state,middle
2026-09-01T04:45:19Z,bf7e2a70935af7de78mjqt,va_humidity,58
2026-09-01T04:45:19Z,bf7e2a70935af7de78mjqt,va_temperature,24.2
2026-09-01T04:46:52Z,bfd6f4f87fea9d866dvpve,battery_state,middle
2026-09-01T04:46:52Z,bfd6f4f87fea9d866dvpve,va_humidity,62
2026-09-01T04:46:52Z,bfd6f4f87fea9d866dvpve,va_temperature,23.4
2026-09-01T04:54:13Z,bf5741c97c96fa85b1d7do,va_temperature,23
2026-09-01T04:54:14Z,bf5741c97c96fa85b1d7do,battery_state,high
2026-09-01T04:54:14Z,bf5741c97c96fa85b1d7do,va_humidity,61
2026-09-01T05:00:00Z,zewnatrz,va_humidity,66
2026-09-01T05:00:00Z,zewnatrz,va_temperature,18.9
2026-09-01T05:41:53Z,bf43cf664d6644420axva3,battery_state,middle
2026-09-01T05:41:53Z,bf43cf664d6644420axva3,va_humidity,59
2026-09-01T05:41:53Z,bf43cf664d6644420axva3,va_temperature,22.8
2026-09-01T05:44:54Z,bf7e2a70935af7de78mjqt,va_humidity,57
2026-09-01T05:44:54Z,bf7e2a70935af7de78mjqt,va_temperature,24.3
2026-09-01T05:44:55Z,bf7e2a70935af7de78mjqt,battery_state,middle
2026-09-01T05:46:34Z,bfd6f4f87fea9d866dvpve,battery_state,middle
2026-09-01T05:46:34Z,bfd6f4f87fea9d866dvpve,va_humidity,60
2026-09-01T05:46:34Z,bfd6f4f87fea9d866dvpve,va_temperature,23.4
2026-09-01T05:53:26Z,bf5741c97c96fa85b1d7do,battery_state,high
2026-09-01T05:53:26Z,bf5741c97c96fa85b1d7do,va_humidity,60
2026-09-01T05:53:26Z,bf5741c97c96fa85b1d7do,va_temperature,23
2026-09-01T06:00:00Z,zewnatrz,va_humidity,64
2026-09-01T06:00:00Z,zewnatrz,va_temperature,18.8
2026-09-01T06:41:20Z,bf43cf664d6644420axva3,battery_state,middle
2026-09-01T06:41:20Z,bf43cf664d6644420axva3,va_humidity,59
2026-09-01T06:41:20Z,bf43cf664d6644420axva3,va_temperature,22.8
2026-09-01T06:44:30Z,bf7e2a70935af7de78mjqt,battery_state,middle
2026-09-01T06:44:30Z,bf7e2a70935af7de78mjqt,va_humidity,56
2026-09-01T06:44:30Z,bf7e2a70935af7de78mjqt,va_temperature,24
2026-09-01T06:46:16Z,bfd6f4f87fea9d866dvpve,battery_state,middle
2026-09-01T06:46:16Z,bfd6f4f87fea9d866dvpve,va_humidity,59
2026-09-01T06:46:16Z,bfd6f4f87fea9d866dvpve,va_temperature,23.3
2026-09-01T06:52:39Z,bf5741c97c96fa85b1d7do,battery_state,high
2026-09-01T06:52:39Z,bf5741c97c96fa85b1d7do,va_humidity,58
2026-09-01T06:52:39Z,bf5741c97c96fa85b1d7do,va_temperature,23
2026-09-01T07:00:00Z,zewnatrz,va_humidity,63
2026-09-01T07:00:00Z,zewnatrz,va_temperature,19.2
2026-09-01T07:40:45Z,bf43cf664d6644420axva3,va_temperature,22.9
2026-09-01T07:40:46Z,bf43cf664d6644420axva3,battery_state,middle
2026-09-01T07:40:46Z,bf43cf664d6644420axva3,va_humidity,58
2026-09-01T07:44:05Z,bf7e2a70935af7de78mjqt,battery_state,middle
2026-09-01T07:44:05Z,bf7e2a70935af7de78mjqt,va_humidity,55
2026-09-01T07:44:05Z,bf7e2a70935af7de78mjqt,va_temperature,23.8
2026-09-01T07:45:58Z,bfd6f4f87fea9d866dvpve,battery_state,middle
2026-09-01T07:45:58Z,bfd6f4f87fea9d866dvpve,va_humidity,58
2026-09-01T07:45:58Z,bfd6f4f87fea9d866dvpve,va_temperature,23.4
2026-09-01T07:51:51Z,bf5741c97c96fa85b1d7do,va_humidity,57
2026-09-01T07:51:51Z,bf5741c97c96fa85b1d7do,va_temperature,23.1
2026-09-01T07:51:52Z,bf5741c97c96fa85b1d7do,battery_state,high
2026-09-01T08:00:00Z,zewnatrz,va_humidity,62
2026-09-01T08:00:00Z,zewnatrz,va_temperature,19.8
2026-09-01T08:40:12Z,bf43cf664d6644420axva3,battery_state,high
2026-09-01T08:40:12Z,bf43cf664d6644420axva3,va_humidity,56
2026-09-01T08:40:12Z,bf43cf664d6644420axva3,va_temperature,23
2026-09-01T08:43:40Z,bf7e2a70935af7de78mjqt,va_humidity,53
2026-09-01T08:43:40Z,bf7e2a70935af7de78mjqt,va_temperature,23.8
2026-09-01T08:43:41Z,bf7e2a70935af7de78mjqt,battery_state,middle
2026-09-01T08:45:40Z,bfd6f4f87fea9d866dvpve,battery_state,middle
2026-09-01T08:45:40Z,bfd6f4f87fea9d866dvpve,va_humidity,57
2026-09-01T08:45:40Z,bfd6f4f87fea9d866dvpve,va_temperature,23.5
2026-09-01T08:51:04Z,bf5741c97c96fa85b1d7do,battery_state,high
2026-09-01T08:51:04Z,bf5741c97c96fa85b1d7do,va_humidity,55
2026-09-01T08:51:04Z,bf5741c97c96fa85b1d7do,va_temperature,23.5
2026-09-01T09:00:00Z,zewnatrz,va_humidity,55
2026-09-01T09:00:00Z,zewnatrz,va_temperature,20.8
2026-09-01T09:39:38Z,bf43cf664d6644420axva3,va_humidity,54
2026-09-01T09:39:38Z,bf43cf664d6644420axva3,va_temperature,23.1
2026-09-01T09:39:39Z,bf43cf664d6644420axva3,battery_state,high
2026-09-01T09:43:15Z,bf7e2a70935af7de78mjqt,va_temperature,24
2026-09-01T09:43:16Z,bf7e2a70935af7de78mjqt,battery_state,middle
2026-09-01T09:43:16Z,bf7e2a70935af7de78mjqt,va_humidity,51
2026-09-01T09:45:22Z,bfd6f4f87fea9d866dvpve,battery_state,middle
2026-09-01T09:45:22Z,bfd6f4f87fea9d866dvpve,va_humidity,55
2026-09-01T09:45:22Z,bfd6f4f87fea9d866dvpve,va_temperature,23.5
2026-09-01T09:50:17Z,bf5741c97c96fa85b1d7do,battery_state,high
2026-09-01T09:50:17Z,bf5741c97c96fa85b1d7do,va_humidity,53
2026-09-01T09:50:17Z,bf5741c97c96fa85b1d7do,va_temperature,23.6
2026-09-01T10:00:00Z,zewnatrz,va_humidity,50
2026-09-01T10:00:00Z,zewnatrz,va_temperature,21.6
2026-09-01T10:39:05Z,bf43cf664d6644420axva3,battery_state,middle
2026-09-01T10:39:05Z,bf43cf664d6644420axva3,va_humidity,52
2026-09-01T10:39:05Z,bf43cf664d6644420axva3,va_temperature,23.2
2026-09-01T10:42:50Z,bf7e2a70935af7de78mjqt,va_humidity,50
2026-09-01T10:42:50Z,bf7e2a70935af7de78mjqt,va_temperature,24.2
2026-09-01T10:42:51Z,bf7e2a70935af7de78mjqt,battery_state,middle
2026-09-01T10:45:03Z,bfd6f4f87fea9d866dvpve,battery_state,middle
2026-09-01T10:45:03Z,bfd6f4f87fea9d866dvpve,va_humidity,55
2026-09-01T10:45:03Z,bfd6f4f87fea9d866dvpve,va_temperature,23.8
2026-09-01T10:49:30Z,bf5741c97c96fa85b1d7do,va_humidity,52
2026-09-01T10:49:30Z,bf5741c97c96fa85b1d7do,va_temperature,23.8
2026-09-01T10:49:31Z,bf5741c97c96fa85b1d7do,battery_state,high
2026-09-01T11:00:00Z,zewnatrz,va_humidity,42
2026-09-01T11:00:00Z,zewnatrz,va_temperature,22.7
2026-09-01T11:38:31Z,bf43cf664d6644420axva3,battery_state,middle
2026-09-01T11:38:31Z,bf43cf664d6644420axva3,va_humidity,52
2026-09-01T11:38:31Z,bf43cf664d6644420axva3,va_temperature,23.3
2026-09-01T11:42:25Z,bf7e2a70935af7de78mjqt,battery_state,middle
2026-09-01T11:42:25Z,bf7e2a70935af7de78mjqt,va_humidity,50
2026-09-01T11:42:25Z,bf7e2a70935af7de78mjqt,va_temperature,24.3
2026-09-01T11:44:44Z,bfd6f4f87fea9d866dvpve,va_temperature,23.7
2026-09-01T11:44:45Z,bfd6f4f87fea9d866dvpve,battery_state,middle
2026-09-01T11:44:45Z,bfd6f4f87fea9d866dvpve,va_humidity,54
2026-09-01T11:48:43Z,bf5741c97c96fa85b1d7do,battery_state,high
2026-09-01T11:48:43Z,bf5741c97c96fa85b1d7do,va_humidity,52
2026-09-01T11:48:43Z,bf5741c97c96fa85b1d7do,va_temperature,23.9
2026-09-01T12:00:00Z,zewnatrz,va_humidity,43
2026-09-01T12:00:00Z,zewnatrz,va_temperature,22.6
2026-09-01T12:37:56Z,bf43cf664d6644420axva3,battery_state,high
2026-09-01T12:37:56Z,bf43cf664d6644420axva3,va_humidity,51
2026-09-01T12:37:56Z,bf43cf664d6644420axva3,va_temperature,23.5
2026-09-01T12:42:00Z,bf7e2a70935af7de78mjqt,battery_state,middle
2026-09-01T12:42:00Z,bf7e2a70935af7de78mjqt,va_humidity,49
2026-09-01T12:42:00Z,bf7e2a70935af7de78mjqt,va_temperature,24.4
2026-09-01T12:44:25Z,bfd6f4f87fea9d866dvpve,battery_state,middle
2026-09-01T12:44:25Z,bfd6f4f87fea9d866dvpve,va_humidity,53
2026-09-01T12:44:25Z,bfd6f4f87fea9d866dvpve,va_temperature,23.8
2026-09-01T12:47:56Z,bf5741c97c96fa85b1d7do,va_humidity,50
2026-09-01T12:47:56Z,bf5741c97c96fa85b1d7do,va_temperature,24.2
2026-09-01T12:47:57Z,bf5741c97c96fa85b1d7do,battery_state,high
2026-09-01T13:00:00Z,zewnatrz,va_humidity,43
2026-09-01T13:00:00Z,zewnatrz,va_temperature,22.9
2026-09-01T13:37:21Z,bf43cf664d6644420axva3,battery_state,middle
2026-09-01T13:37:21Z,bf43cf664d6644420axva3,va_humidity,51
2026-09-01T13:37:21Z,bf43cf664d6644420axva3,va_temperature,23.5
2026-09-01T13:41:35Z,bf7e2a70935af7de78mjqt,battery_state,middle
2026-09-01T13:41:35Z,bf7e2a70935af7de78mjqt,va_humidity,49
2026-09-01T13:41:35Z,bf7e2a70935af7de78mjqt,va_temperature,24.4
2026-09-01T13:44:06Z,bfd6f4f87fea9d866dvpve,battery_state,middle
2026-09-01T13:44:06Z,bfd6f4f87fea9d866dvpve,va_humidity,53
2026-09-01T13:44:06Z,bfd6f4f87fea9d866dvpve,va_temperature,23.8
2026-09-01T13:47:09Z,bf5741c97c96fa85b1d7do,battery_state,high
2026-09-01T13:47:09Z,bf5741c97c96fa85b1d7do,va_humidity,50
2026-09-01T13:47:09Z,bf5741c97c96fa85b1d7do,va_temperature,24.1
2026-09-01T14:00:00Z,zewnatrz,va_humidity,43
2026-09-01T14:00:00Z,zewnatrz,va_temperature,23
2026-09-01T14:36:46Z,bf43cf664d6644420axva3,battery_state,high
2026-09-01T14:36:46Z,bf43cf664d6644420axva3,va_humidity,51
2026-09-01T14:36:46Z,bf43cf664d6644420axva3,va_temperature,23.6
2026-09-01T14:41:09Z,bf7e2a70935af7de78mjqt,battery_state,middle
2026-09-01T14:41:09Z,bf7e2a70935af7de78mjqt,va_humidity,48
2026-09-01T14:41:09Z,bf7e2a70935af7de78mjqt,va_temperature,24.4
2026-09-01T14:43:48Z,bfd6f4f87fea9d866dvpve,battery_state,middle
2026-09-01T14:43:48Z,bfd6f4f87fea9d866dvpve,va_humidity,52
2026-09-01T14:43:48Z,bfd6f4f87fea9d866dvpve,va_temperature,23.8
2026-09-01T14:46:22Z,bf5741c97c96fa85b1d7do,battery_state,high
2026-09-01T14:46:22Z,bf5741c97c96fa85b1d7do,va_humidity,50
2026-09-01T14:46:22Z,bf5741c97c96fa85b1d7do,va_temperature,24
2026-09-01T15:00:00Z,zewnatrz,va_humidity,45
2026-09-01T15:00:00Z,zewnatrz,va_temperature,22.9
2026-09-01T15:36:11Z,bf43cf664d6644420axva3,battery_state,middle
2026-09-01T15:36:11Z,bf43cf664d6644420axva3,va_humidity,52
2026-09-01T15:36:11Z,bf43cf664d6644420axva3,va_temperature,23.6
2026-09-01T15:40:43Z,bf7e2a70935af7de78mjqt,battery_state,middle
2026-09-01T15:40:43Z,bf7e2a70935af7de78mjqt,va_humidity,49
2026-09-01T15:40:43Z,bf7e2a70935af7de78mjqt,va_temperature,24.3
2026-09-01T15:43:29Z,bfd6f4f87fea9d866dvpve,battery_state,middle
2026-09-01T15:43:29Z,bfd6f4f87fea9d866dvpve,va_humidity,54
2026-09-01T15:43:29Z,bfd6f4f87fea9d866dvpve,va_temperature,23.9
2026-09-01T15:45:34Z,bf5741c97c96fa85b1d7do,battery_state,high
2026-09-01T15:45:34Z,bf5741c97c96fa85b1d7do,va_humidity,53
2026-09-01T15:45:34Z,bf5741c97c96fa85b1d7do,va_temperature,23.8
2026-09-01T16:00:00Z,zewnatrz,va_humidity,50
2026-09-01T16:00:00Z,zewnatrz,va_temperature,21.8
2026-09-01T16:35:36Z,bf43cf664d6644420axva3,va_humidity,51
2026-09-01T16:35:36Z,bf43cf664d6644420axva3,va_temperature,23.6
2026-09-01T16:35:37Z,bf43cf664d6644420axva3,battery_state,high
2026-09-01T16:40:17Z,bf7e2a70935af7de78mjqt,va_temperature,24.2
2026-09-01T16:40:18Z,bf7e2a70935af7de78mjqt,battery_state,middle
2026-09-01T16:40:18Z,bf7e2a70935af7de78mjqt,va_humidity,49
2026-09-01T16:43:09Z,bfd6f4f87fea9d866dvpve,va_temperature,24.1
2026-09-01T16:43:10Z,bfd6f4f87fea9d866dvpve,battery_state,middle
2026-09-01T16:43:10Z,bfd6f4f87fea9d866dvpve,va_humidity,54
2026-09-01T16:44:47Z,bf5741c97c96fa85b1d7do,battery_state,high
2026-09-01T16:44:47Z,bf5741c97c96fa85b1d7do,va_humidity,53
2026-09-01T16:44:47Z,bf5741c97c96fa85b1d7do,va_temperature,23.8
2026-09-01T17:00:00Z,zewnatrz,va_humidity,52
2026-09-01T17:00:00Z,zewnatrz,va_temperature,21.1
2026-09-01T17:35:02Z,bf43cf664d6644420axva3,va_temperature,23.5
2026-09-01T17:35:03Z,bf43cf664d6644420axva3,battery_state,middle
2026-09-01T17:35:03Z,bf43cf664d6644420axva3,va_humidity,51
2026-09-01T17:39:51Z,bf7e2a70935af7de78mjqt,va_temperature,24
2026-09-01T17:39:52Z,bf7e2a70935af7de78mjqt,battery_state,middle
2026-09-01T17:39:52Z,bf7e2a70935af7de78mjqt,va_humidity,49
2026-09-01T17:42:50Z,bfd6f4f87fea9d866dvpve,battery_state,middle
2026-09-01T17:42:50Z,bfd6f4f87fea9d866dvpve,va_humidity,53
2026-09-01T17:42:50Z,bfd6f4f87fea9d866dvpve,va_temperature,24
2026-09-01T17:44:00Z,bf5741c97c96fa85b1d7do,battery_state,high
2026-09-01T17:44:00Z,bf5741c97c96fa85b1d7do,va_humidity,53
2026-09-01T17:44:00Z,bf5741c97c96fa85b1d7do,va_temperature,23.7
2026-09-01T18:00:00Z,zewnatrz,va_humidity,55
2026-09-01T18:00:00Z,zewnatrz,va_temperature,20.5
2026-09-01T18:34:29Z,bf43cf664d6644420axva3,battery_state,middle
2026-09-01T18:34:29Z,bf43cf664d6644420axva3,va_humidity,52
2026-09-01T18:34:29Z,bf43cf664d6644420axva3,va_temperature,23.4
2026-09-01T18:39:26Z,bf7e2a70935af7de78mjqt,battery_state,middle
2026-09-01T18:39:26Z,bf7e2a70935af7de78mjqt,va_humidity,50
2026-09-01T18:39:26Z,bf7e2a70935af7de78mjqt,va_temperature,23.8
2026-09-01T18:42:30Z,bfd6f4f87fea9d866dvpve,va_temperature,23.9
2026-09-01T18:42:31Z,bfd6f4f87fea9d866dvpve,battery_state,middle
2026-09-01T18:42:31Z,bfd6f4f87fea9d866dvpve,va_humidity,53
2026-09-01T18:43:13Z,bf5741c97c96fa85b1d7do,va_temperature,23.6
2026-09-01T18:43:14Z,bf5741c97c96fa85b1d7do,battery_state,high
2026-09-01T18:43:14Z,bf5741c97c96fa85b1d7do,va_humidity,54
2026-09-01T19:00:00Z,zewnatrz,va_humidity,56
2026-09-01T19:00:00Z,zewnatrz,va_temperature,20.1
2026-09-01T19:33:55Z,bf43cf664d6644420axva3,battery_state,middle
2026-09-01T19:33:55Z,bf43cf664d6644420axva3,va_humidity,52
2026-09-01T19:33:55Z,bf43cf664d6644420axva3,va_temperature,23.3
2026-09-01T19:39:00Z,bf7e2a70935af7de78mjqt,battery_state,middle
2026-09-01T19:39:00Z,bf7e2a70935af7de78mjqt,va_humidity,50
2026-09-01T19:39:00Z,bf7e2a70935af7de78mjqt,va_temperature,23.7
2026-09-01T19:42:11Z,bfd6f4f87fea9d866dvpve,va_humidity,55
2026-09-01T19:42:11Z,bfd6f4f87fea9d866dvpve,va_temperature,23.9
2026-09-01T19:42:12Z,bfd6f4f87fea9d866dvpve,battery_state,middle
2026-09-01T19:42:26Z,bf5741c97c96fa85b1d7do,va_temperature,23.5
2026-09-01T19:42:27Z,bf5741c97c96fa85b1d7do,battery_state,high
2026-09-01T19:42:27Z,bf5741c97c96fa85b1d7do,va_humidity,55
2026-09-01T20:00:00Z,zewnatrz,va_humidity,57
2026-09-01T20:00:00Z,zewnatrz,va_temperature,19.9
2026-09-01T20:33:21Z,bf43cf664d6644420axva3,va_humidity,53
2026-09-01T20:33:21Z,bf43cf664d6644420axva3,va_temperature,23.3
2026-09-01T20:33:22Z,bf43cf664d6644420axva3,battery_state,high
2026-09-01T20:38:35Z,bf7e2a70935af7de78mjqt,battery_state,middle
2026-09-01T20:38:35Z,bf7e2a70935af7de78mjqt,va_humidity,51
2026-09-01T20:38:35Z,bf7e2a70935af7de78mjqt,va_temperature,23.6
2026-09-01T20:38:53Z,bfd6f4f87fea9d866dvpve,va_humidity,60
2026-09-01T20:38:53Z,bfd6f4f87fea9d866dvpve,va_temperature,24.1
2026-09-01T20:38:54Z,bfd6f4f87fea9d866dvpve,battery_state,middle
2026-09-01T20:41:40Z,bf5741c97c96fa85b1d7do,va_temperature,23.4
2026-09-01T20:41:41Z,bf5741c97c96fa85b1d7do,battery_state,high
2026-09-01T20:41:41Z,bf5741c97c96fa85b1d7do,va_humidity,56
2026-09-01T20:42:33Z,bfd6f4f87fea9d866dvpve,battery_state,middle
2026-09-01T20:42:33Z,bfd6f4f87fea9d866dvpve,va_humidity,65
2026-09-01T20:42:33Z,bfd6f4f87fea9d866dvpve,va_temperature,24.2
2026-09-01T20:48:51Z,bfd6f4f87fea9d866dvpve,va_temperature,24.1
2026-09-01T20:48:52Z,bfd6f4f87fea9d866dvpve,battery_state,middle
2026-09-01T20:48:52Z,bfd6f4f87fea9d866dvpve,va_humidity,60
2026-09-01T21:00:00Z,zewnatrz,va_humidity,57
2026-09-01T21:00:00Z,zewnatrz,va_temperature,19.5
2026-09-01T21:32:48Z,bf43cf664d6644420axva3,battery_state,high
2026-09-01T21:32:48Z,bf43cf664d6644420axva3,va_humidity,53
2026-09-01T21:32:48Z,bf43cf664d6644420axva3,va_temperature,23.4
2026-09-01T21:33:57Z,bfd6f4f87fea9d866dvpve,battery_state,middle
2026-09-01T21:33:57Z,bfd6f4f87fea9d866dvpve,va_humidity,55
2026-09-01T21:33:57Z,bfd6f4f87fea9d866dvpve,va_temperature,23.8
2026-09-01T21:38:09Z,bf7e2a70935af7de78mjqt,battery_state,middle
2026-09-01T21:38:09Z,bf7e2a70935af7de78mjqt,va_humidity,51
2026-09-01T21:38:09Z,bf7e2a70935af7de78mjqt,va_temperature,23.4
2026-09-01T21:40:54Z,bf5741c97c96fa85b1d7do,battery_state,high
2026-09-01T21:40:54Z,bf5741c97c96fa85b1d7do,va_humidity,56
2026-09-01T21:40:54Z,bf5741c97c96fa85b1d7do,va_temperature,23.3
2026-09-01T22:00:00Z,zewnatrz,va_humidity,63
2026-09-01T22:00:00Z,zewnatrz,va_temperature,18.5
2026-09-01T22:32:14Z,bf43cf664d6644420axva3,va_humidity,53
2026-09-01T22:32:14Z,bf43cf664d6644420axva3,va_temperature,23.4
2026-09-01T22:32:15Z,bf43cf664d6644420axva3,battery_state,middle
2026-09-01T22:33:38Z,bfd6f4f87fea9d866dvpve,battery_state,middle
2026-09-01T22:33:38Z,bfd6f4f87fea9d866dvpve,va_humidity,57
2026-09-01T22:33:38Z,bfd6f4f87fea9d866dvpve,va_temperature,23.9
2026-09-01T22:37:43Z,bf7e2a70935af7de78mjqt,va_humidity,51
2026-09-01T22:37:43Z,bf7e2a70935af7de78mjqt,va_temperature,23.5
2026-09-01T22:37:44Z,bf7e2a70935af7de78mjqt,battery_state,middle
2026-09-01T22:40:07Z,bf5741c97c96fa85b1d7do,va_humidity,56
2026-09-01T22:40:07Z,bf5741c97c96fa85b1d7do,va_temperature,23.4
2026-09-01T22:40:08Z,bf5741c97c96fa85b1d7do,battery_state,high
2026-09-01T23:00:00Z,zewnatrz,va_humidity,64
2026-09-01T23:00:00Z,zewnatrz,va_temperature,18
2026-09-01T23:31:40Z,bf43cf664d6644420axva3,va_temperature,23.4
2026-09-01T23:31:41Z,bf43cf664d6644420axva3,battery_state,middle
2026-09-01T23:31:41Z,bf43cf664d6644420axva3,va_humidity,53
2026-09-01T23:33:19Z,bfd6f4f87fea9d866dvpve,battery_state,middle
2026-09-01T23:33:19Z,bfd6f4f87fea9d866dvpve,va_humidity,57
2026-09-01T23:33:19Z,bfd6f4f87fea9d866dvpve,va_temperature,23.8
2026-09-01T23:37:18Z,bf7e2a70935af7de78mjqt,battery_state,middle
2026-09-01T23:37:18Z,bf7e2a70935af7de78mjqt,va_humidity,53
2026-09-01T23:37:18Z,bf7e2a70935af7de78mjqt,va_temperature,23.8
2026-09-01T23:39:21Z,bf5741c97c96fa85b1d7do,battery_state,high
2026-09-01T23:39:21Z,bf5741c97c96fa85b1d7do,va_humidity,56
2026-09-01T23:39:21Z,bf5741c97c96fa85b1d7do,va_temperature,23.5
2026-09-02T00:00:00Z,zewnatrz,va_humidity,64
2026-09-02T00:00:00Z,zewnatrz,va_temperature,17.7
2026-09-02T00:31:06Z,bf43cf664d6644420axva3,va_temperature,23.4
2026-09-02T00:31:07Z,bf43cf664d6644420axva3,battery_state,middle
2026-09-02T00:31:07Z,bf43cf664d6644420axva3,va_humidity,54
2026-09-02T00:33:00Z,bfd6f4f87fea9d866dvpve,battery_state,middle
2026-09-02T00:33:00Z,bfd6f4f87fea9d866dvpve,va_humidity,57
2026-09-02T00:33:00Z,bfd6f4f87fea9d866dvpve,va_temperature,23.8
2026-09-02T00:36:52Z,bf7e2a70935af7de78mjqt,va_humidity,54
2026-09-02T00:36:52Z,bf7e2a70935af7de78mjqt,va_temperature,24
2026-09-02T00:36:53Z,bf7e2a70935af7de78mjqt,battery_state,middle
2026-09-02T00:38:34Z,bf5741c97c96fa85b1d7do,va_humidity,57
2026-09-02T00:38:34Z,bf5741c97c96fa85b1d7do,va_temperature,23.5
2026-09-02T00:38:35Z,bf5741c97c96fa85b1d7do,battery_state,high
2026-09-02T01:00:00Z,zewnatrz,va_humidity,67
2026-09-02T01:00:00Z,zewnatrz,va_temperature,16.9
2026-09-02T01:30:33Z,bf43cf664d6644420axva3,battery_state,high
2026-09-02T01:30:33Z,bf43cf664d6644420axva3,va_humidity,54
2026-09-02T01:30:33Z,bf43cf664d6644420axva3,va_temperature,23.4
2026-09-02T01:32:41Z,bfd6f4f87fea9d866dvpve,battery_state,middle
2026-09-02T01:32:41Z,bfd6f4f87fea9d866dvpve,va_humidity,57
2026-09-02T01:32:41Z,bfd6f4f87fea9d866dvpve,va_temperature,23.8
2026-09-02T01:36:27Z,bf7e2a70935af7de78mjqt,battery_state,middle
2026-09-02T01:36:27Z,bf7e2a70935af7de78mjqt,va_humidity,54
2026-09-02T01:36:27Z,bf7e2a70935af7de78mjqt,va_temperature,24
2026-09-02T01:37:48Z,bf5741c97c96fa85b1d7do,battery_state,high
2026-09-02T01:37:48Z,bf5741c97c96fa85b1d7do,va_humidity,57
2026-09-02T01:37:48Z,bf5741c97c96fa85b1d7do,va_temperature,23.4
2026-09-02T02:00:00Z,zewnatrz,va_humidity,66
2026-09-02T02:00:00Z,zewnatrz,va_temperature,16.6
2026-09-02T02:29:59Z,bf43cf664d6644420axva3,battery_state,middle
2026-09-02T02:29:59Z,bf43cf664d6644420axva3,va_humidity,54
2026-09-02T02:29:59Z,bf43cf664d6644420axva3,va_temperature,23.4
2026-09-02T02:32:22Z,bfd6f4f87fea9d866dvpve,battery_state,middle
2026-09-02T02:32:22Z,bfd6f4f87fea9d866dvpve,va_humidity,57
2026-09-02T02:32:22Z,bfd6f4f87fea9d866dvpve,va_temperature,23.8
2026-09-02T02:36:01Z,bf7e2a70935af7de78mjqt,battery_state,middle
2026-09-02T02:36:01Z,bf7e2a70935af7de78mjqt,va_humidity,55
2026-09-02T02:36:01Z,bf7e2a70935af7de78mjqt,va_temperature,24.1
2026-09-02T02:37:01Z,bf5741c97c96fa85b1d7do,va_humidity,57
2026-09-02T02:37:01Z,bf5741c97c96fa85b1d7do,va_temperature,23.5
2026-09-02T02:37:02Z,bf5741c97c96fa85b1d7do,battery_state,high
2026-09-02T03:00:00Z,zewnatrz,va_humidity,67
2026-09-02T03:00:00Z,zewnatrz,va_temperature,16.4
2026-09-02T03:29:25Z,bf43cf664d6644420axva3,battery_state,high
2026-09-02T03:29:25Z,bf43cf664d6644420axva3,va_humidity,54
2026-09-02T03:29:25Z,bf43cf664d6644420axva3,va_temperature,23.4
2026-09-02T03:32:03Z,bfd6f4f87fea9d866dvpve,battery_state,middle
2026-09-02T03:32:03Z,bfd6f4f87fea9d866dvpve,va_humidity,57
2026-09-02T03:32:03Z,bfd6f4f87fea9d866dvpve,va_temperature,23.8
2026-09-02T03:35:35Z,bf7e2a70935af7de78mjqt,va_temperature,24.2
2026-09-02T03:35:36Z,bf7e2a70935af7de78mjqt,battery_state,middle
2026-09-02T03:35:36Z,bf7e2a70935af7de78mjqt,va_humidity,54
2026-09-02T03:36:15Z,bf5741c97c96fa85b1d7do,battery_state,high
2026-09-02T03:36:15Z,bf5741c97c96fa85b1d7do,va_humidity,57
2026-09-02T03:36:15Z,bf5741c97c96fa85b1d7do,va_temperature,23.4
2026-09-02T04:00:00Z,zewnatrz,va_humidity,68
2026-09-02T04:00:00Z,zewnatrz,va_temperature,15.8
2026-09-02T04:28:51Z,bf43cf664d6644420axva3,va_humidity,54
2026-09-02T04:28:51Z,bf43cf664d6644420axva3,va_temperature,23.3
2026-09-02T04:28:52Z,bf43cf664d6644420axva3,battery_state,high
2026-09-02T04:31:45Z,bfd6f4f87fea9d866dvpve,battery_state,middle
2026-09-02T04:31:45Z,bfd6f4f87fea9d866dvpve,va_humidity,57
2026-09-02T04:31:45Z,bfd6f4f87fea9d866dvpve,va_temperature,23.8
2026-09-02T04:35:10Z,bf7e2a70935af7de78mjqt,battery_state,middle
2026-09-02T04:35:10Z,bf7e2a70935af7de78mjqt,va_humidity,54
2026-09-02T04:35:10Z,bf7e2a70935af7de78mjqt,va_temperature,24.2
2026-09-02T04:35:27Z,bf5741c97c96fa85b1d7do,va_temperature,23.4
2026-09-02T04:35:28Z,bf5741c97c96fa85b1d7do,battery_state,high
2026-09-02T04:35:28Z,bf5741c97c96fa85b1d7do,va_humidity,57
2026-09-02T05:00:00Z,zewnatrz,va_humidity,65
2026-09-02T05:00:00Z,zewnatrz,va_temperature,16.2
2026-09-02T05:28:17Z,bf43cf664d6644420axva3,va_temperature,23.4
2026-09-02T05:28:18Z,bf43cf664d6644420axva3,battery_state,high
2026-09-02T05:28:18Z,bf43cf664d6644420axva3,va_humidity,55
2026-09-02T05:31:25Z,bfd6f4f87fea9d866dvpve,va_temperature,23.8
2026-09-02T05:31:26Z,bfd6f4f87fea9d866dvpve,battery_state,middle
2026-09-02T05:31:26Z,bfd6f4f87fea9d866dvpve,va_humidity,58
2026-09-02T05:34:40Z,bf5741c97c96fa85b1d7do,va_temperature,23.5
2026-09-02T05:34:41Z,bf5741c97c96fa85b1d7do,battery_state,high
2026-09-02T05:34:41Z,bf5741c97c96fa85b1d7do,va_humidity,57
2026-09-02T05:34:45Z,bf7e2a70935af7de78mjqt,battery_state,middle
2026-09-02T05:34:45Z,bf7e2a70935af7de78mjqt,va_humidity,54
2026-09-02T05:34:45Z,bf7e2a70935af7de78mjqt,va_temperature,24.1
2026-09-02T06:00:00Z,zewnatrz,va_humidity,60
2026-09-02T06:00:00Z,zewnatrz,va_temperature,17.7
2026-09-02T06:27:43Z,bf43cf664d6644420axva3,va_humidity,55
2026-09-02T06:27:43Z,bf43cf664d6644420axva3,va_temperature,23.4
2026-09-02T06:27:44Z,bf43cf664d6644420axva3,battery_state,high
2026-09-02T06:31:06Z,bfd6f4f87fea9d866dvpve,battery_state,middle
2026-09-02T06:31:06Z,bfd6f4f87fea9d866dvpve,va_humidity,58
2026-09-02T06:31:06Z,bfd6f4f87fea9d866dvpve,va_temperature,23.7
2026-09-02T06:33:54Z,bf5741c97c96fa85b1d7do,battery_state,high
2026-09-02T06:33:54Z,bf5741c97c96fa85b1d7do,va_humidity,57
2026-09-02T06:33:54Z,bf5741c97c96fa85b1d7do,va_temperature,23.6
2026-09-02T06:34:19Z,bf7e2a70935af7de78mjqt,va_temperature,24.1
2026-09-02T06:34:20Z,bf7e2a70935af7de78mjqt,battery_state,middle
2026-09-02T06:34:20Z,bf7e2a70935af7de78mjqt,va_humidity,53
2026-09-02T07:00:00Z,zewnatrz,va_humidity,56
2026-09-02T07:00:00Z,zewnatrz,va_temperature,18.9
2026-09-02T07:27:09Z,bf43cf664d6644420axva3,battery_state,middle
2026-09-02T07:27:09Z,bf43cf664d6644420axva3,va_humidity,55
2026-09-02T07:27:09Z,bf43cf664d6644420axva3,va_temperature,23.4
2026-09-02T07:30:47Z,bfd6f4f87fea9d866dvpve,battery_state,middle
2026-09-02T07:30:47Z,bfd6f4f87fea9d866dvpve,va_humidity,58
2026-09-02T07:30:47Z,bfd6f4f87fea9d866dvpve,va_temperature,23.7
2026-09-02T07:33:07Z,bf5741c97c96fa85b1d7do,battery_state,high
2026-09-02T07:33:07Z,bf5741c97c96fa85b1d7do,va_humidity,57
2026-09-02T07:33:07Z,bf5741c97c96fa85b1d7do,va_temperature,23.7
2026-09-02T07:33:54Z,bf7e2a70935af7de78mjqt,battery_state,middle
2026-09-02T07:33:54Z,bf7e2a70935af7de78mjqt,va_humidity,53
2026-09-02T07:33:54Z,bf7e2a70935af7de78mjqt,va_temperature,24.1
2026-09-02T08:00:00Z,zewnatrz,va_humidity,52
2026-09-02T08:00:00Z,zewnatrz,va_temperature,20.3
2026-09-02T08:26:35Z,bf43cf664d6644420axva3,battery_state,middle
2026-09-02T08:26:35Z,bf43cf664d6644420axva3,va_humidity,55
2026-09-02T08:26:35Z,bf43cf664d6644420axva3,va_temperature,23.5
2026-09-02T08:30:28Z,bfd6f4f87fea9d866dvpve,va_humidity,59
2026-09-02T08:30:28Z,bfd6f4f87fea9d866dvpve,va_temperature,23.7
2026-09-02T08:30:29Z,bfd6f4f87fea9d866dvpve,battery_state,middle
2026-09-02T08:32:20Z,bf5741c97c96fa85b1d7do,va_humidity,57
2026-09-02T08:32:20Z,bf5741c97c96fa85b1d7do,va_temperature,23.9
2026-09-02T08:32:21Z,bf5741c97c96fa85b1d7do,battery_state,high
2026-09-02T08:33:28Z,bf7e2a70935af7de78mjqt,battery_state,middle
2026-09-02T08:33:28Z,bf7e2a70935af7de78mjqt,va_humidity,53
2026-09-02T08:33:28Z,bf7e2a70935af7de78mjqt,va_temperature,24.2
2026-09-02T09:00:00Z,zewnatrz,va_humidity,48
2026-09-02T09:00:00Z,zewnatrz,va_temperature,21.9
2026-09-02T09:26:01Z,bf43cf664d6644420axva3,battery_state,middle
2026-09-02T09:26:01Z,bf43cf664d6644420axva3,va_humidity,55
2026-09-02T09:26:01Z,bf43cf664d6644420axva3,va_temperature,23.5
2026-09-02T09:30:09Z,bfd6f4f87fea9d866dvpve,va_temperature,23.7
2026-09-02T09:30:10Z,bfd6f4f87fea9d866dvpve,battery_state,middle
2026-09-02T09:30:10Z,bfd6f4f87fea9d866dvpve,va_humidity,60
2026-09-02T09:31:34Z,bf5741c97c96fa85b1d7do,battery_state,high
2026-09-02T09:31:34Z,bf5741c97c96fa85b1d7do,va_humidity,57
2026-09-02T09:31:34Z,bf5741c97c96fa85b1d7do,va_temperature,24
2026-09-02T09:33:02Z,bf7e2a70935af7de78mjqt,battery_state,middle
2026-09-02T09:33:02Z,bf7e2a70935af7de78mjqt,va_humidity,53
2026-09-02T09:33:02Z,bf7e2a70935af7de78mjqt,va_temperature,24.4
2026-09-02T10:00:00Z,zewnatrz,va_humidity,46
2026-09-02T10:00:00Z,zewnatrz,va_temperature,22.9
2026-09-02T10:25:27Z,bf43cf664d6644420axva3,battery_state,high
2026-09-02T10:25:27Z,bf43cf664d6644420axva3,va_humidity,55
2026-09-02T10:25:27Z,bf43cf664d6644420axva3,va_temperature,23.6
2026-09-02T10:29:51Z,bfd6f4f87fea9d866dvpve,battery_state,middle
2026-09-02T10:29:51Z,bfd6f4f87fea9d866dvpve,va_humidity,59
2026-09-02T10:29:51Z,bfd6f4f87fea9d866dvpve,va_temperature,23.8
2026-09-02T10:30:47Z,bf5741c97c96fa85b1d7do,battery_state,high
2026-09-02T10:30:47Z,bf5741c97c96fa85b1d7do,va_humidity,56
2026-09-02T10:30:47Z,bf5741c97c96fa85b1d7do,va_temperature,24.2
2026-09-02T10:32:36Z,bf7e2a70935af7de78mjqt,va_humidity,53
2026-09-02T10:32:36Z,bf7e2a70935af7de78mjqt,va_temperature,24.5
2026-09-02T10:32:37Z,bf7e2a70935af7de78mjqt,battery_state,middle
2026-09-02T11:00:00Z,zewnatrz,va_humidity,42
2026-09-02T11:00:00Z,zewnatrz,va_temperature,23.7
2026-09-02T11:24:53Z,bf43cf664d6644420axva3,va_temperature,23.7
2026-09-02T11:24:54Z,bf43cf664d6644420axva3,battery_state,middle
2026-09-02T11:24:54Z,bf43cf664d6644420axva3,va_humidity,55
2026-09-02T11:29:32Z,bfd6f4f87fea9d866dvpve,va_temperature,23.9
2026-09-02T11:29:33Z,bfd6f4f87fea9d866dvpve,battery_state,middle
2026-09-02T11:29:33Z,bfd6f4f87fea9d866dvpve,va_humidity,60
2026-09-02T11:30:00Z,bf5741c97c96fa85b1d7do,battery_state,high
2026-09-02T11:30:00Z,bf5741c97c96fa85b1d7do,va_humidity,56
2026-09-02T11:30:00Z,bf5741c97c96fa85b1d7do,va_temperature,24.3
2026-09-02T11:32:11Z,bf7e2a70935af7de78mjqt,battery_state,middle
2026-09-02T11:32:11Z,bf7e2a70935af7de78mjqt,va_humidity,53
2026-09-02T11:32:11Z,bf7e2a70935af7de78mjqt,va_temperature,24.6
2026-09-02T12:00:00Z,zewnatrz,va_humidity,41
2026-09-02T12:00:00Z,zewnatrz,va_temperature,24.5
2026-09-02T12:24:19Z,bf43cf664d6644420axva3,battery_state,high
2026-09-02T12:24:19Z,bf43cf664d6644420axva3,va_humidity,55
2026-09-02T12:24:19Z,bf43cf664d6644420axva3,va_temperature,23.7
2026-09-02T12:29:13Z,bf5741c97c96fa85b1d7do,va_humidity,57
2026-09-02T12:29:13Z,bf5741c97c96fa85b1d7do,va_temperature,24.3
2026-09-02T12:29:14Z,bf5741c97c96fa85b1d7do,battery_state,high
2026-09-02T12:29:14Z,bfd6f4f87fea9d866dvpve,battery_state,middle
2026-09-02T12:29:14Z,bfd6f4f87fea9d866dvpve,va_humidity,60
2026-09-02T12:29:14Z,bfd6f4f87fea9d866dvpve,va_temperature,24
2026-09-02T12:31:45Z,bf7e2a70935af7de78mjqt,battery_state,middle
2026-09-02T12:31:45Z,bf7e2a70935af7de78mjqt,va_humidity,53
2026-09-02T12:31:45Z,bf7e2a70935af7de78mjqt,va_temperature,24.7
2026-09-02T13:00:00Z,zewnatrz,va_humidity,40
2026-09-02T13:00:00Z,zewnatrz,va_temperature,24.6
2026-09-02T13:23:45Z,bf43cf664d6644420axva3,battery_state,middle
2026-09-02T13:23:45Z,bf43cf664d6644420axva3,va_humidity,55
2026-09-02T13:23:45Z,bf43cf664d6644420axva3,va_temperature,23.8
2026-09-02T13:28:26Z,bf5741c97c96fa85b1d7do,va_temperature,24.3
2026-09-02T13:28:27Z,bf5741c97c96fa85b1d7do,battery_state,high
2026-09-02T13:28:27Z,bf5741c97c96fa85b1d7do,va_humidity,57
2026-09-02T13:28:55Z,bfd6f4f87fea9d866dvpve,battery_state,middle
2026-09-02T13:28:55Z,bfd6f4f87fea9d866dvpve,va_humidity,60
2026-09-02T13:28:55Z,bfd6f4f87fea9d866dvpve,va_temperature,24
2026-09-02T13:31:19Z,bf7e2a70935af7de78mjqt,va_humidity,53
2026-09-02T13:31:19Z,bf7e2a70935af7de78mjqt,va_temperature,24.7
2026-09-02T13:31:20Z,bf7e2a70935af7de78mjqt,battery_state,middle
2026-09-02T14:00:00Z,zewnatrz,va_humidity,41
2026-09-02T14:00:00Z,zewnatrz,va_temperature,24.6
2026-09-02T14:23:10Z,bf43cf664d6644420axva3,va_temperature,23.8
2026-09-02T14:23:11Z,bf43cf664d6644420axva3,battery_state,middle
2026-09-02T14:23:11Z,bf43cf664d6644420axva3,va_humidity,55
2026-09-02T14:27:40Z,bf5741c97c96fa85b1d7do,battery_state,high
2026-09-02T14:27:40Z,bf5741c97c96fa85b1d7do,va_humidity,57
2026-09-02T14:27:40Z,bf5741c97c96fa85b1d7do,va_temperature,24.2
2026-09-02T14:28:36Z,bfd6f4f87fea9d866dvpve,va_temperature,24
2026-09-02T14:28:37Z,bfd6f4f87fea9d866dvpve,battery_state,middle
2026-09-02T14:28:37Z,bfd6f4f87fea9d866dvpve,va_humidity,59
2026-09-02T14:30:54Z,bf7e2a70935af7de78mjqt,battery_state,middle
2026-09-02T14:30:54Z,bf7e2a70935af7de78mjqt,va_humidity,53
2026-09-02T14:30:54Z,bf7e2a70935af7de78mjqt,va_temperature,24.7
2026-09-02T15:00:00Z,zewnatrz,va_humidity,43
2026-09-02T15:00:00Z,zewnatrz,va_temperature,24.2
2026-09-02T15:22:37Z,bf43cf664d6644420axva3,battery_state,middle
2026-09-02T15:22:37Z,bf43cf664d6644420axva3,va_humidity,56
2026-09-02T15:22:37Z,bf43cf664d6644420axva3,va_temperature,23.8
2026-09-02T15:26:53Z,bf5741c97c96fa85b1d7do,battery_state,high
2026-09-02T15:26:53Z,bf5741c97c96fa85b1d7do,va_humidity,58
2026-09-02T15:26:53Z,bf5741c97c96fa85b1d7do,va_temperature,24.3
2026-09-02T15:28:18Z,bfd6f4f87fea9d866dvpve,battery_state,middle
2026-09-02T15:28:18Z,bfd6f4f87fea9d866dvpve,va_humidity,61
2026-09-02T15:28:18Z,bfd6f4f87fea9d866dvpve,va_temperature,24.1
2026-09-02T15:30:29Z,bf7e2a70935af7de78mjqt,battery_state,middle
2026-09-02T15:30:29Z,bf7e2a70935af7de78mjqt,va_humidity,53
2026-09-02T15:30:29Z,bf7e2a70935af7de78mjqt,va_temperature,24.7
2026-09-02T16:00:00Z,zewnatrz,va_humidity,44
2026-09-02T16:00:00Z,zewnatrz,va_temperature,23.9
2026-09-02T16:22:03Z,bf43cf664d6644420axva3,battery_state,high
2026-09-02T16:22:03Z,bf43cf664d6644420axva3,va_humidity,56
2026-09-02T16:22:03Z,bf43cf664d6644420axva3,va_temperature,23.9
2026-09-02T16:26:06Z,bf5741c97c96fa85b1d7do,battery_state,high
2026-09-02T16:26:06Z,bf5741c97c96fa85b1d7do,va_humidity,58
2026-09-02T16:26:06Z,bf5741c97c96fa85b1d7do,va_temperature,24.2
2026-09-02T16:27:59Z,bfd6f4f87fea9d866dvpve,battery_state,middle
2026-09-02T16:27:59Z,bfd6f4f87fea9d866dvpve,va_humidity,62
2026-09-02T16:27:59Z,bfd6f4f87fea9d866dvpve,va_temperature,23.8
2026-09-02T16:30:03Z,bf7e2a70935af7de78mjqt,battery_state,middle
2026-09-02T16:30:03Z,bf7e2a70935af7de78mjqt,va_humidity,53
2026-09-02T16:30:03Z,bf7e2a70935af7de78mjqt,va_temperature,24.7
2026-09-02T17:00:00Z,zewnatrz,va_humidity,50
2026-09-02T17:00:00Z,zewnatrz,va_temperature,22.8
2026-09-02T17:21:29Z,bf43cf664d6644420axva3,battery_state,high
2026-09-02T17:21:29Z,bf43cf664d6644420axva3,va_humidity,56
2026-09-02T17:21:29Z,bf43cf664d6644420axva3,va_temperature,23.8
2026-09-02T17:25:18Z,bf5741c97c96fa85b1d7do,va_temperature,24.1
2026-09-02T17:25:19Z,bf5741c97c96fa85b1d7do,battery_state,high
2026-09-02T17:25:19Z,bf5741c97c96fa85b1d7do,va_humidity,58
2026-09-02T17:27:41Z,bfd6f4f87fea9d866dvpve,battery_state,middle
2026-09-02T17:27:41Z,bfd6f4f87fea9d866dvpve,va_humidity,62
2026-09-02T17:27:41Z,bfd6f4f87fea9d866dvpve,va_temperature,23.8
2026-09-02T17:29:37Z,bf7e2a70935af7de78mjqt,battery_state,middle
2026-09-02T17:29:37Z,bf7e2a70935af7de78mjqt,va_humidity,53
2026-09-02T17:29:37Z,bf7e2a70935af7de78mjqt,va_temperature,24.6
2026-09-02T18:00:00Z,zewnatrz,va_humidity,52
2026-09-02T18:00:00Z,zewnatrz,va_temperature,22
2026-09-02T18:20:55Z,bf43cf664d6644420axva3,battery_state,high
2026-09-02T18:20:55Z,bf43cf664d6644420axva3,va_humidity,56
2026-09-02T18:20:55Z,bf43cf664d6644420axva3,va_temperature,23.8
2026-09-02T18:24:31Z,bf5741c97c96fa85b1d7do,battery_state,high
2026-09-02T18:24:31Z,bf5741c97c96fa85b1d7do,va_humidity,58
2026-09-02T18:24:31Z,bf5741c97c96fa85b1d7do,va_temperature,24
2026-09-02T18:27:23Z,bfd6f4f87fea9d866dvpve,battery_state,middle
2026-09-02T18:27:23Z,bfd6f4f87fea9d866dvpve,va_humidity,61
2026-09-02T18:27:23Z,bfd6f4f87fea9d866dvpve,va_temperature,23.9
2026-09-02T18:29:11Z,bf7e2a70935af7de78mjqt,battery_state,middle
2026-09-02T18:29:11Z,bf7e2a70935af7de78mjqt,va_humidity,53
2026-09-02T18:29:11Z,bf7e2a70935af7de78mjqt,va_temperature,24.5
2026-09-02T19:00:00Z,zewnatrz,va_humidity,54
2026-09-02T19:00:00Z,zewnatrz,va_temperature,21.5
2026-09-02T19:20:21Z,bf43cf664d6644420axva3,battery_state,middle
2026-09-02T19:20:21Z,bf43cf664d6644420axva3,va_humidity,55
2026-09-02T19:20:21Z,bf43cf664d6644420axva3,va_temperature,23.7
2026-09-02T19:23:44Z,bf5741c97c96fa85b1d7do,battery_state,high
2026-09-02T19:23:44Z,bf5741c97c96fa85b1d7do,va_humidity,58
2026-09-02T19:23:44Z,bf5741c97c96fa85b1d7do,va_temperature,24
2026-09-02T19:27:04Z,bfd6f4f87fea9d866dvpve,va_temperature,23.9
2026-09-02T19:27:05Z,bfd6f4f87fea9d866dvpve,battery_state,middle
2026-09-02T19:27:05Z,bfd6f4f87fea9d866dvpve,va_humidity,60
2026-09-02T19:28:45Z,bf7e2a70935af7de78mjqt,battery_state,middle
2026-09-02T19:28:45Z,bf7e2a70935af7de78mjqt,va_humidity,53
2026-09-02T19:28:45Z,bf7e2a70935af7de78mjqt,va_temperature,24.5
2026-09-02T20:00:00Z,zewnatrz,va_humidity,56
2026-09-02T20:00:00Z,zewnatrz,va_temperature,21
2026-09-02T20:19:47Z,bf43cf664d6644420axva3,battery_state,middle
2026-09-02T20:19:47Z,bf43cf664d6644420axva3,va_humidity,55
2026-09-02T20:19:47Z,bf43cf664d6644420axva3,va_temperature,23.7
2026-09-02T20:22:56Z,bf5741c97c96fa85b1d7do,va_humidity,58
2026-09-02T20:22:56Z,bf5741c97c96fa85b1d7do,va_temperature,23.9
2026-09-02T20:22:57Z,bf5741c97c96fa85b1d7do,battery_state,high
2026-09-02T20:26:46Z,bfd6f4f87fea9d866dvpve,battery_state,middle
2026-09-02T20:26:46Z,bfd6f4f87fea9d866dvpve,va_humidity,60
2026-09-02T20:26:46Z,bfd6f4f87fea9d866dvpve,va_temperature,23.9
2026-09-02T20:28:19Z,bf7e2a70935af7de78mjqt,va_temperature,24.4
2026-09-02T20:28:20Z,bf7e2a70935af7de78mjqt,battery_state,middle
2026-09-02T20:28:20Z,bf7e2a70935af7de78mjqt,va_humidity,53
2026-09-02T21:00:00Z,zewnatrz,va_humidity,58
2026-09-02T21:00:00Z,zewnatrz,va_temperature,20.6
2026-09-02T21:19:12Z,bf43cf664d6644420axva3,battery_state,middle
2026-09-02T21:19:12Z,bf43cf664d6644420axva3,va_humidity,55
2026-09-02T21:19:12Z,bf43cf664d6644420axva3,va_temperature,23.7
2026-09-02T21:22:08Z,bf5741c97c96fa85b1d7do,va_temperature,23.9
2026-09-02T21:22:09Z,bf5741c97c96fa85b1d7do,battery_state,high
2026-09-02T21:22:09Z,bf5741c97c96fa85b1d7do,va_humidity,58
2026-09-02T21:26:28Z,bfd6f4f87fea9d866dvpve,battery_state,middle
2026-09-02T21:26:28Z,bfd6f4f87fea9d866dvpve,va_humidity,60
2026-09-02T21:26:28Z,bfd6f4f87fea9d866dvpve,va_temperature,23.9
2026-09-02T21:27:54Z,bf7e2a70935af7de78mjqt,battery_state,middle
2026-09-02T21:27:54Z,bf7e2a70935af7de78mjqt,va_humidity,53
2026-09-02T21:27:54Z,bf7e2a70935af7de78mjqt,va_temperature,24.4
2026-09-02T22:00:00Z,zewnatrz,va_humidity,59
2026-09-02T22:00:00Z,zewnatrz,va_temperature,20.3
2026-09-02T22:18:38Z,bf43cf664d6644420axva3,battery_state,middle
2026-09-02T22:18:38Z,bf43cf664d6644420axva3,va_humidity,55
2026-09-02T22:18:38Z,bf43cf664d6644420axva3,va_temperature,23.7
2026-09-02T22:21:21Z,bf5741c97c96fa85b1d7do,battery_state,high
2026-09-02T22:21:21Z,bf5741c97c96fa85b1d7do,va_humidity,58
2026-09-02T22:21:21Z,bf5741c97c96fa85b1d7do,va_temperature,23.8
2026-09-02T22:26:10Z,bfd6f4f87fea9d866dvpve,battery_state,middle
2026-09-02T22:26:10Z,bfd6f4f87fea9d866dvpve,va_humidity,59
2026-09-02T22:26:10Z,bfd6f4f87fea9d866dvpve,va_temperature,23.9
2026-09-02T22:27:28Z,bf7e2a70935af7de78mjqt,battery_state,middle
2026-09-02T22:27:28Z,bf7e2a70935af7de78mjqt,va_humidity,53
2026-09-02T22:27:28Z,bf7e2a70935af7de78mjqt,va_temperature,24.3
2026-09-02T23:00:00Z,zewnatrz,va_humidity,60
2026-09-02T23:00:00Z,zewnatrz,va_temperature,20.1
2026-09-02T23:18:04Z,bf43cf664d6644420axva3,battery_state,middle
2026-09-02T23:18:04Z,bf43cf664d6644420axva3,va_humidity,55
2026-09-02T23:18:04Z,bf43cf664d6644420axva3,va_temperature,23.6
2026-09-02T23:20:33Z,bf5741c97c96fa85b1d7do,va_temperature,23.8
2026-09-02T23:20:34Z,bf5741c97c96fa85b1d7do,battery_state,high
2026-09-02T23:20:34Z,bf5741c97c96fa85b1d7do,va_humidity,58
2026-09-02T23:25:51Z,bfd6f4f87fea9d866dvpve,battery_state,middle
2026-09-02T23:25:51Z,bfd6f4f87fea9d866dvpve,va_humidity,59
2026-09-02T23:25:51Z,bfd6f4f87fea9d866dvpve,va_temperature,23.9
2026-09-02T23:27:02Z,bf7e2a70935af7de78mjqt,battery_state,middle
2026-09-02T23:27:02Z,bf7e2a70935af7de78mjqt,va_humidity,53
2026-09-02T23:27:02Z,bf7e2a70935af7de78mjqt,va_temperature,24.3
2026-09-03T00:00:00Z,zewnatrz,va_humidity,62
2026-09-03T00:00:00Z,zewnatrz,va_temperature,19.7
2026-09-03T00:17:30Z,bf43cf664d6644420axva3,battery_state,high
2026-09-03T00:17:30Z,bf43cf664d6644420axva3,va_humidity,55
2026-09-03T00:17:30Z,bf43cf664d6644420axva3,va_temperature,23.6
2026-09-03T00:19:47Z,bf5741c97c96fa85b1d7do,battery_state,high
2026-09-03T00:19:47Z,bf5741c97c96fa85b1d7do,va_humidity,58
2026-09-03T00:19:47Z,bf5741c97c96fa85b1d7do,va_temperature,23.8
2026-09-03T00:25:31Z,bfd6f4f87fea9d866dvpve,va_humidity,58
2026-09-03T00:25:31Z,bfd6f4f87fea9d866dvpve,va_temperature,23.9
2026-09-03T00:25:32Z,bfd6f4f87fea9d866dvpve,battery_state,middle
2026-09-03T00:26:36Z,bf7e2a70935af7de78mjqt,va_humidity,53
2026-09-03T00:26:36Z,bf7e2a70935af7de78mjqt,va_temperature,24.2
2026-09-03T00:26:37Z,bf7e2a70935af7de78mjqt,battery_state,middle
2026-09-03T01:00:00Z,zewnatrz,va_humidity,66
2026-09-03T01:00:00Z,zewnatrz,va_temperature,18.8
2026-09-03T01:16:56Z,bf43cf664d6644420axva3,battery_state,high
2026-09-03T01:16:56Z,bf43cf664d6644420axva3,va_humidity,55
2026-09-03T01:16:56Z,bf43cf664d6644420axva3,va_temperature,23.6
2026-09-03T01:18:59Z,bf5741c97c96fa85b1d7do,battery_state,middle
2026-09-03T01:18:59Z,bf5741c97c96fa85b1d7do,va_humidity,58
2026-09-03T01:18:59Z,bf5741c97c96fa85b1d7do,va_temperature,23.7
2026-09-03T01:25:12Z,bfd6f4f87fea9d866dvpve,va_humidity,58
2026-09-03T01:25:12Z,bfd6f4f87fea9d866dvpve,va_temperature,23.9
2026-09-03T01:25:13Z,bfd6f4f87fea9d866dvpve,battery_state,middle
2026-09-03T01:26:11Z,bf7e2a70935af7de78mjqt,battery_state,middle
2026-09-03T01:26:11Z,bf7e2a70935af7de78mjqt,va_humidity,53
2026-09-03T01:26:11Z,bf7e2a70935af7de78mjqt,va_temperature,24.2
2026-09-03T02:00:00Z,zewnatrz,va_humidity,66
2026-09-03T02:00:00Z,zewnatrz,va_temperature,18.6
2026-09-03T02:16:22Z,bf43cf664d6644420axva3,battery_state,middle
2026-09-03T02:16:22Z,bf43cf664d6644420axva3,va_humidity,55
2026-09-03T02:16:22Z,bf43cf664d6644420axva3,va_temperature,23.6
2026-09-03T02:18:11Z,bf5741c97c96fa85b1d7do,battery_state,high
2026-09-03T02:18:11Z,bf5741c97c96fa85b1d7do,va_humidity,58
2026-09-03T02:18:11Z,bf5741c97c96fa85b1d7do,va_temperature,23.7
2026-09-03T02:24:53Z,bfd6f4f87fea9d866dvpve,battery_state,middle
2026-09-03T02:24:53Z,bfd6f4f87fea9d866dvpve,va_humidity,58
2026-09-03T02:24:53Z,bfd6f4f87fea9d866dvpve,va_temperature,23.9
2026-09-03T02:25:45Z,bf7e2a70935af7de78mjqt,battery_state,middle
2026-09-03T02:25:45Z,bf7e2a70935af7de78mjqt,va_humidity,53
2026-09-03T02:25:45Z,bf7e2a70935af7de78mjqt,va_temperature,24.2
2026-09-03T03:00:00Z,zewnatrz,va_humidity,67
2026-09-03T03:00:00Z,zewnatrz,va_temperature,18.4
2026-09-03T03:15:48Z,bf43cf664d6644420axva3,battery_state,high
2026-09-03T03:15:48Z,bf43cf664d6644420axva3,va_humidity,55
2026-09-03T03:15:48Z,bf43cf664d6644420axva3,va_temperature,23.6
2026-09-03T03:17:23Z,bf5741c97c96fa85b1d7do,va_temperature,23.7
2026-09-03T03:17:24Z,bf5741c97c96fa85b1d7do,battery_state,middle
2026-09-03T03:17:24Z,bf5741c97c96fa85b1d7do,va_humidity,58
2026-09-03T03:24:34Z,bfd6f4f87fea9d866dvpve,battery_state,middle
2026-09-03T03:24:34Z,bfd6f4f87fea9d866dvpve,va_humidity,58
2026-09-03T03:24:34Z,bfd6f4f87fea9d866dvpve,va_temperature,23.9
2026-09-03T03:25:20Z,bf7e2a70935af7de78mjqt,battery_state,middle
2026-09-03T03:25:20Z,bf7e2a70935af7de78mjqt,va_humidity,54
2026-09-03T03:25:20Z,bf7e2a70935af7de78mjqt,va_temperature,24.1
2026-09-03T04:00:00Z,zewnatrz,va_humidity,66
2026-09-03T04:00:00Z,zewnatrz,va_temperature,18.3
2026-09-03T04:15:14Z,bf43cf664d6644420axva3,va_humidity,55
2026-09-03T04:15:14Z,bf43cf664d6644420axva3,va_temperature,23.5
2026-09-03T04:15:15Z,bf43cf664d6644420axva3,battery_state,middle
2026-09-03T04:16:36Z,bf5741c97c96fa85b1d7do,va_humidity,58
2026-09-03T04:16:36Z,bf5741c97c96fa85b1d7do,va_temperature,23.6
2026-09-03T04:16:37Z,bf5741c97c96fa85b1d7do,battery_state,high
2026-09-03T04:24:16Z,bfd6f4f87fea9d866dvpve,battery_state,middle
2026-09-03T04:24:16Z,bfd6f4f87fea9d866dvpve,va_humidity,58
2026-09-03T04:24:16Z,bfd6f4f87fea9d866dvpve,va_temperature,23.9
2026-09-03T04:24:55Z,bf7e2a70935af7de78mjqt,battery_state,middle
2026-09-03T04:24:55Z,bf7e2a70935af7de78mjqt,va_humidity,54
2026-09-03T04:24:55Z,bf7e2a70935af7de78mjqt,va_temperature,24.1
2026-09-03T05:00:00Z,zewnatrz,va_humidity,74
2026-09-03T05:00:00Z,zewnatrz,va_temperature,16.9
2026-09-03T05:14:41Z,bf43cf664d6644420axva3,battery_state,high
2026-09-03T05:14:41Z,bf43cf664d6644420axva3,va_humidity,55
2026-09-03T05:14:41Z,bf43cf664d6644420axva3,va_temperature,23.5
2026-09-03T05:15:49Z,bf5741c97c96fa85b1d7do,battery_state,high
2026-09-03T05:15:49Z,bf5741c97c96fa85b1d7do,va_humidity,58
2026-09-03T05:15:49Z,bf5741c97c96fa85b1d7do,va_temperature,23.7
2026-09-03T05:23:58Z,bfd6f4f87fea9d866dvpve,battery_state,middle
2026-09-03T05:23:58Z,bfd6f4f87fea9d866dvpve,va_humidity,58
2026-09-03T05:23:58Z,bfd6f4f87fea9d866dvpve,va_temperature,23.9
2026-09-03T05:24:30Z,bf7e2a70935af7de78mjqt,battery_state,middle
2026-09-03T05:24:30Z,bf7e2a70935af7de78mjqt,va_humidity,54
2026-09-03T05:24:30Z,bf7e2a70935af7de78mjqt,va_temperature,24.1
2026-09-03T06:00:00Z,zewnatrz,va_humidity,68
2026-09-03T06:00:00Z,zewnatrz,va_temperature,17.9
2026-09-03T06:14:08Z,bf43cf664d6644420axva3,battery_state,middle
2026-09-03T06:14:08Z,bf43cf664d6644420axva3,va_humidity,55
2026-09-03T06:14:08Z,bf43cf664d6644420axva3,va_temperature,23.5
2026-09-03T06:15:02Z,bf5741c97c96fa85b1d7do,va_temperature,23.6
2026-09-03T06:15:03Z,bf5741c97c96fa85b1d7do,battery_state,high
2026-09-03T06:15:03Z,bf5741c97c96fa85b1d7do,va_humidity,58
2026-09-03T06:23:40Z,bfd6f4f87fea9d866dvpve,battery_state,middle
2026-09-03T06:23:40Z,bfd6f4f87fea9d866dvpve,va_humidity,58
2026-09-03T06:23:40Z,bfd6f4f87fea9d866dvpve,va_temperature,23.9
2026-09-03T06:24:05Z,bf7e2a70935af7de78mjqt,battery_state,middle
2026-09-03T06:24:05Z,bf7e2a70935af7de78mjqt,va_humidity,54
2026-09-03T06:24:05Z,bf7e2a70935af7de78mjqt,va_temperature,24.1
2026-09-03T07:00:00Z,zewnatrz,va_humidity,61
2026-09-03T07:00:00Z,zewnatrz,va_temperature,19.3
2026-09-03T07:13:34Z,bf43cf664d6644420axva3,va_humidity,55
2026-09-03T07:13:34Z,bf43cf664d6644420axva3,va_temperature,23.5
2026-09-03T07:13:35Z,bf43cf664d6644420axva3,battery_state,middle
2026-09-03T07:14:16Z,bf5741c97c96fa85b1d7do,battery_state,high
2026-09-03T07:14:16Z,bf5741c97c96fa85b1d7do,va_humidity,58
2026-09-03T07:14:16Z,bf5741c97c96fa85b1d7do,va_temperature,23.7
2026-09-03T07:23:22Z,bfd6f4f87fea9d866dvpve,battery_state,middle
2026-09-03T07:23:22Z,bfd6f4f87fea9d866dvpve,va_humidity,58
2026-09-03T07:23:22Z,bfd6f4f87fea9d866dvpve,va_temperature,23.9
2026-09-03T07:23:40Z,bf7e2a70935af7de78mjqt,battery_state,middle
2026-09-03T07:23:40Z,bf7e2a70935af7de78mjqt,va_humidity,54
2026-09-03T07:23:40Z,bf7e2a70935af7de78mjqt,va_temperature,24.1
2026-09-03T08:00:00Z,zewnatrz,va_humidity,54
2026-09-03T08:00:00Z,zewnatrz,va_temperature,21
2026-09-03T08:13:01Z,bf43cf664d6644420axva3,battery_state,middle
2026-09-03T08:13:01Z,bf43cf664d6644420axva3,va_humidity,55
2026-09-03T08:13:01Z,bf43cf664d6644420axva3,va_temperature,23.5
2026-09-03T08:13:29Z,bf5741c97c96fa85b1d7do,battery_state,high
2026-09-03T08:13:29Z,bf5741c97c96fa85b1d7do,va_humidity,58
2026-09-03T08:13:29Z,bf5741c97c96fa85b1d7do,va_temperature,23.8
2026-09-03T08:23:04Z,bfd6f4f87fea9d866dvpve,battery_state,middle
2026-09-03T08:23:04Z,bfd6f4f87fea9d866dvpve,va_humidity,58
2026-09-03T08:23:04Z,bfd6f4f87fea9d866dvpve,va_temperature,23.9
2026-09-03T08:23:14Z,bf7e2a70935af7de78mjqt,va_humidity,54
2026-09-03T08:23:14Z,bf7e2a70935af7de78mjqt,va_temperature,24.2
2026-09-03T08:23:15Z,bf7e2a70935af7de78mjqt,battery_state,middle
2026-09-03T09:00:00Z,zewnatrz,va_humidity,53
2026-09-03T09:00:00Z,zewnatrz,va_temperature,22.1
2026-09-03T09:12:27Z,bf43cf664d6644420axva3,va_humidity,55
2026-09-03T09:12:27Z,bf43cf664d6644420axva3,va_temperature,23.5
2026-09-03T09:12:28Z,bf43cf664d6644420axva3,battery_state,middle
2026-09-03T09:12:41Z,bf5741c97c96fa85b1d7do,va_humidity,58
2026-09-03T09:12:41Z,bf5741c97c96fa85b1d7do,va_temperature,23.9
2026-09-03T09:12:42Z,bf5741c97c96fa85b1d7do,battery_state,high
2026-09-03T09:22:44Z,bfd6f4f87fea9d866dvpve,va_humidity,59
2026-09-03T09:22:44Z,bfd6f4f87fea9d866dvpve,va_temperature,24
2026-09-03T09:22:45Z,bfd6f4f87fea9d866dvpve,battery_state,middle
2026-09-03T09:22:49Z,bf7e2a70935af7de78mjqt,battery_state,middle
2026-09-03T09:22:49Z,bf7e2a70935af7de78mjqt,va_humidity,53
2026-09-03T09:22:49Z,bf7e2a70935af7de78mjqt,va_temperature,24.4
2026-09-03T10:00:00Z,zewnatrz,va_humidity,52
2026-09-03T10:00:00Z,zewnatrz,va_temperature,22.2
2026-09-03T10:11:53Z,bf43cf664d6644420axva3,battery_state,middle
2026-09-03T10:11:53Z,bf43cf664d6644420axva3,va_humidity,56
2026-09-03T10:11:53Z,bf43cf664d6644420axva3,va_temperature,23.6
2026-09-03T10:11:54Z,bf5741c97c96fa85b1d7do,va_temperature,24.1
2026-09-03T10:11:55Z,bf5741c97c96fa85b1d7do,battery_state,high
2026-09-03T10:11:55Z,bf5741c97c96fa85b1d7do,va_humidity,58
2026-09-03T10:22:24Z,bf7e2a70935af7de78mjqt,battery_state,middle
2026-09-03T10:22:24Z,bf7e2a70935af7de78mjqt,va_humidity,53
2026-09-03T10:22:24Z,bf7e2a70935af7de78mjqt,va_temperature,24.5
2026-09-03T10:22:25Z,bfd6f4f87fea9d866dvpve,va_temperature,24
2026-09-03T10:22:26Z,bfd6f4f87fea9d866dvpve,battery_state,middle
2026-09-03T10:22:26Z,bfd6f4f87fea9d866dvpve,va_humidity,60
2026-09-03T11:00:00Z,zewnatrz,va_humidity,48
2026-09-03T11:00:00Z,zewnatrz,va_temperature,23.1
2026-09-03T11:11:08Z,bf5741c97c96fa85b1d7do,battery_state,high
2026-09-03T11:11:08Z,bf5741c97c96fa85b1d7do,va_humidity,58
2026-09-03T11:11:08Z,bf5741c97c96fa85b1d7do,va_temperature,24.2
2026-09-03T11:11:19Z,bf43cf664d6644420axva3,battery_state,middle
2026-09-03T11:11:19Z,bf43cf664d6644420axva3,va_humidity,56
2026-09-03T11:11:19Z,bf43cf664d6644420axva3,va_temperature,23.7
2026-09-03T11:21:59Z,bf7e2a70935af7de78mjqt,battery_state,middle
2026-09-03T11:21:59Z,bf7e2a70935af7de78mjqt,va_humidity,53
2026-09-03T11:21:59Z,bf7e2a70935af7de78mjqt,va_temperature,24.6
2026-09-03T11:22:06Z,bfd6f4f87fea9d866dvpve,battery_state,middle
2026-09-03T11:22:06Z,bfd6f4f87fea9d866dvpve,va_humidity,60
2026-09-03T11:22:06Z,bfd6f4f87fea9d866dvpve,va_temperature,24.1
2026-09-03T12:00:00Z,zewnatrz,va_humidity,44
2026-09-03T12:00:00Z,zewnatrz,va_temperature,24
2026-09-03T12:10:21Z,bf5741c97c96fa85b1d7do,battery_state,high
2026-09-03T12:10:21Z,bf5741c97c96fa85b1d7do,va_humidity,57
2026-09-03T12:10:21Z,bf5741c97c96fa85b1d7do,va_temperature,24.1
2026-09-03T12:10:45Z,bf43cf664d6644420axva3,battery_state,middle
2026-09-03T12:10:45Z,bf43cf664d6644420axva3,va_humidity,56
2026-09-03T12:10:45Z,bf43cf664d6644420axva3,va_temperature,23.7
2026-09-03T12:21:34Z,bf7e2a70935af7de78mjqt,battery_state,middle
2026-09-03T12:21:34Z,bf7e2a70935af7de78mjqt,va_humidity,53
2026-09-03T12:21:34Z,bf7e2a70935af7de78mjqt,va_temperature,24.6
2026-09-03T12:21:47Z,bfd6f4f87fea9d866dvpve,battery_state,middle
2026-09-03T12:21:47Z,bfd6f4f87fea9d866dvpve,va_humidity,60
2026-09-03T12:21:47Z,bfd6f4f87fea9d866dvpve,va_temperature,24.1
2026-09-03T13:00:00Z,zewnatrz,va_humidity,43
2026-09-03T13:00:00Z,zewnatrz,va_temperature,24
2026-09-03T13:09:33Z,bf5741c97c96fa85b1d7do,va_temperature,24.3
2026-09-03T13:09:34Z,bf5741c97c96fa85b1d7do,battery_state,high
2026-09-03T13:09:34Z,bf5741c97c96fa85b1d7do,va_humidity,58
2026-09-03T13:10:10Z,bf43cf664d6644420axva3,battery_state,middle
2026-09-03T13:10:10Z,bf43cf664d6644420axva3,va_humidity,56
2026-09-03T13:10:10Z,bf43cf664d6644420axva3,va_temperature,23.7
2026-09-03T13:21:08Z,bf7e2a70935af7de78mjqt,battery_state,middle
2026-09-03T13:21:08Z,bf7e2a70935af7de78mjqt,va_humidity,53
2026-09-03T13:21:08Z,bf7e2a70935af7de78mjqt,va_temperature,24.6
2026-09-03T13:21:28Z,bfd6f4f87fea9d866dvpve,va_humidity,60
2026-09-03T13:21:28Z,bfd6f4f87fea9d866dvpve,va_temperature,24.1
2026-09-03T13:21:29Z,bfd6f4f87fea9d866dvpve,battery_state,middle
2026-09-03T14:00:00Z,zewnatrz,va_humidity,42
2026-09-03T14:00:00Z,zewnatrz,va_temperature,24
2026-09-03T14:08:46Z,bf5741c97c96fa85b1d7do,battery_state,middle
2026-09-03T14:08:46Z,bf5741c97c96fa85b1d7do,va_humidity,57
2026-09-03T14:08:46Z,bf5741c97c96fa85b1d7do,va_temperature,24.2
2026-09-03T14:09:36Z,bf43cf664d6644420axva3,battery_state,high
2026-09-03T14:09:36Z,bf43cf664d6644420axva3,va_humidity,56
2026-09-03T14:09:36Z,bf43cf664d6644420axva3,va_temperature,23.8
2026-09-03T14:20:42Z,bf7e2a70935af7de78mjqt,va_temperature,24.6
2026-09-03T14:20:43Z,bf7e2a70935af7de78mjqt,battery_state,middle
2026-09-03T14:20:43Z,bf7e2a70935af7de78mjqt,va_humidity,53
2026-09-03T14:21:10Z,bfd6f4f87fea9d866dvpve,battery_state,middle
2026-09-03T14:21:10Z,bfd6f4f87fea9d866dvpve,va_humidity,60
2026-09-03T14:21:10Z,bfd6f4f87fea9d866dvpve,va_temperature,24.1
2026-09-03T15:00:00Z,zewnatrz,va_humidity,41
2026-09-03T15:00:00Z,zewnatrz,va_temperature,23.7
2026-09-03T15:07:59Z,bf5741c97c96fa85b1d7do,battery_state,high
2026-09-03T15:07:59Z,bf5741c97c96fa85b1d7do,va_humidity,58
2026-09-03T15:07:59Z,bf5741c97c96fa85b1d7do,va_temperature,24.2
2026-09-03T15:09:01Z,bf43cf664d6644420axva3,va_humidity,56
2026-09-03T15:09:01Z,bf43cf664d6644420axva3,va_temperature,23.8
2026-09-03T15:09:02Z,bf43cf664d6644420axva3,battery_state,high
2026-09-03T15:20:17Z,bf7e2a70935af7de78mjqt,va_humidity,53
2026-09-03T15:20:17Z,bf7e2a70935af7de78mjqt,va_temperature,24.6
2026-09-03T15:20:18Z,bf7e2a70935af7de78mjqt,battery_state,middle
2026-09-03T15:20:51Z,bfd6f4f87fea9d866dvpve,battery_state,middle
2026-09-03T15:20:51Z,bfd6f4f87fea9d866dvpve,va_humidity,60
2026-09-03T15:20:51Z,bfd6f4f87fea9d866dvpve,va_temperature,24.2
2026-09-03T16:00:00Z,zewnatrz,va_humidity,42
2026-09-03T16:00:00Z,zewnatrz,va_temperature,23.3
2026-09-03T16:07:11Z,bf5741c97c96fa85b1d7do,battery_state,middle
2026-09-03T16:07:11Z,bf5741c97c96fa85b1d7do,va_humidity,58
2026-09-03T16:07:11Z,bf5741c97c96fa85b1d7do,va_temperature,24.2
2026-09-03T16:08:27Z,bf43cf664d6644420axva3,va_humidity,56
2026-09-03T16:08:27Z,bf43cf664d6644420axva3,va_temperature,23.8
2026-09-03T16:08:28Z,bf43cf664d6644420axva3,battery_state,high
2026-09-03T16:19:52Z,bf7e2a70935af7de78mjqt,va_humidity,53
2026-09-03T16:19:52Z,bf7e2a70935af7de78mjqt,va_temperature,24.5
2026-09-03T16:19:53Z,bf7e2a70935af7de78mjqt,battery_state,middle
2026-09-03T16:20:32Z,bfd6f4f87fea9d866dvpve,battery_state,middle
2026-09-03T16:20:32Z,bfd6f4f87fea9d866dvpve,va_humidity,60
2026-09-03T16:20:32Z,bfd6f4f87fea9d866dvpve,va_temperature,24.2
2026-09-03T17:00:00Z,zewnatrz,va_humidity,43
2026-09-03T17:00:00Z,zewnatrz,va_temperature,22.7
2026-09-03T17:06:24Z,bf5741c97c96fa85b1d7do,battery_state,high
2026-09-03T17:06:24Z,bf5741c97c96fa85b1d7do,va_humidity,58
2026-09-03T17:06:24Z,bf5741c97c96fa85b1d7do,va_temperature,24.1
2026-09-03T17:07:53Z,bf43cf664d6644420axva3,battery_state,high
2026-09-03T17:07:53Z,bf43cf664d6644420axva3,va_humidity,55
2026-09-03T17:07:53Z,bf43cf664d6644420axva3,va_temperature,23.8
2026-09-03T17:19:27Z,bf7e2a70935af7de78mjqt,battery_state,middle
2026-09-03T17:19:27Z,bf7e2a70935af7de78mjqt,va_humidity,53
2026-09-03T17:19:27Z,bf7e2a70935af7de78mjqt,va_temperature,24.5
2026-09-03T17:20:13Z,bfd6f4f87fea9d866dvpve,battery_state,middle
2026-09-03T17:20:13Z,bfd6f4f87fea9d866dvpve,va_humidity,59
2026-09-03T17:20:13Z,bfd6f4f87fea9d866dvpve,va_temperature,24.2
2026-09-03T18:00:00Z,zewnatrz,va_humidity,42
2026-09-03T18:00:00Z,zewnatrz,va_temperature,22.1
2026-09-03T18:05:37Z,bf5741c97c96fa85b1d7do,battery_state,high
2026-09-03T18:05:37Z,bf5741c97c96fa85b1d7do,va_humidity,58
2026-09-03T18:05:37Z,bf5741c97c96fa85b1d7do,va_temperature,24
2026-09-03T18:07:18Z,bf43cf664d6644420axva3,battery_state,middle
2026-09-03T18:07:18Z,bf43cf664d6644420axva3,va_humidity,55
2026-09-03T18:07:18Z,bf43cf664d6644420axva3,va_temperature,23.8
2026-09-03T18:19:02Z,bf7e2a70935af7de78mjqt,battery_state,middle
2026-09-03T18:19:02Z,bf7e2a70935af7de78mjqt,va_humidity,53
2026-09-03T18:19:02Z,bf7e2a70935af7de78mjqt,va_temperature,24.4
2026-09-03T18:19:54Z,bfd6f4f87fea9d866dvpve,battery_state,middle
2026-09-03T18:19:54Z,bfd6f4f87fea9d866dvpve,va_humidity,58
2026-09-03T18:19:54Z,bfd6f4f87fea9d866dvpve,va_temperature,24.2
2026-09-03T19:00:00Z,zewnatrz,va_humidity,45
2026-09-03T19:00:00Z,zewnatrz,va_temperature,21.4
2026-09-03T19:04:50Z,bf5741c97c96fa85b1d7do,battery_state,middle
2026-09-03T19:04:50Z,bf5741c97c96fa85b1d7do,va_humidity,57
2026-09-03T19:04:50Z,bf5741c97c96fa85b1d7do,va_temperature,23.9
2026-09-03T19:06:43Z,bf43cf664d6644420axva3,va_temperature,23.7
2026-09-03T19:06:44Z,bf43cf664d6644420axva3,battery_state,high
2026-09-03T19:06:44Z,bf43cf664d6644420axva3,va_humidity,55
2026-09-03T19:18:37Z,bf7e2a70935af7de78mjqt,battery_state,middle
2026-09-03T19:18:37Z,bf7e2a70935af7de78mjqt,va_humidity,53
2026-09-03T19:18:37Z,bf7e2a70935af7de78mjqt,va_temperature,24.3
2026-09-03T19:19:35Z,bfd6f4f87fea9d866dvpve,battery_state,middle
2026-09-03T19:19:35Z,bfd6f4f87fea9d866dvpve,va_humidity,58
2026-09-03T19:19:35Z,bfd6f4f87fea9d866dvpve,va_temperature,24.1
2026-09-03T20:00:00Z,zewnatrz,va_humidity,48
2026-09-03T20:00:00Z,zewnatrz,va_temperature,20.8
2026-09-03T20:04:03Z,bf5741c97c96fa85b1d7do,battery_state,high
2026-09-03T20:04:03Z,bf5741c97c96fa85b1d7do,va_humidity,57
2026-09-03T20:04:03Z,bf5741c97c96fa85b1d7do,va_temperature,23.8
2026-09-03T20:06:09Z,bf43cf664d6644420axva3,va_temperature,23.7
2026-09-03T20:06:10Z,bf43cf664d6644420axva3,battery_state,high
2026-09-03T20:06:10Z,bf43cf664d6644420axva3,va_humidity,55
2026-09-03T20:18:11Z,bf7e2a70935af7de78mjqt,va_humidity,53
2026-09-03T20:18:11Z,bf7e2a70935af7de78mjqt,va_temperature,24.3
2026-09-03T20:18:12Z,bf7e2a70935af7de78mjqt,battery_state,middle
2026-09-03T20:19:16Z,bfd6f4f87fea9d866dvpve,battery_state,middle
2026-09-03T20:19:16Z,bfd6f4f87fea9d866dvpve,va_humidity,57
2026-09-03T20:19:16Z,bfd6f4f87fea9d866dvpve,va_temperature,24.1
2026-09-03T21:00:00Z,zewnatrz,va_humidity,50
2026-09-03T21:00:00Z,zewnatrz,va_temperature,20.7
2026-09-03T21:03:16Z,bf5741c97c96fa85b1d7do,battery_state,high
2026-09-03T21:03:16Z,bf5741c97c96fa85b1d7do,va_humidity,57
2026-09-03T21:03:16Z,bf5741c97c96fa85b1d7do,va_temperature,23.8
2026-09-03T21:05:35Z,bf43cf664d6644420axva3,battery_state,middle
2026-09-03T21:05:35Z,bf43cf664d6644420axva3,va_humidity,55
2026-09-03T21:05:35Z,bf43cf664d6644420axva3,va_temperature,23.6
2026-09-03T21:17:46Z,bf7e2a70935af7de78mjqt,battery_state,middle
2026-09-03T21:17:46Z,bf7e2a70935af7de78mjqt,va_humidity,53
2026-09-03T21:17:46Z,bf7e2a70935af7de78mjqt,va_temperature,24.3
2026-09-03T21:18:56Z,bfd6f4f87fea9d866dvpve,va_humidity,57
2026-09-03T21:18:56Z,bfd6f4f87fea9d866dvpve,va_temperature,24.1
2026-09-03T21:18:57Z,bfd6f4f87fea9d866dvpve,battery_state,middle
2026-09-03T22:00:00Z,zewnatrz,va_humidity,50
2026-09-03T22:00:00Z,zewnatrz,va_temperature,20.4
2026-09-03T22:02:29Z,bf5741c97c96fa85b1d7do,battery_state,middle
2026-09-03T22:02:29Z,bf5741c97c96fa85b1d7do,va_humidity,57
2026-09-03T22:02:29Z,bf5741c97c96fa85b1d7do,va_temperature,23.7
2026-09-03T22:05:01Z,bf43cf664d6644420axva3,battery_state,middle
2026-09-03T22:05:01Z,bf43cf664d6644420axva3,va_humidity,55
2026-09-03T22:05:01Z,bf43cf664d6644420axva3,va_temperature,23.6
2026-09-03T22:17:21Z,bf7e2a70935af7de78mjqt,battery_state,middle
2026-09-03T22:17:21Z,bf7e2a70935af7de78mjqt,va_humidity,53
2026-09-03T22:17:21Z,bf7e2a70935af7de78mjqt,va_temperature,24.2
2026-09-03T22:18:37Z,bfd6f4f87fea9d866dvpve,battery_state,middle
2026-09-03T22:18:37Z,bfd6f4f87fea9d866dvpve,va_humidity,57
2026-09-03T22:18:37Z,bfd6f4f87fea9d866dvpve,va_temperature,24.1
2026-09-03T23:00:00Z,zewnatrz,va_humidity,51
2026-09-03T23:00:00Z,zewnatrz,va_temperature,20.1
2026-09-03T23:01:42Z,bf5741c97c96fa85b1d7do,va_temperature,23.7
2026-09-03T23:01:43Z,bf5741c97c96fa85b1d7do,battery_state,high
2026-09-03T23:01:43Z,bf5741c97c96fa85b1d7do,va_humidity,57
2026-09-03T23:04:27Z,bf43cf664d6644420axva3,battery_state,middle
2026-09-03T23:04:27Z,bf43cf664d6644420axva3,va_humidity,55
2026-09-03T23:04:27Z,bf43cf664d6644420axva3,va_temperature,23.6
2026-09-03T23:16:55Z,bf7e2a70935af7de78mjqt,battery_state,middle
2026-09-03T23:16:55Z,bf7e2a70935af7de78mjqt,va_humidity,53
2026-09-03T23:16:55Z,bf7e2a70935af7de78mjqt,va_temperature,24.1
2026-09-03T23:18:17Z,bfd6f4f87fea9d866dvpve,va_temperature,24.1
2026-09-03T23:18:18Z,bfd6f4f87fea9d866dvpve,battery_state,middle
2026-09-03T23:18:18Z,bfd6f4f87fea9d866dvpve,va_humidity,57
2026-09-04T00:00:00Z,zewnatrz,va_humidity,57
2026-09-04T00:00:00Z,zewnatrz,va_temperature,19.8
2026-09-04T00:00:56Z,bf5741c97c96fa85b1d7do,battery_state,high
2026-09-04T00:00:56Z,bf5741c97c96fa85b1d7do,va_humidity,57
2026-09-04T00:00:56Z,bf5741c97c96fa85b1d7do,va_temperature,23.7
2026-09-04T00:03:52Z,bf43cf664d6644420axva3,va_temperature,23.5
2026-09-04T00:03:53Z,bf43cf664d6644420axva3,battery_state,middle
2026-09-04T00:03:53Z,bf43cf664d6644420axva3,va_humidity,55
2026-09-04T00:16:29Z,bf7e2a70935af7de78mjqt,battery_state,middle
2026-09-04T00:16:29Z,bf7e2a70935af7de78mjqt,va_humidity,53
2026-09-04T00:16:29Z,bf7e2a70935af7de78mjqt,va_temperature,24.1
2026-09-04T00:17:58Z,bfd6f4f87fea9d866dvpve,va_humidity,57
2026-09-04T00:17:58Z,bfd6f4f87fea9d866dvpve,va_temperature,24
2026-09-04T00:17:59Z,bfd6f4f87fea9d866dvpve,battery_state,middle
2026-09-04T01:00:00Z,zewnatrz,va_humidity,57
2026-09-04T01:00:00Z,zewnatrz,va_temperature,19.4
2026-09-04T01:00:09Z,bf5741c97c96fa85b1d7do,va_temperature,23.7
2026-09-04T01:00:10Z,bf5741c97c96fa85b1d7do,battery_state,middle
2026-09-04T01:00:10Z,bf5741c97c96fa85b1d7do,va_humidity,57
2026-09-04T01:03:18Z,bf43cf664d6644420axva3,va_temperature,23.5
2026-09-04T01:03:19Z,bf43cf664d6644420axva3,battery_state,high
2026-09-04T01:03:19Z,bf43cf664d6644420axva3,va_humidity,54
2026-09-04T01:16:04Z,bf7e2a70935af7de78mjqt,battery_state,middle
2026-09-04T01:16:04Z,bf7e2a70935af7de78mjqt,va_humidity,53
2026-09-04T01:16:04Z,bf7e2a70935af7de78mjqt,va_temperature,24.1
2026-09-04T01:17:39Z,bfd6f4f87fea9d866dvpve,battery_state,middle
2026-09-04T01:17:39Z,bfd6f4f87fea9d866dvpve,va_humidity,57
2026-09-04T01:17:39Z,bfd6f4f87fea9d866dvpve,va_temperature,24
2026-09-04T01:59:23Z,bf5741c97c96fa85b1d7do,battery_state,high
2026-09-04T01:59:23Z,bf5741c97c96fa85b1d7do,va_humidity,57
2026-09-04T01:59:23Z,bf5741c97c96fa85b1d7do,va_temperature,23.6
2026-09-04T02:00:00Z,zewnatrz,va_humidity,60
2026-09-04T02:00:00Z,zewnatrz,va_temperature,19.3
2026-09-04T02:02:45Z,bf43cf664d6644420axva3,battery_state,middle
2026-09-04T02:02:45Z,bf43cf664d6644420axva3,va_humidity,54
2026-09-04T02:02:45Z,bf43cf664d6644420axva3,va_temperature,23.5
2026-09-04T02:15:38Z,bf7e2a70935af7de78mjqt,va_temperature,24.1
2026-09-04T02:15:39Z,bf7e2a70935af7de78mjqt,battery_state,middle
2026-09-04T02:15:39Z,bf7e2a70935af7de78mjqt,va_humidity,53
2026-09-04T02:17:20Z,bfd6f4f87fea9d866dvpve,va_humidity,57
2026-09-04T02:17:20Z,bfd6f4f87fea9d866dvpve,va_temperature,24
2026-09-04T02:17:21Z,bfd6f4f87fea9d866dvpve,battery_state,middle
2026-09-04T02:58:36Z,bf5741c97c96fa85b1d7do,battery_state,middle
2026-09-04T02:58:36Z,bf5741c97c96fa85b1d7do,va_humidity,57
2026-09-04T02:58:36Z,bf5741c97c96fa85b1d7do,va_temperature,23.7
2026-09-04T03:00:00Z,zewnatrz,va_humidity,60
2026-09-04T03:00:00Z,zewnatrz,va_temperature,19.1
2026-09-04T03:02:10Z,bf43cf664d6644420axva3,va_humidity,55
2026-09-04T03:02:10Z,bf43cf664d6644420axva3,va_temperature,23.5
2026-09-04T03:02:11Z,bf43cf664d6644420axva3,battery_state,high
2026-09-04T03:15:13Z,bf7e2a70935af7de78mjqt,va_humidity,53
2026-09-04T03:15:13Z,bf7e2a70935af7de78mjqt,va_temperature,24
2026-09-04T03:15:14Z,bf7e2a70935af7de78mjqt,battery_state,middle
2026-09-04T03:17:01Z,bfd6f4f87fea9d866dvpve,battery_state,middle
2026-09-04T03:17:01Z,bfd6f4f87fea9d866dvpve,va_humidity,57
2026-09-04T03:17:01Z,bfd6f4f87fea9d866dvpve,va_temperature,24
2026-09-04T03:57:49Z,bf5741c97c96fa85b1d7do,battery_state,high
2026-09-04T03:57:49Z,bf5741c97c96fa85b1d7do,va_humidity,57
2026-09-04T03:57:49Z,bf5741c97c96fa85b1d7do,va_temperature,23.5
2026-09-04T04:00:00Z,zewnatrz,va_humidity,63
2026-09-04T04:00:00Z,zewnatrz,va_temperature,18.7
2026-09-04T04:14:48Z,bf7e2a70935af7de78mjqt,battery_state,middle
2026-09-04T04:14:48Z,bf7e2a70935af7de78mjqt,va_humidity,53
2026-09-04T04:14:48Z,bf7e2a70935af7de78mjqt,va_temperature,24
2026-09-04T04:16:42Z,bfd6f4f87fea9d866dvpve,battery_state,middle
2026-09-04T04:16:42Z,bfd6f4f87fea9d866dvpve,va_humidity,57
2026-09-04T04:16:42Z,bfd6f4f87fea9d866dvpve,va_temperature,24
2026-09-04T04:57:02Z,bf5741c97c96fa85b1d7do,battery_state,high
2026-09-04T04:57:02Z,bf5741c97c96fa85b1d7do,va_humidity,58
2026-09-04T04:57:02Z,bf5741c97c96fa85b1d7do,va_temperature,23.5
2026-09-04T05:00:00Z,zewnatrz,va_humidity,66
2026-09-04T05:00:00Z,zewnatrz,va_temperature,18.7
2026-09-04T05:01:02Z,bf43cf664d6644420axva3,battery_state,high
2026-09-04T05:01:02Z,bf43cf664d6644420axva3,va_humidity,55
2026-09-04T05:01:02Z,bf43cf664d6644420axva3,va_temperature,23.4
2026-09-04T05:14:22Z,bf7e2a70935af7de78mjqt,battery_state,middle
2026-09-04T05:14:22Z,bf7e2a70935af7de78mjqt,va_humidity,53
2026-09-04T05:14:22Z,bf7e2a70935af7de78mjqt,va_temperature,24
2026-09-04T05:16:22Z,bfd6f4f87fea9d866dvpve,battery_state,middle
2026-09-04T05:16:22Z,bfd6f4f87fea9d866dvpve,va_humidity,57
2026-09-04T05:16:22Z,bfd6f4f87fea9d866dvpve,va_temperature,24
2026-09-04T05:56:15Z,bf5741c97c96fa85b1d7do,battery_state,high
2026-09-04T05:56:15Z,bf5741c97c96fa85b1d7do,va_humidity,58
2026-09-04T05:56:15Z,bf5741c97c96fa85b1d7do,va_temperature,23.6
2026-09-04T06:00:00Z,zewnatrz,va_humidity,67
2026-09-04T06:00:00Z,zewnatrz,va_temperature,18.9
2026-09-04T06:00:28Z,bf43cf664d6644420axva3,battery_state,middle
2026-09-04T06:00:28Z,bf43cf664d6644420axva3,va_humidity,55
2026-09-04T06:00:28Z,bf43cf664d6644420axva3,va_temperature,23.4
2026-09-04T06:13:56Z,bf7e2a70935af7de78mjqt,battery_state,middle
2026-09-04T06:13:56Z,bf7e2a70935af7de78mjqt,va_humidity,53
2026-09-04T06:13:56Z,bf7e2a70935af7de78mjqt,va_temperature,24
2026-09-04T06:16:03Z,bfd6f4f87fea9d866dvpve,battery_state,middle
2026-09-04T06:16:03Z,bfd6f4f87fea9d866dvpve,va_humidity,57
2026-09-04T06:16:03Z,bfd6f4f87fea9d866dvpve,va_temperature,23.9
2026-09-04T06:55:28Z,bf5741c97c96fa85b1d7do,battery_state,middle
2026-09-04T06:55:28Z,bf5741c97c96fa85b1d7do,va_humidity,58
2026-09-04T06:55:28Z,bf5741c97c96fa85b1d7do,va_temperature,23.6
2026-09-04T06:59:54Z,bf43cf664d6644420axva3,va_temperature,23.4
2026-09-04T06:59:55Z,bf43cf664d6644420axva3,battery_state,middle
2026-09-04T06:59:55Z,bf43cf664d6644420axva3,va_humidity,55
2026-09-04T07:00:00Z,zewnatrz,va_humidity,67
2026-09-04T07:00:00Z,zewnatrz,va_temperature,18.9
2026-09-04T07:13:30Z,bf7e2a70935af7de78mjqt,battery_state,middle
2026-09-04T07:13:30Z,bf7e2a70935af7de78mjqt,va_humidity,53
2026-09-04T07:13:30Z,bf7e2a70935af7de78mjqt,va_temperature,24
2026-09-04T07:15:44Z,bfd6f4f87fea9d866dvpve,battery_state,middle
2026-09-04T07:15:44Z,bfd6f4f87fea9d866dvpve,va_humidity,58
2026-09-04T07:15:44Z,bfd6f4f87fea9d866dvpve,va_temperature,23.9
2026-09-04T07:54:41Z,bf5741c97c96fa85b1d7do,battery_state,high
2026-09-04T07:54:41Z,bf5741c97c96fa85b1d7do,va_humidity,58
2026-09-04T07:54:41Z,bf5741c97c96fa85b1d7do,va_temperature,23.7
2026-09-04T07:59:20Z,bf43cf664d6644420axva3,battery_state,middle
2026-09-04T07:59:20Z,bf43cf664d6644420axva3,va_humidity,55
2026-09-04T07:59:20Z,bf43cf664d6644420axva3,va_temperature,23.5
2026-09-04T08:00:00Z,zewnatrz,va_humidity,63
2026-09-04T08:00:00Z,zewnatrz,va_temperature,19.9
2026-09-04T08:13:04Z,bf7e2a70935af7de78mjqt,va_humidity,53
2026-09-04T08:13:04Z,bf7e2a70935af7de78mjqt,va_temperature,24.1
2026-09-04T08:13:05Z,bf7e2a70935af7de78mjqt,battery_state,middle
2026-09-04T08:15:25Z,bfd6f4f87fea9d866dvpve,va_humidity,58
2026-09-04T08:15:25Z,bfd6f4f87fea9d866dvpve,va_temperature,24
2026-09-04T08:15:26Z,bfd6f4f87fea9d866dvpve,battery_state,middle
2026-09-04T08:53:54Z,bf5741c97c96fa85b1d7do,battery_state,middle
2026-09-04T08:53:54Z,bf5741c97c96fa85b1d7do,va_humidity,58
2026-09-04T08:53:54Z,bf5741c97c96fa85b1d7do,va_temperature,23.9
2026-09-04T08:58:46Z,bf43cf664d6644420axva3,battery_state,middle
2026-09-04T08:58:46Z,bf43cf664d6644420axva3,va_humidity,56
2026-09-04T08:58:46Z,bf43cf664d6644420axva3,va_temperature,23.5
2026-09-04T09:00:00Z,zewnatrz,va_humidity,57
2026-09-04T09:00:00Z,zewnatrz,va_temperature,21.6
2026-09-04T09:12:39Z,bf7e2a70935af7de78mjqt,battery_state,middle
2026-09-04T09:12:39Z,bf7e2a70935af7de78mjqt,va_humidity,53
2026-09-04T09:12:39Z,bf7e2a70935af7de78mjqt,va_temperature,24.3
2026-09-04T09:15:07Z,bfd6f4f87fea9d866dvpve,battery_state,middle
2026-09-04T09:15:07Z,bfd6f4f87fea9d866dvpve,va_humidity,58
2026-09-04T09:15:07Z,bfd6f4f87fea9d866dvpve,va_temperature,23.9
2026-09-04T09:53:06Z,bf5741c97c96fa85b1d7do,va_temperature,24
2026-09-04T09:53:07Z,bf5741c97c96fa85b1d7do,battery_state,high
2026-09-04T09:53:07Z,bf5741c97c96fa85b1d7do,va_humidity,58
2026-09-04T09:58:11Z,bf43cf664d6644420axva3,va_temperature,23.6
2026-09-04T09:58:12Z,bf43cf664d6644420axva3,battery_state,middle
2026-09-04T09:58:12Z,bf43cf664d6644420axva3,va_humidity,56
2026-09-04T10:00:00Z,zewnatrz,va_humidity,56
2026-09-04T10:00:00Z,zewnatrz,va_temperature,22.8
2026-09-04T10:12:13Z,bf7e2a70935af7de78mjqt,va_temperature,24.4
2026-09-04T10:12:14Z,bf7e2a70935af7de78mjqt,battery_state,middle
2026-09-04T10:12:14Z,bf7e2a70935af7de78mjqt,va_humidity,53
2026-09-04T10:14:48Z,bfd6f4f87fea9d866dvpve,va_humidity,59
2026-09-04T10:14:48Z,bfd6f4f87fea9d866dvpve,va_temperature,24
2026-09-04T10:14:49Z,bfd6f4f87fea9d866dvpve,battery_state,middle
2026-09-04T10:52:19Z,bf5741c97c96fa85b1d7do,va_humidity,58
2026-09-04T10:52:19Z,bf5741c97c96fa85b1d7do,va_temperature,24.2
2026-09-04T10:52:20Z,bf5741c97c96fa85b1d7do,battery_state,high
2026-09-04T10:57:37Z,bf43cf664d6644420axva3,battery_state,middle
2026-09-04T10:57:37Z,bf43cf664d6644420axva3,va_humidity,56
2026-09-04T10:57:37Z,bf43cf664d6644420axva3,va_temperature,23.6
2026-09-04T11:00:00Z,zewnatrz,va_humidity,52
2026-09-04T11:00:00Z,zewnatrz,va_temperature,23.7
2026-09-04T11:11:48Z,bf7e2a70935af7de78mjqt,battery_state,middle
2026-09-04T11:11:48Z,bf7e2a70935af7de78mjqt,va_humidity,53
2026-09-04T11:11:48Z,bf7e2a70935af7de78mjqt,va_temperature,24.5
2026-09-04T11:14:29Z,bfd6f4f87fea9d866dvpve,battery_state,middle
2026-09-04T11:14:29Z,bfd6f4f87fea9d866dvpve,va_humidity,59
2026-09-04T11:14:29Z,bfd6f4f87fea9d866dvpve,va_temperature,24
2026-09-04T11:51:32Z,bf5741c97c96fa85b1d7do,battery_state,high
2026-09-04T11:51:32Z,bf5741c97c96fa85b1d7do,va_humidity,58
2026-09-04T11:51:32Z,bf5741c97c96fa85b1d7do,va_temperature,24.1
2026-09-04T11:57:02Z,bf43cf664d6644420axva3,battery_state,high
2026-09-04T11:57:02Z,bf43cf664d6644420axva3,va_humidity,56
2026-09-04T11:57:02Z,bf43cf664d6644420axva3,va_temperature,23.6
2026-09-04T12:00:00Z,zewnatrz,va_humidity,49
2026-09-04T12:00:00Z,zewnatrz,va_temperature,24.7
2026-09-04T12:11:23Z,bf7e2a70935af7de78mjqt,battery_state,middle
2026-09-04T12:11:23Z,bf7e2a70935af7de78mjqt,va_humidity,54
2026-09-04T12:11:23Z,bf7e2a70935af7de78mjqt,va_temperature,24.5
2026-09-04T12:14:10Z,bfd6f4f87fea9d866dvpve,va_humidity,59
2026-09-04T12:14:10Z,bfd6f4f87fea9d866dvpve,va_temperature,24
2026-09-04T12:14:11Z,bfd6f4f87fea9d866dvpve,battery_state,middle
2026-09-04T12:50:45Z,bf5741c97c96fa85b1d7do,va_temperature,24.1
2026-09-04T12:50:46Z,bf5741c97c96fa85b1d7do,battery_state,high
2026-09-04T12:50:46Z,bf5741c97c96fa85b1d7do,va_humidity,59
2026-09-04T12:56:28Z,bf43cf664d6644420axva3,battery_state,high
2026-09-04T12:56:28Z,bf43cf664d6644420axva3,va_humidity,56
2026-09-04T12:56:28Z,bf43cf664d6644420axva3,va_temperature,23.7
2026-09-04T13:00:00Z,zewnatrz,va_humidity,48
2026-09-04T13:00:00Z,zewnatrz,va_temperature,25.7
2026-09-04T13:10:58Z,bf7e2a70935af7de78mjqt,battery_state,middle
2026-09-04T13:10:58Z,bf7e2a70935af7de78mjqt,va_humidity,54
2026-09-04T13:10:58Z,bf7e2a70935af7de78mjqt,va_temperature,24.5
2026-09-04T13:13:52Z,bfd6f4f87fea9d866dvpve,battery_state,middle
2026-09-04T13:13:52Z,bfd6f4f87fea9d866dvpve,va_humidity,60
2026-09-04T13:13:52Z,bfd6f4f87fea9d866dvpve,va_temperature,24.1
2026-09-04T13:49:58Z,bf5741c97c96fa85b1d7do,va_temperature,24.2
2026-09-04T13:49:59Z,bf5741c97c96fa85b1d7do,battery_state,middle
2026-09-04T13:49:59Z,bf5741c97c96fa85b1d7do,va_humidity,60
2026-09-04T13:55:54Z,bf43cf664d6644420axva3,battery_state,middle
2026-09-04T13:55:54Z,bf43cf664d6644420axva3,va_humidity,57
2026-09-04T13:55:54Z,bf43cf664d6644420axva3,va_temperature,23.7
2026-09-04T14:00:00Z,zewnatrz,va_humidity,47
2026-09-04T14:00:00Z,zewnatrz,va_temperature,26.2
2026-09-04T14:10:33Z,bf7e2a70935af7de78mjqt,battery_state,middle
2026-09-04T14:10:33Z,bf7e2a70935af7de78mjqt,va_humidity,54
2026-09-04T14:10:33Z,bf7e2a70935af7de78mjqt,va_temperature,24.5
2026-09-04T14:13:33Z,bfd6f4f87fea9d866dvpve,battery_state,middle
2026-09-04T14:13:33Z,bfd6f4f87fea9d866dvpve,va_humidity,60
2026-09-04T14:13:33Z,bfd6f4f87fea9d866dvpve,va_temperature,24.1
2026-09-04T14:49:11Z,bf5741c97c96fa85b1d7do,battery_state,high
2026-09-04T14:49:11Z,bf5741c97c96fa85b1d7do,va_humidity,60
2026-09-04T14:49:11Z,bf5741c97c96fa85b1d7do,va_temperature,24.1
2026-09-04T14:55:20Z,bf43cf664d6644420axva3,battery_state,middle
2026-09-04T14:55:20Z,bf43cf664d6644420axva3,va_humidity,57
2026-09-04T14:55:20Z,bf43cf664d6644420axva3,va_temperature,23.7
2026-09-04T15:00:00Z,zewnatrz,va_humidity,47
2026-09-04T15:00:00Z,zewnatrz,va_temperature,25.8
2026-09-04T15:10:08Z,bf7e2a70935af7de78mjqt,battery_state,middle
2026-09-04T15:10:08Z,bf7e2a70935af7de78mjqt,va_humidity,54
2026-09-04T15:10:08Z,bf7e2a70935af7de78mjqt,va_temperature,24.5
2026-09-04T15:13:14Z,bfd6f4f87fea9d866dvpve,battery_state,middle
2026-09-04T15:13:14Z,bfd6f4f87fea9d866dvpve,va_humidity,60
2026-09-04T15:13:14Z,bfd6f4f87fea9d866dvpve,va_temperature,24.1
2026-09-04T15:48:24Z,bf5741c97c96fa85b1d7do,battery_state,high
2026-09-04T15:48:24Z,bf5741c97c96fa85b1d7do,va_humidity,60
2026-09-04T15:48:24Z,bf5741c97c96fa85b1d7do,va_temperature,24.1
2026-09-04T15:54:46Z,bf43cf664d6644420axva3,va_temperature,23.7
2026-09-04T15:54:47Z,bf43cf664d6644420axva3,battery_state,middle
2026-09-04T15:54:47Z,bf43cf664d6644420axva3,va_humidity,57
2026-09-04T16:00:00Z,zewnatrz,va_humidity,47
2026-09-04T16:00:00Z,zewnatrz,va_temperature,26
2026-09-04T16:09:43Z,bf7e2a70935af7de78mjqt,battery_state,middle
2026-09-04T16:09:43Z,bf7e2a70935af7de78mjqt,va_humidity,54
2026-09-04T16:09:43Z,bf7e2a70935af7de78mjqt,va_temperature,24.5
2026-09-04T16:12:55Z,bfd6f4f87fea9d866dvpve,battery_state,middle
2026-09-04T16:12:55Z,bfd6f4f87fea9d866dvpve,va_humidity,60
2026-09-04T16:12:55Z,bfd6f4f87fea9d866dvpve,va_temperature,24.1
2026-09-04T16:47:37Z,bf5741c97c96fa85b1d7do,va_humidity,60
2026-09-04T16:47:37Z,bf5741c97c96fa85b1d7do,va_temperature,24.1
2026-09-04T16:47:38Z,bf5741c97c96fa85b1d7do,battery_state,high
2026-09-04T16:54:13Z,bf43cf664d6644420axva3,battery_state,middle
2026-09-04T16:54:13Z,bf43cf664d6644420axva3,va_humidity,57
2026-09-04T16:54:13Z,bf43cf664d6644420axva3,va_temperature,23.7
2026-09-04T17:00:00Z,zewnatrz,va_humidity,48
2026-09-04T17:00:00Z,zewnatrz,va_temperature,25.4
2026-09-04T17:09:18Z,bf7e2a70935af7de78mjqt,battery_state,middle
2026-09-04T17:09:18Z,bf7e2a70935af7de78mjqt,va_humidity,54
2026-09-04T17:09:18Z,bf7e2a70935af7de78mjqt,va_temperature,24.4
2026-09-04T17:12:36Z,bfd6f4f87fea9d866dvpve,va_humidity,60
2026-09-04T17:12:36Z,bfd6f4f87fea9d866dvpve,va_temperature,24.1
2026-09-04T17:12:37Z,bfd6f4f87fea9d866dvpve,battery_state,middle
2026-09-04T17:46:50Z,bf5741c97c96fa85b1d7do,va_temperature,24
2026-09-04T17:46:51Z,bf5741c97c96fa85b1d7do,battery_state,high
2026-09-04T17:46:51Z,bf5741c97c96fa85b1d7do,va_humidity,60
2026-09-04T17:53:39Z,bf43cf664d6644420axva3,battery_state,high
2026-09-04T17:53:39Z,bf43cf664d6644420axva3,va_humidity,56
2026-09-04T17:53:39Z,bf43cf664d6644420axva3,va_temperature,23.7
2026-09-04T18:00:00Z,zewnatrz,va_humidity,51
2026-09-04T18:00:00Z,zewnatrz,va_temperature,24.5
2026-09-04T18:08:53Z,bf7e2a70935af7de78mjqt,va_humidity,54
2026-09-04T18:08:53Z,bf7e2a70935af7de78mjqt,va_temperature,24.4
2026-09-04T18:08:54Z,bf7e2a70935af7de78mjqt,battery_state,middle
2026-09-04T18:12:17Z,bfd6f4f87fea9d866dvpve,va_humidity,60
2026-09-04T18:12:17Z,bfd6f4f87fea9d866dvpve,va_temperature,24.1
2026-09-04T18:12:18Z,bfd6f4f87fea9d866dvpve,battery_state,middle
2026-09-04T18:46:03Z,bf5741c97c96fa85b1d7do,va_humidity,60
2026-09-04T18:46:03Z,bf5741c97c96fa85b1d7do,va_temperature,24
2026-09-04T18:46:04Z,bf5741c97c96fa85b1d7do,battery_state,high
2026-09-04T18:53:04Z,bf43cf664d6644420axva3,va_temperature,23.7
2026-09-04T18:53:05Z,bf43cf664d6644420axva3,battery_state,middle
2026-09-04T18:53:05Z,bf43cf664d6644420axva3,va_humidity,56
2026-09-04T19:00:00Z,zewnatrz,va_humidity,50
2026-09-04T19:00:00Z,zewnatrz,va_temperature,23.8
2026-09-04T19:08:28Z,bf7e2a70935af7de78mjqt,va_humidity,55
2026-09-04T19:08:28Z,bf7e2a70935af7de78mjqt,va_temperature,24.3
2026-09-04T19:08:29Z,bf7e2a70935af7de78mjqt,battery_state,middle
2026-09-04T19:11:59Z,bfd6f4f87fea9d866dvpve,battery_state,middle
2026-09-04T19:11:59Z,bfd6f4f87fea9d866dvpve,va_humidity,60
2026-09-04T19:11:59Z,bfd6f4f87fea9d866dvpve,va_temperature,24.1
2026-09-04T19:45:16Z,bf5741c97c96fa85b1d7do,va_humidity,60
2026-09-04T19:45:16Z,bf5741c97c96fa85b1d7do,va_temperature,23.9
2026-09-04T19:45:17Z,bf5741c97c96fa85b1d7do,battery_state,high
2026-09-04T19:52:31Z,bf43cf664d6644420axva3,battery_state,middle
2026-09-04T19:52:31Z,bf43cf664d6644420axva3,va_humidity,56
2026-09-04T19:52:31Z,bf43cf664d6644420axva3,va_temperature,23.7
2026-09-04T20:00:00Z,zewnatrz,va_humidity,50
2026-09-04T20:00:00Z,zewnatrz,va_temperature,23.8
2026-09-04T20:08:03Z,bf7e2a70935af7de78mjqt,va_humidity,55
2026-09-04T20:08:03Z,bf7e2a70935af7de78mjqt,va_temperature,24.3
2026-09-04T20:08:04Z,bf7e2a70935af7de78mjqt,battery_state,middle
2026-09-04T20:11:40Z,bfd6f4f87fea9d866dvpve,battery_state,middle
2026-09-04T20:11:40Z,bfd6f4f87fea9d866dvpve,va_humidity,60
2026-09-04T20:11:40Z,bfd6f4f87fea9d866dvpve,va_temperature,24.1
2026-09-04T20:44:30Z,bf5741c97c96fa85b1d7do,battery_state,high
2026-09-04T20:44:30Z,bf5741c97c96fa85b1d7do,va_humidity,60
2026-09-04T20:44:30Z,bf5741c97c96fa85b1d7do,va_temperature,23.9
2026-09-04T20:51:57Z,bf43cf664d6644420axva3,va_temperature,23.6
2026-09-04T20:51:58Z,bf43cf664d6644420axva3,battery_state,middle
2026-09-04T20:51:58Z,bf43cf664d6644420axva3,va_humidity,56
2026-09-04T21:00:00Z,zewnatrz,va_humidity,52
2026-09-04T21:00:00Z,zewnatrz,va_temperature,23.6
2026-09-04T21:07:38Z,bf7e2a70935af7de78mjqt,battery_state,middle
2026-09-04T21:07:38Z,bf7e2a70935af7de78mjqt,va_humidity,55
2026-09-04T21:07:38Z,bf7e2a70935af7de78mjqt,va_temperature,24.2
2026-09-04T21:11:21Z,bfd6f4f87fea9d866dvpve,va_humidity,60
2026-09-04T21:11:21Z,bfd6f4f87fea9d866dvpve,va_temperature,24.1
2026-09-04T21:11:22Z,bfd6f4f87fea9d866dvpve,battery_state,middle
2026-09-04T21:43:43Z,bf5741c97c96fa85b1d7do,battery_state,middle
2026-09-04T21:43:43Z,bf5741c97c96fa85b1d7do,va_humidity,60
2026-09-04T21:43:43Z,bf5741c97c96fa85b1d7do,va_temperature,23.9
2026-09-04T21:51:24Z,bf43cf664d6644420axva3,battery_state,high
2026-09-04T21:51:24Z,bf43cf664d6644420axva3,va_humidity,56
2026-09-04T21:51:24Z,bf43cf664d6644420axva3,va_temperature,23.7
2026-09-04T22:00:00Z,zewnatrz,va_humidity,49
2026-09-04T22:00:00Z,zewnatrz,va_temperature,24
2026-09-04T22:07:13Z,bf7e2a70935af7de78mjqt,battery_state,middle
2026-09-04T22:07:13Z,bf7e2a70935af7de78mjqt,va_humidity,55
2026-09-04T22:07:13Z,bf7e2a70935af7de78mjqt,va_temperature,24.3
2026-09-04T22:11:02Z,bfd6f4f87fea9d866dvpve,va_humidity,60
2026-09-04T22:11:02Z,bfd6f4f87fea9d866dvpve,va_temperature,24.1
2026-09-04T22:11:03Z,bfd6f4f87fea9d866dvpve,battery_state,middle
2026-09-04T22:42:56Z,bf5741c97c96fa85b1d7do,va_temperature,23.9
2026-09-04T22:42:57Z,bf5741c97c96fa85b1d7do,battery_state,high
2026-09-04T22:42:57Z,bf5741c97c96fa85b1d7do,va_humidity,60
2026-09-04T22:50:50Z,bf43cf664d6644420axva3,battery_state,middle
2026-09-04T22:50:50Z,bf43cf664d6644420axva3,va_humidity,56
2026-09-04T22:50:50Z,bf43cf664d6644420axva3,va_temperature,23.6
2026-09-04T23:00:00Z,zewnatrz,va_humidity,74
2026-09-04T23:00:00Z,zewnatrz,va_temperature,21.6
2026-09-04T23:06:48Z,bf7e2a70935af7de78mjqt,battery_state,middle
2026-09-04T23:06:48Z,bf7e2a70935af7de78mjqt,va_humidity,55
2026-09-04T23:06:48Z,bf7e2a70935af7de78mjqt,va_temperature,24.2
2026-09-04T23:10:43Z,bfd6f4f87fea9d866dvpve,battery_state,middle
2026-09-04T23:10:43Z,bfd6f4f87fea9d866dvpve,va_humidity,59
2026-09-04T23:10:43Z,bfd6f4f87fea9d866dvpve,va_temperature,24.1
2026-09-04T23:42:10Z,bf5741c97c96fa85b1d7do,va_humidity,60
2026-09-04T23:42:10Z,bf5741c97c96fa85b1d7do,va_temperature,23.8
2026-09-04T23:42:11Z,bf5741c97c96fa85b1d7do,battery_state,high
2026-09-04T23:50:16Z,bf43cf664d6644420axva3,battery_state,middle
2026-09-04T23:50:16Z,bf43cf664d6644420axva3,va_humidity,56
2026-09-04T23:50:16Z,bf43cf664d6644420axva3,va_temperature,23.6
2026-09-05T00:00:00Z,zewnatrz,va_humidity,73
2026-09-05T00:00:00Z,zewnatrz,va_temperature,19.1
2026-09-05T00:06:23Z,bf7e2a70935af7de78mjqt,battery_state,middle
2026-09-05T00:06:23Z,bf7e2a70935af7de78mjqt,va_humidity,55
2026-09-05T00:06:23Z,bf7e2a70935af7de78mjqt,va_temperature,24.2
2026-09-05T00:10:23Z,bfd6f4f87fea9d866dvpve,va_humidity,59
2026-09-05T00:10:23Z,bfd6f4f87fea9d866dvpve,va_temperature,24
2026-09-05T00:10:24Z,bfd6f4f87fea9d866dvpve,battery_state,middle
2026-09-05T00:41:24Z,bf5741c97c96fa85b1d7do,battery_state,high
2026-09-05T00:41:24Z,bf5741c97c96fa85b1d7do,va_humidity,59
2026-09-05T00:41:24Z,bf5741c97c96fa85b1d7do,va_temperature,23.9
2026-09-05T00:49:42Z,bf43cf664d6644420axva3,va_temperature,23.6
2026-09-05T00:49:43Z,bf43cf664d6644420axva3,battery_state,middle
2026-09-05T00:49:43Z,bf43cf664d6644420axva3,va_humidity,56
2026-09-05T01:00:00Z,zewnatrz,va_humidity,75
2026-09-05T01:00:00Z,zewnatrz,va_temperature,18.8
2026-09-05T01:05:58Z,bf7e2a70935af7de78mjqt,battery_state,middle
2026-09-05T01:05:58Z,bf7e2a70935af7de78mjqt,va_humidity,55
2026-09-05T01:05:58Z,bf7e2a70935af7de78mjqt,va_temperature,24.2
2026-09-05T01:10:04Z,bfd6f4f87fea9d866dvpve,battery_state,middle
2026-09-05T01:10:04Z,bfd6f4f87fea9d866dvpve,va_humidity,59
2026-09-05T01:10:04Z,bfd6f4f87fea9d866dvpve,va_temperature,24
2026-09-05T01:40:37Z,bf5741c97c96fa85b1d7do,va_temperature,23.8
2026-09-05T01:40:38Z,bf5741c97c96fa85b1d7do,battery_state,high
2026-09-05T01:40:38Z,bf5741c97c96fa85b1d7do,va_humidity,59
2026-09-05T01:49:09Z,bf43cf664d6644420axva3,battery_state,middle
2026-09-05T01:49:09Z,bf43cf664d6644420axva3,va_humidity,56
2026-09-05T01:49:09Z,bf43cf664d6644420axva3,va_temperature,23.6
2026-09-05T02:00:00Z,zewnatrz,va_humidity,88
2026-09-05T02:00:00Z,zewnatrz,va_temperature,16.8
2026-09-05T02:05:32Z,bf7e2a70935af7de78mjqt,battery_state,middle
2026-09-05T02:05:32Z,bf7e2a70935af7de78mjqt,va_humidity,55
2026-09-05T02:05:32Z,bf7e2a70935af7de78mjqt,va_temperature,24.2
2026-09-05T02:09:44Z,bfd6f4f87fea9d866dvpve,va_temperature,24
2026-09-05T02:09:45Z,bfd6f4f87fea9d866dvpve,battery_state,middle
2026-09-05T02:09:45Z,bfd6f4f87fea9d866dvpve,va_humidity,59
2026-09-05T02:39:51Z,bf5741c97c96fa85b1d7do,battery_state,high
2026-09-05T02:39:51Z,bf5741c97c96fa85b1d7do,va_humidity,59
2026-09-05T02:39:51Z,bf5741c97c96fa85b1d7do,va_temperature,23.7
2026-09-05T02:48:35Z,bf43cf664d6644420axva3,battery_state,middle
2026-09-05T02:48:35Z,bf43cf664d6644420axva3,va_humidity,56
2026-09-05T02:48:35Z,bf43cf664d6644420axva3,va_temperature,23.5
2026-09-05T03:00:00Z,zewnatrz,va_humidity,85
2026-09-05T03:00:00Z,zewnatrz,va_temperature,16.7
2026-09-05T03:05:07Z,bf7e2a70935af7de78mjqt,battery_state,middle
2026-09-05T03:05:07Z,bf7e2a70935af7de78mjqt,va_humidity,55
2026-09-05T03:05:07Z,bf7e2a70935af7de78mjqt,va_temperature,24.1
2026-09-05T03:09:25Z,bfd6f4f87fea9d866dvpve,battery_state,middle
2026-09-05T03:09:25Z,bfd6f4f87fea9d866dvpve,va_humidity,59
2026-09-05T03:09:25Z,bfd6f4f87fea9d866dvpve,va_temperature,24
2026-09-05T03:39:04Z,bf5741c97c96fa85b1d7do,va_temperature,23.8
2026-09-05T03:39:05Z,bf5741c97c96fa85b1d7do,battery_state,high
2026-09-05T03:39:05Z,bf5741c97c96fa85b1d7do,va_humidity,59
2026-09-05T03:48:01Z,bf43cf664d6644420axva3,battery_state,high
2026-09-05T03:48:01Z,bf43cf664d6644420axva3,va_humidity,56
2026-09-05T03:48:01Z,bf43cf664d6644420axva3,va_temperature,23.6
2026-09-05T04:00:00Z,zewnatrz,va_humidity,84
2026-09-05T04:00:00Z,zewnatrz,va_temperature,16.3
2026-09-05T04:04:42Z,bf7e2a70935af7de78mjqt,battery_state,middle
2026-09-05T04:04:42Z,bf7e2a70935af7de78mjqt,va_humidity,55
2026-09-05T04:04:42Z,bf7e2a70935af7de78mjqt,va_temperature,24.1
2026-09-05T04:09:06Z,bfd6f4f87fea9d866dvpve,battery_state,middle
2026-09-05T04:09:06Z,bfd6f4f87fea9d866dvpve,va_humidity,59
2026-09-05T04:09:06Z,bfd6f4f87fea9d866dvpve,va_temperature,24
2026-09-05T04:38:17Z,bf5741c97c96fa85b1d7do,va_temperature,23.7
2026-09-05T04:38:18Z,bf5741c97c96fa85b1d7do,battery_state,high
2026-09-05T04:38:18Z,bf5741c97c96fa85b1d7do,va_humidity,59
2026-09-05T04:47:26Z,bf43cf664d6644420axva3,va_temperature,23.5
2026-09-05T04:47:27Z,bf43cf664d6644420axva3,battery_state,middle
2026-09-05T04:47:27Z,bf43cf664d6644420axva3,va_humidity,56
2026-09-05T05:00:00Z,zewnatrz,va_humidity,84
2026-09-05T05:00:00Z,zewnatrz,va_temperature,16.4
2026-09-05T05:04:17Z,bf7e2a70935af7de78mjqt,battery_state,middle
2026-09-05T05:04:17Z,bf7e2a70935af7de78mjqt,va_humidity,55
2026-09-05T05:04:17Z,bf7e2a70935af7de78mjqt,va_temperature,24.1
2026-09-05T05:08:46Z,bfd6f4f87fea9d866dvpve,va_temperature,24
2026-09-05T05:08:47Z,bfd6f4f87fea9d866dvpve,battery_state,middle
2026-09-05T05:08:47Z,bfd6f4f87fea9d866dvpve,va_humidity,59
2026-09-05T05:37:30Z,bf5741c97c96fa85b1d7do,va_humidity,59
2026-09-05T05:37:30Z,bf5741c97c96fa85b1d7do,va_temperature,23.7
2026-09-05T05:37:31Z,bf5741c97c96fa85b1d7do,battery_state,high
2026-09-05T05:46:52Z,bf43cf664d6644420axva3,va_humidity,56
2026-09-05T05:46:52Z,bf43cf664d6644420axva3,va_temperature,23.5
2026-09-05T05:46:53Z,bf43cf664d6644420axva3,battery_state,middle
2026-09-05T06:00:00Z,zewnatrz,va_humidity,85
2026-09-05T06:00:00Z,zewnatrz,va_temperature,16.1
2026-09-05T06:03:52Z,bf7e2a70935af7de78mjqt,battery_state,middle
2026-09-05T06:03:52Z,bf7e2a70935af7de78mjqt,va_humidity,55
2026-09-05T06:03:52Z,bf7e2a70935af7de78mjqt,va_temperature,24.1
2026-09-05T06:08:28Z,bfd6f4f87fea9d866dvpve,battery_state,middle
2026-09-05T06:08:28Z,bfd6f4f87fea9d866dvpve,va_humidity,59
2026-09-05T06:08:28Z,bfd6f4f87fea9d866dvpve,va_temperature,24
2026-09-05T06:36:43Z,bf5741c97c96fa85b1d7do,va_humidity,59
2026-09-05T06:36:43Z,bf5741c97c96fa85b1d7do,va_temperature,23.7
2026-09-05T06:36:44Z,bf5741c97c96fa85b1d7do,battery_state,high
2026-09-05T06:46:19Z,bf43cf664d6644420axva3,battery_state,middle
2026-09-05T06:46:19Z,bf43cf664d6644420axva3,va_humidity,56
2026-09-05T06:46:19Z,bf43cf664d6644420axva3,va_temperature,23.5
2026-09-05T07:00:00Z,zewnatrz,va_humidity,83
2026-09-05T07:00:00Z,zewnatrz,va_temperature,16.3
2026-09-05T07:03:27Z,bf7e2a70935af7de78mjqt,battery_state,middle
2026-09-05T07:03:27Z,bf7e2a70935af7de78mjqt,va_humidity,55
2026-09-05T07:03:27Z,bf7e2a70935af7de78mjqt,va_temperature,24.1
2026-09-05T07:08:08Z,bfd6f4f87fea9d866dvpve,va_temperature,24
2026-09-05T07:08:09Z,bfd6f4f87fea9d866dvpve,battery_state,middle
2026-09-05T07:08:09Z,bfd6f4f87fea9d866dvpve,va_humidity,59
2026-09-05T07:35:56Z,bf5741c97c96fa85b1d7do,va_temperature,23.7
2026-09-05T07:35:57Z,bf5741c97c96fa85b1d7do,battery_state,high
2026-09-05T07:35:57Z,bf5741c97c96fa85b1d7do,va_humidity,59
2026-09-05T07:45:45Z,bf43cf664d6644420axva3,va_temperature,23.5
2026-09-05T07:45:46Z,bf43cf664d6644420axva3,battery_state,middle
2026-09-05T07:45:46Z,bf43cf664d6644420axva3,va_humidity,56
2026-09-05T08:00:00Z,zewnatrz,va_humidity,73
2026-09-05T08:00:00Z,zewnatrz,va_temperature,17
2026-09-05T08:03:02Z,bf7e2a70935af7de78mjqt,battery_state,middle
2026-09-05T08:03:02Z,bf7e2a70935af7de78mjqt,va_humidity,55
2026-09-05T08:03:02Z,bf7e2a70935af7de78mjqt,va_temperature,24.1
2026-09-05T08:07:49Z,bfd6f4f87fea9d866dvpve,battery_state,middle
2026-09-05T08:07:49Z,bfd6f4f87fea9d866dvpve,va_humidity,59
2026-09-05T08:07:49Z,bfd6f4f87fea9d866dvpve,va_temperature,23.9
2026-09-05T08:35:11Z,bf5741c97c96fa85b1d7do,battery_state,high
2026-09-05T08:35:11Z,bf5741c97c96fa85b1d7do,va_humidity,59
2026-09-05T08:35:11Z,bf5741c97c96fa85b1d7do,va_temperature,23.9
2026-09-05T08:45:12Z,bf43cf664d6644420axva3,battery_state,middle
2026-09-05T08:45:12Z,bf43cf664d6644420axva3,va_humidity,56
2026-09-05T08:45:12Z,bf43cf664d6644420axva3,va_temperature,23.5
2026-09-05T09:00:00Z,zewnatrz,va_humidity,69
2026-09-05T09:00:00Z,zewnatrz,va_temperature,18.4
2026-09-05T09:02:36Z,bf7e2a70935af7de78mjqt,va_humidity,55
2026-09-05T09:02:36Z,bf7e2a70935af7de78mjqt,va_temperature,24.2
2026-09-05T09:02:37Z,bf7e2a70935af7de78mjqt,battery_state,middle
2026-09-05T09:07:30Z,bfd6f4f87fea9d866dvpve,battery_state,middle
2026-09-05T09:07:30Z,bfd6f4f87fea9d866dvpve,va_humidity,60
2026-09-05T09:07:30Z,bfd6f4f87fea9d866dvpve,va_temperature,24
2026-09-05T09:34:25Z,bf5741c97c96fa85b1d7do,battery_state,high
2026-09-05T09:34:25Z,bf5741c97c96fa85b1d7do,va_humidity,59
2026-09-05T09:34:25Z,bf5741c97c96fa85b1d7do,va_temperature,24
2026-09-05T09:44:38Z,bf43cf664d6644420axva3,battery_state,middle
2026-09-05T09:44:38Z,bf43cf664d6644420axva3,va_humidity,57
2026-09-05T09:44:38Z,bf43cf664d6644420axva3,va_temperature,23.6
2026-09-05T10:00:00Z,zewnatrz,va_humidity,66
2026-09-05T10:00:00Z,zewnatrz,va_temperature,18.7
2026-09-05T10:02:11Z,bf7e2a70935af7de78mjqt,battery_state,middle
2026-09-05T10:02:11Z,bf7e2a70935af7de78mjqt,va_humidity,55
2026-09-05T10:02:11Z,bf7e2a70935af7de78mjqt,va_temperature,24.3
2026-09-05T10:07:10Z,bfd6f4f87fea9d866dvpve,va_humidity,60
2026-09-05T10:07:10Z,bfd6f4f87fea9d866dvpve,va_temperature,24
2026-09-05T10:07:11Z,bfd6f4f87fea9d866dvpve,battery_state,middle
2026-09-05T10:33:39Z,bf5741c97c96fa85b1d7do,battery_state,middle
2026-09-05T10:33:39Z,bf5741c97c96fa85b1d7do,va_humidity,59
2026-09-05T10:33:39Z,bf5741c97c96fa85b1d7do,va_temperature,24
2026-09-05T10:44:04Z,bf43cf664d6644420axva3,battery_state,middle
2026-09-05T10:44:04Z,bf43cf664d6644420axva3,va_humidity,57
2026-09-05T10:44:04Z,bf43cf664d6644420axva3,va_temperature,23.6
2026-09-05T11:00:00Z,zewnatrz,va_humidity,63
2026-09-05T11:00:00Z,zewnatrz,va_temperature,19.8
2026-09-05T11:01:45Z,bf7e2a70935af7de78mjqt,va_humidity,55
2026-09-05T11:01:45Z,bf7e2a70935af7de78mjqt,va_temperature,24.4
2026-09-05T11:01:46Z,bf7e2a70935af7de78mjqt,battery_state,middle
2026-09-05T11:06:51Z,bfd6f4f87fea9d866dvpve,battery_state,middle
2026-09-05T11:06:51Z,bfd6f4f87fea9d866dvpve,va_humidity,60
2026-09-05T11:06:51Z,bfd6f4f87fea9d866dvpve,va_temperature,24.1
2026-09-05T11:32:52Z,bf5741c97c96fa85b1d7do,battery_state,high
2026-09-05T11:32:52Z,bf5741c97c96fa85b1d7do,va_humidity,58
2026-09-05T11:32:52Z,bf5741c97c96fa85b1d7do,va_temperature,24.1
2026-09-05T11:43:30Z,bf43cf664d6644420axva3,battery_state,high
2026-09-05T11:43:30Z,bf43cf664d6644420axva3,va_humidity,57
2026-09-05T11:43:30Z,bf43cf664d6644420axva3,va_temperature,23.7
2026-09-05T12:00:00Z,zewnatrz,va_humidity,54
2026-09-05T12:00:00Z,zewnatrz,va_temperature,20.6
2026-09-05T12:01:19Z,bf7e2a70935af7de78mjqt,va_temperature,24.4
2026-09-05T12:01:20Z,bf7e2a70935af7de78mjqt,battery_state,middle
2026-09-05T12:01:20Z,bf7e2a70935af7de78mjqt,va_humidity,55
2026-09-05T12:06:31Z,bfd6f4f87fea9d866dvpve,va_temperature,24
2026-09-05T12:06:32Z,bfd6f4f87fea9d866dvpve,battery_state,middle
2026-09-05T12:06:32Z,bfd6f4f87fea9d866dvpve,va_humidity,60
2026-09-05T12:32:05Z,bf5741c97c96fa85b1d7do,battery_state,middle
2026-09-05T12:32:05Z,bf5741c97c96fa85b1d7do,va_humidity,58
2026-09-05T12:32:05Z,bf5741c97c96fa85b1d7do,va_temperature,24.1
2026-09-05T12:42:56Z,bf43cf664d6644420axva3,battery_state,middle
2026-09-05T12:42:56Z,bf43cf664d6644420axva3,va_humidity,56
2026-09-05T12:42:56Z,bf43cf664d6644420axva3,va_temperature,23.7
2026-09-05T13:00:00Z,zewnatrz,va_humidity,55
2026-09-05T13:00:00Z,zewnatrz,va_temperature,20.9
2026-09-05T13:00:54Z,bf7e2a70935af7de78mjqt,battery_state,middle
2026-09-05T13:00:54Z,bf7e2a70935af7de78mjqt,va_humidity,54
2026-09-05T13:00:54Z,bf7e2a70935af7de78mjqt,va_temperature,24.5
2026-09-05T13:06:12Z,bfd6f4f87fea9d866dvpve,battery_state,middle
2026-09-05T13:06:12Z,bfd6f4f87fea9d866dvpve,va_humidity,59
2026-09-05T13:06:12Z,bfd6f4f87fea9d866dvpve,va_temperature,24
2026-09-05T13:31:18Z,bf5741c97c96fa85b1d7do,battery_state,high
2026-09-05T13:31:18Z,bf5741c97c96fa85b1d7do,va_humidity,58
2026-09-05T13:31:18Z,bf5741c97c96fa85b1d7do,va_temperature,24.2
2026-09-05T13:42:22Z,bf43cf664d6644420axva3,battery_state,high
2026-09-05T13:42:22Z,bf43cf664d6644420axva3,va_humidity,56
2026-09-05T13:42:22Z,bf43cf664d6644420axva3,va_temperature,23.7
2026-09-05T14:00:00Z,zewnatrz,va_humidity,51
2026-09-05T14:00:00Z,zewnatrz,va_temperature,21
2026-09-05T14:00:28Z,bf7e2a70935af7de78mjqt,va_temperature,24.5
2026-09-05T14:00:29Z,bf7e2a70935af7de78mjqt,battery_state,middle
2026-09-05T14:00:29Z,bf7e2a70935af7de78mjqt,va_humidity,54
2026-09-05T14:05:53Z,bfd6f4f87fea9d866dvpve,battery_state,middle
2026-09-05T14:05:53Z,bfd6f4f87fea9d866dvpve,va_humidity,58
2026-09-05T14:05:53Z,bfd6f4f87fea9d866dvpve,va_temperature,24.2
2026-09-05T14:30:31Z,bf5741c97c96fa85b1d7do,battery_state,middle
2026-09-05T14:30:31Z,bf5741c97c96fa85b1d7do,va_humidity,58
2026-09-05T14:30:31Z,bf5741c97c96fa85b1d7do,va_temperature,24.2
2026-09-05T14:41:48Z,bf43cf664d6644420axva3,battery_state,middle
2026-09-05T14:41:48Z,bf43cf664d6644420axva3,va_humidity,56
2026-09-05T14:41:48Z,bf43cf664d6644420axva3,va_temperature,23.7
2026-09-05T15:00:00Z,zewnatrz,va_humidity,50
2026-09-05T15:00:00Z,zewnatrz,va_temperature,20.6
2026-09-05T15:00:03Z,bf7e2a70935af7de78mjqt,va_humidity,54
2026-09-05T15:00:03Z,bf7e2a70935af7de78mjqt,va_temperature,24.5
2026-09-05T15:00:04Z,bf7e2a70935af7de78mjqt,battery_state,middle
2026-09-05T15:05:33Z,bfd6f4f87fea9d866dvpve,va_humidity,60
2026-09-05T15:05:33Z,bfd6f4f87fea9d866dvpve,va_temperature,24.1
2026-09-05T15:05:34Z,bfd6f4f87fea9d866dvpve,battery_state,middle
2026-09-05T15:29:44Z,bf5741c97c96fa85b1d7do,va_humidity,57
2026-09-05T15:29:44Z,bf5741c97c96fa85b1d7do,va_temperature,24.1
2026-09-05T15:29:45Z,bf5741c97c96fa85b1d7do,battery_state,high
2026-09-05T15:41:14Z,bf43cf664d6644420axva3,battery_state,middle
2026-09-05T15:41:14Z,bf43cf664d6644420axva3,va_humidity,55
2026-09-05T15:41:14Z,bf43cf664d6644420axva3,va_temperature,23.7
2026-09-05T15:59:38Z,bf7e2a70935af7de78mjqt,battery_state,middle
2026-09-05T15:59:38Z,bf7e2a70935af7de78mjqt,va_humidity,53
2026-09-05T15:59:38Z,bf7e2a70935af7de78mjqt,va_temperature,24.5
2026-09-05T16:00:00Z,zewnatrz,va_humidity,62
2026-09-05T16:00:00Z,zewnatrz,va_temperature,19.4
2026-09-05T16:05:14Z,bfd6f4f87fea9d866dvpve,battery_state,middle
2026-09-05T16:05:14Z,bfd6f4f87fea9d866dvpve,va_humidity,59
2026-09-05T16:05:14Z,bfd6f4f87fea9d866dvpve,va_temperature,24.2
2026-09-05T16:28:57Z,bf5741c97c96fa85b1d7do,va_temperature,24.1
2026-09-05T16:28:58Z,bf5741c97c96fa85b1d7do,battery_state,high
2026-09-05T16:28:58Z,bf5741c97c96fa85b1d7do,va_humidity,57
2026-09-05T16:40:40Z,bf43cf664d6644420axva3,battery_state,middle
2026-09-05T16:40:40Z,bf43cf664d6644420axva3,va_humidity,55
2026-09-05T16:40:40Z,bf43cf664d6644420axva3,va_temperature,23.7
2026-09-05T16:59:13Z,bf7e2a70935af7de78mjqt,va_temperature,24.5
2026-09-05T16:59:14Z,bf7e2a70935af7de78mjqt,battery_state,middle
2026-09-05T16:59:14Z,bf7e2a70935af7de78mjqt,va_humidity,53
2026-09-05T17:00:00Z,zewnatrz,va_humidity,63
2026-09-05T17:00:00Z,zewnatrz,va_temperature,18.7
2026-09-05T17:04:54Z,bfd6f4f87fea9d866dvpve,battery_state,middle
2026-09-05T17:04:54Z,bfd6f4f87fea9d866dvpve,va_humidity,57
2026-09-05T17:04:54Z,bfd6f4f87fea9d866dvpve,va_temperature,24.2
2026-09-05T17:28:10Z,bf5741c97c96fa85b1d7do,va_temperature,23.9
2026-09-05T17:28:11Z,bf5741c97c96fa85b1d7do,battery_state,middle
2026-09-05T17:28:11Z,bf5741c97c96fa85b1d7do,va_humidity,57
2026-09-05T17:40:06Z,bf43cf664d6644420axva3,battery_state,high
2026-09-05T17:40:06Z,bf43cf664d6644420axva3,va_humidity,55
2026-09-05T17:40:06Z,bf43cf664d6644420axva3,va_temperature,23.7
2026-09-05T17:58:48Z,bf7e2a70935af7de78mjqt,va_temperature,24.4
2026-09-05T17:58:49Z,bf7e2a70935af7de78mjqt,battery_state,middle
2026-09-05T17:58:49Z,bf7e2a70935af7de78mjqt,va_humidity,53
2026-09-05T18:00:00Z,zewnatrz,va_humidity,67
2026-09-05T18:00:00Z,zewnatrz,va_temperature,18.1
2026-09-05T18:04:34Z,bfd6f4f87fea9d866dvpve,va_temperature,24.2
2026-09-05T18:04:35Z,bfd6f4f87fea9d866dvpve,battery_state,middle
2026-09-05T18:04:35Z,bfd6f4f87fea9d866dvpve,va_humidity,57
2026-09-05T18:27:24Z,bf5741c97c96fa85b1d7do,battery_state,high
2026-09-05T18:27:24Z,bf5741c97c96fa85b1d7do,va_humidity,57
2026-09-05T18:27:24Z,bf5741c97c96fa85b1d7do,va_temperature,23.9
2026-09-05T18:39:32Z,bf43cf664d6644420axva3,battery_state,high
2026-09-05T18:39:32Z,bf43cf664d6644420axva3,va_humidity,55
2026-09-05T18:39:32Z,bf43cf664d6644420axva3,va_temperature,23.6
2026-09-05T18:58:24Z,bf7e2a70935af7de78mjqt,battery_state,middle
2026-09-05T18:58:24Z,bf7e2a70935af7de78mjqt,va_humidity,53
2026-09-05T18:58:24Z,bf7e2a70935af7de78mjqt,va_temperature,24.3
2026-09-05T19:00:00Z,zewnatrz,va_humidity,74
2026-09-05T19:00:00Z,zewnatrz,va_temperature,17.9
2026-09-05T19:04:15Z,bfd6f4f87fea9d866dvpve,va_temperature,24.1
2026-09-05T19:04:16Z,bfd6f4f87fea9d866dvpve,battery_state,middle
2026-09-05T19:04:16Z,bfd6f4f87fea9d866dvpve,va_humidity,57
2026-09-05T19:26:37Z,bf5741c97c96fa85b1d7do,battery_state,high
2026-09-05T19:26:37Z,bf5741c97c96fa85b1d7do,va_humidity,57
2026-09-05T19:26:37Z,bf5741c97c96fa85b1d7do,va_temperature,23.9
2026-09-05T19:38:57Z,bf43cf664d6644420axva3,battery_state,middle
2026-09-05T19:38:57Z,bf43cf664d6644420axva3,va_humidity,55
2026-09-05T19:38:57Z,bf43cf664d6644420axva3,va_temperature,23.6
2026-09-05T19:57:59Z,bf7e2a70935af7de78mjqt,battery_state,middle
2026-09-05T19:57:59Z,bf7e2a70935af7de78mjqt,va_humidity,53
2026-09-05T19:57:59Z,bf7e2a70935af7de78mjqt,va_temperature,24.2
2026-09-05T20:00:00Z,zewnatrz,va_humidity,60
2026-09-05T20:00:00Z,zewnatrz,va_temperature,17.9
2026-09-05T20:03:57Z,bfd6f4f87fea9d866dvpve,battery_state,middle
2026-09-05T20:03:57Z,bfd6f4f87fea9d866dvpve,va_humidity,57
2026-09-05T20:03:57Z,bfd6f4f87fea9d866dvpve,va_temperature,24.1
2026-09-05T20:25:50Z,bf5741c97c96fa85b1d7do,battery_state,high
2026-09-05T20:25:50Z,bf5741c97c96fa85b1d7do,va_humidity,57
2026-09-05T20:25:50Z,bf5741c97c96fa85b1d7do,va_temperature,23.8
2026-09-05T20:38:22Z,bf43cf664d6644420axva3,battery_state,middle
2026-09-05T20:38:22Z,bf43cf664d6644420axva3,va_humidity,54
2026-09-05T20:38:22Z,bf43cf664d6644420axva3,va_temperature,23.6
2026-09-05T20:57:34Z,bf7e2a70935af7de78mjqt,va_temperature,24.1
2026-09-05T20:57:35Z,bf7e2a70935af7de78mjqt,battery_state,middle
2026-09-05T20:57:35Z,bf7e2a70935af7de78mjqt,va_humidity,53
2026-09-05T21:00:00Z,zewnatrz,va_humidity,60
2026-09-05T21:00:00Z,zewnatrz,va_temperature,17.7
2026-09-05T21:03:38Z,bfd6f4f87fea9d866dvpve,battery_state,middle
2026-09-05T21:03:38Z,bfd6f4f87fea9d866dvpve,va_humidity,56
2026-09-05T21:03:38Z,bfd6f4f87fea9d866dvpve,va_temperature,24
2026-09-05T21:25:03Z,bf5741c97c96fa85b1d7do,battery_state,high
2026-09-05T21:25:03Z,bf5741c97c96fa85b1d7do,va_humidity,57
2026-09-05T21:25:03Z,bf5741c97c96fa85b1d7do,va_temperature,23.7
2026-09-05T21:37:47Z,bf43cf664d6644420axva3,battery_state,middle
2026-09-05T21:37:47Z,bf43cf664d6644420axva3,va_humidity,54
2026-09-05T21:37:47Z,bf43cf664d6644420axva3,va_temperature,23.5
2026-09-05T21:57:10Z,bf7e2a70935af7de78mjqt,battery_state,middle
2026-09-05T21:57:10Z,bf7e2a70935af7de78mjqt,va_humidity,53
2026-09-05T21:57:10Z,bf7e2a70935af7de78mjqt,va_temperature,24.1
2026-09-05T22:00:00Z,zewnatrz,va_humidity,72
2026-09-05T22:00:00Z,zewnatrz,va_temperature,16
2026-09-05T22:03:19Z,bfd6f4f87fea9d866dvpve,battery_state,middle
2026-09-05T22:03:19Z,bfd6f4f87fea9d866dvpve,va_humidity,57
2026-09-05T22:03:19Z,bfd6f4f87fea9d866dvpve,va_temperature,24.1
2026-09-05T22:24:15Z,bf5741c97c96fa85b1d7do,va_humidity,57
2026-09-05T22:24:15Z,bf5741c97c96fa85b1d7do,va_temperature,23.7
2026-09-05T22:24:16Z,bf5741c97c96fa85b1d7do,battery_state,high
2026-09-05T22:37:13Z,bf43cf664d6644420axva3,battery_state,middle
2026-09-05T22:37:13Z,bf43cf664d6644420axva3,va_humidity,54
2026-09-05T22:37:13Z,bf43cf664d6644420axva3,va_temperature,23.5
2026-09-05T22:56:45Z,bf7e2a70935af7de78mjqt,va_temperature,24
2026-09-05T22:56:46Z,bf7e2a70935af7de78mjqt,battery_state,middle
2026-09-05T22:56:46Z,bf7e2a70935af7de78mjqt,va_humidity,53
2026-09-05T23:00:00Z,zewnatrz,va_humidity,83
2026-09-05T23:00:00Z,zewnatrz,va_temperature,14.4
2026-09-05T23:03:00Z,bfd6f4f87fea9d866dvpve,battery_state,middle
2026-09-05T23:03:00Z,bfd6f4f87fea9d866dvpve,va_humidity,57
2026-09-05T23:03:00Z,bfd6f4f87fea9d866dvpve,va_temperature,24
2026-09-05T23:23:28Z,bf5741c97c96fa85b1d7do,battery_state,high
2026-09-05T23:23:28Z,bf5741c97c96fa85b1d7do,va_humidity,57
2026-09-05T23:23:28Z,bf5741c97c96fa85b1d7do,va_temperature,23.6
2026-09-05T23:36:38Z,bf43cf664d6644420axva3,battery_state,middle
2026-09-05T23:36:38Z,bf43cf664d6644420axva3,va_humidity,54
2026-09-05T23:36:38Z,bf43cf664d6644420axva3,va_temperature,23.5
2026-09-05T23:56:21Z,bf7e2a70935af7de78mjqt,battery_state,middle
2026-09-05T23:56:21Z,bf7e2a70935af7de78mjqt,va_humidity,53
2026-09-05T23:56:21Z,bf7e2a70935af7de78mjqt,va_temperature,24
2026-09-06T00:00:00Z,zewnatrz,va_humidity,82
2026-09-06T00:00:00Z,zewnatrz,va_temperature,14.3
2026-09-06T00:02:42Z,bfd6f4f87fea9d866dvpve,battery_state,middle
2026-09-06T00:02:42Z,bfd6f4f87fea9d866dvpve,va_humidity,57
2026-09-06T00:02:42Z,bfd6f4f87fea9d866dvpve,va_temperature,24
2026-09-06T00:22:40Z,bf5741c97c96fa85b1d7do,va_temperature,23.6
2026-09-06T00:22:41Z,bf5741c97c96fa85b1d7do,battery_state,high
2026-09-06T00:22:41Z,bf5741c97c96fa85b1d7do,va_humidity,58
2026-09-06T00:36:03Z,bf43cf664d6644420axva3,battery_state,middle
2026-09-06T00:36:03Z,bf43cf664d6644420axva3,va_humidity,55
2026-09-06T00:36:03Z,bf43cf664d6644420axva3,va_temperature,23.5
2026-09-06T00:55:56Z,bf7e2a70935af7de78mjqt,battery_state,middle
2026-09-06T00:55:56Z,bf7e2a70935af7de78mjqt,va_humidity,53
2026-09-06T00:55:56Z,bf7e2a70935af7de78mjqt,va_temperature,23.9
2026-09-06T01:00:00Z,zewnatrz,va_humidity,80
2026-09-06T01:00:00Z,zewnatrz,va_temperature,14.1
2026-09-06T01:02:24Z,bfd6f4f87fea9d866dvpve,battery_state,middle
2026-09-06T01:02:24Z,bfd6f4f87fea9d866dvpve,va_humidity,57
2026-09-06T01:02:24Z,bfd6f4f87fea9d866dvpve,va_temperature,24
2026-09-06T01:21:53Z,bf5741c97c96fa85b1d7do,va_temperature,23.6
2026-09-06T01:21:54Z,bf5741c97c96fa85b1d7do,battery_state,high
2026-09-06T01:21:54Z,bf5741c97c96fa85b1d7do,va_humidity,58
2026-09-06T01:35:29Z,bf43cf664d6644420axva3,va_humidity,55
2026-09-06T01:35:29Z,bf43cf664d6644420axva3,va_temperature,23.4
2026-09-06T01:35:30Z,bf43cf664d6644420axva3,battery_state,middle
2026-09-06T01:55:32Z,bf7e2a70935af7de78mjqt,battery_state,middle
2026-09-06T01:55:32Z,bf7e2a70935af7de78mjqt,va_humidity,53
2026-09-06T01:55:32Z,bf7e2a70935af7de78mjqt,va_temperature,23.9
2026-09-06T02:00:00Z,zewnatrz,va_humidity,79
2026-09-06T02:00:00Z,zewnatrz,va_temperature,14.3
2026-09-06T02:02:05Z,bfd6f4f87fea9d866dvpve,battery_state,middle
2026-09-06T02:02:05Z,bfd6f4f87fea9d866dvpve,va_humidity,57
2026-09-06T02:02:05Z,bfd6f4f87fea9d866dvpve,va_temperature,24
2026-09-06T02:21:06Z,bf5741c97c96fa85b1d7do,va_humidity,58
2026-09-06T02:21:06Z,bf5741c97c96fa85b1d7do,va_temperature,23.5
2026-09-06T02:21:07Z,bf5741c97c96fa85b1d7do,battery_state,high
2026-09-06T02:34:55Z,bf43cf664d6644420axva3,battery_state,middle
2026-09-06T02:34:55Z,bf43cf664d6644420axva3,va_humidity,55
2026-09-06T02:34:55Z,bf43cf664d6644420axva3,va_temperature,23.4
2026-09-06T02:55:07Z,bf7e2a70935af7de78mjqt,va_humidity,53
2026-09-06T02:55:07Z,bf7e2a70935af7de78mjqt,va_temperature,23.9
2026-09-06T02:55:08Z,bf7e2a70935af7de78mjqt,battery_state,middle
2026-09-06T03:00:00Z,zewnatrz,va_humidity,80
2026-09-06T03:00:00Z,zewnatrz,va_temperature,13.8
2026-09-06T03:01:46Z,bfd6f4f87fea9d866dvpve,battery_state,middle
2026-09-06T03:01:46Z,bfd6f4f87fea9d866dvpve,va_humidity,57
2026-09-06T03:01:46Z,bfd6f4f87fea9d866dvpve,va_temperature,24
2026-09-06T03:20:19Z,bf5741c97c96fa85b1d7do,battery_state,high
2026-09-06T03:20:19Z,bf5741c97c96fa85b1d7do,va_humidity,57
2026-09-06T03:20:19Z,bf5741c97c96fa85b1d7do,va_temperature,23.5
2026-09-06T03:34:21Z,bf43cf664d6644420axva3,battery_state,middle
2026-09-06T03:34:21Z,bf43cf664d6644420axva3,va_humidity,55
2026-09-06T03:34:21Z,bf43cf664d6644420axva3,va_temperature,23.4
2026-09-06T03:54:43Z,bf7e2a70935af7de78mjqt,battery_state,middle
2026-09-06T03:54:43Z,bf7e2a70935af7de78mjqt,va_humidity,53
2026-09-06T03:54:43Z,bf7e2a70935af7de78mjqt,va_temperature,23.8
2026-09-06T04:00:00Z,zewnatrz,va_humidity,80
2026-09-06T04:00:00Z,zewnatrz,va_temperature,13.5
2026-09-06T04:01:27Z,bfd6f4f87fea9d866dvpve,battery_state,middle
2026-09-06T04:01:27Z,bfd6f4f87fea9d866dvpve,va_humidity,56
2026-09-06T04:01:27Z,bfd6f4f87fea9d866dvpve,va_temperature,23.9
2026-09-06T04:19:31Z,bf5741c97c96fa85b1d7do,battery_state,middle
2026-09-06T04:19:31Z,bf5741c97c96fa85b1d7do,va_humidity,57
2026-09-06T04:19:31Z,bf5741c97c96fa85b1d7do,va_temperature,23.4
2026-09-06T04:33:46Z,bf43cf664d6644420axva3,va_humidity,54
2026-09-06T04:33:46Z,bf43cf664d6644420axva3,va_temperature,23.3
2026-09-06T04:33:47Z,bf43cf664d6644420axva3,battery_state,middle
2026-09-06T04:54:19Z,bf7e2a70935af7de78mjqt,battery_state,middle
2026-09-06T04:54:19Z,bf7e2a70935af7de78mjqt,va_humidity,53
2026-09-06T04:54:19Z,bf7e2a70935af7de78mjqt,va_temperature,23.8
2026-09-06T05:00:00Z,zewnatrz,va_humidity,79
2026-09-06T05:00:00Z,zewnatrz,va_temperature,13.9
2026-09-06T05:01:08Z,bfd6f4f87fea9d866dvpve,battery_state,middle
2026-09-06T05:01:08Z,bfd6f4f87fea9d866dvpve,va_humidity,56
2026-09-06T05:01:08Z,bfd6f4f87fea9d866dvpve,va_temperature,23.9
2026-09-06T05:18:44Z,bf5741c97c96fa85b1d7do,battery_state,high
2026-09-06T05:18:44Z,bf5741c97c96fa85b1d7do,va_humidity,57
2026-09-06T05:18:44Z,bf5741c97c96fa85b1d7do,va_temperature,23.4
2026-09-06T05:33:12Z,bf43cf664d6644420axva3,battery_state,middle
2026-09-06T05:33:12Z,bf43cf664d6644420axva3,va_humidity,54
2026-09-06T05:33:12Z,bf43cf664d6644420axva3,va_temperature,23.3
2026-09-06T05:53:55Z,bf7e2a70935af7de78mjqt,battery_state,middle
2026-09-06T05:53:55Z,bf7e2a70935af7de78mjqt,va_humidity,52
2026-09-06T05:53:55Z,bf7e2a70935af7de78mjqt,va_temperature,23.8
2026-09-06T06:00:00Z,zewnatrz,va_humidity,79
2026-09-06T06:00:00Z,zewnatrz,va_temperature,13.9
2026-09-06T06:00:48Z,bfd6f4f87fea9d866dvpve,va_humidity,55
2026-09-06T06:00:48Z,bfd6f4f87fea9d866dvpve,va_temperature,23.9
2026-09-06T06:00:49Z,bfd6f4f87fea9d866dvpve,battery_state,middle
2026-09-06T06:17:56Z,bf5741c97c96fa85b1d7do,va_temperature,23.5
2026-09-06T06:17:57Z,bf5741c97c96fa85b1d7do,battery_state,high
2026-09-06T06:17:57Z,bf5741c97c96fa85b1d7do,va_humidity,57
2026-09-06T06:32:37Z,bf43cf664d6644420axva3,battery_state,middle
2026-09-06T06:32:37Z,bf43cf664d6644420axva3,va_humidity,54
2026-09-06T06:32:37Z,bf43cf664d6644420axva3,va_temperature,23.3
2026-09-06T06:53:31Z,bf7e2a70935af7de78mjqt,battery_state,middle
2026-09-06T06:53:31Z,bf7e2a70935af7de78mjqt,va_humidity,52
2026-09-06T06:53:31Z,bf7e2a70935af7de78mjqt,va_temperature,23.8
2026-09-06T07:00:00Z,zewnatrz,va_humidity,76
2026-09-06T07:00:00Z,zewnatrz,va_temperature,14.1
2026-09-06T07:00:29Z,bfd6f4f87fea9d866dvpve,va_humidity,56
2026-09-06T07:00:29Z,bfd6f4f87fea9d866dvpve,va_temperature,23.9
2026-09-06T07:00:30Z,bfd6f4f87fea9d866dvpve,battery_state,middle
2026-09-06T07:17:09Z,bf5741c97c96fa85b1d7do,va_humidity,56
2026-09-06T07:17:09Z,bf5741c97c96fa85b1d7do,va_temperature,23.5
2026-09-06T07:17:10Z,bf5741c97c96fa85b1d7do,battery_state,middle
2026-09-06T07:32:03Z,bf43cf664d6644420axva3,battery_state,middle
2026-09-06T07:32:03Z,bf43cf664d6644420axva3,va_humidity,54
2026-09-06T07:32:03Z,bf43cf664d6644420axva3,va_temperature,23.3
2026-09-06T07:53:07Z,bf7e2a70935af7de78mjqt,battery_state,middle
2026-09-06T07:53:07Z,bf7e2a70935af7de78mjqt,va_humidity,52
2026-09-06T07:53:07Z,bf7e2a70935af7de78mjqt,va_temperature,23.8
2026-09-06T08:00:00Z,zewnatrz,va_humidity,79
2026-09-06T08:00:00Z,zewnatrz,va_temperature,13.7
2026-09-06T08:00:10Z,bfd6f4f87fea9d866dvpve,va_temperature,23.9
2026-09-06T08:00:11Z,bfd6f4f87fea9d866dvpve,battery_state,middle
2026-09-06T08:00:11Z,bfd6f4f87fea9d866dvpve,va_humidity,55
2026-09-06T08:16:22Z,bf5741c97c96fa85b1d7do,battery_state,high
2026-09-06T08:16:22Z,bf5741c97c96fa85b1d7do,va_humidity,56
2026-09-06T08:16:22Z,bf5741c97c96fa85b1d7do,va_temperature,23.6
2026-09-06T08:31:29Z,bf43cf664d6644420axva3,battery_state,middle
2026-09-06T08:31:29Z,bf43cf664d6644420axva3,va_humidity,54
2026-09-06T08:31:29Z,bf43cf664d6644420axva3,va_temperature,23.3
2026-09-06T08:52:43Z,bf7e2a70935af7de78mjqt,battery_state,middle
2026-09-06T08:52:43Z,bf7e2a70935af7de78mjqt,va_humidity,52
2026-09-06T08:52:43Z,bf7e2a70935af7de78mjqt,va_temperature,23.9
2026-09-06T08:59:51Z,bfd6f4f87fea9d866dvpve,battery_state,middle
2026-09-06T08:59:51Z,bfd6f4f87fea9d866dvpve,va_humidity,55
2026-09-06T08:59:51Z,bfd6f4f87fea9d866dvpve,va_temperature,23.9
2026-09-06T09:00:00Z,zewnatrz,va_humidity,71
2026-09-06T09:00:00Z,zewnatrz,va_temperature,15
2026-09-06T09:15:35Z,bf5741c97c96fa85b1d7do,battery_state,high
2026-09-06T09:15:35Z,bf5741c97c96fa85b1d7do,va_humidity,56
2026-09-06T09:15:35Z,bf5741c97c96fa85b1d7do,va_temperature,23.7
2026-09-06T09:30:55Z,bf43cf664d6644420axva3,battery_state,middle
2026-09-06T09:30:55Z,bf43cf664d6644420axva3,va_humidity,54
2026-09-06T09:30:55Z,bf43cf664d6644420axva3,va_temperature,23.4
2026-09-06T09:52:18Z,bf7e2a70935af7de78mjqt,va_humidity,52
2026-09-06T09:52:18Z,bf7e2a70935af7de78mjqt,va_temperature,24.1
2026-09-06T09:52:19Z,bf7e2a70935af7de78mjqt,battery_state,middle
2026-09-06T09:59:32Z,bfd6f4f87fea9d866dvpve,battery_state,middle
2026-09-06T09:59:32Z,bfd6f4f87fea9d866dvpve,va_humidity,55
2026-09-06T09:59:32Z,bfd6f4f87fea9d866dvpve,va_temperature,23.9
2026-09-06T10:00:00Z,zewnatrz,va_humidity,68
2026-09-06T10:00:00Z,zewnatrz,va_temperature,16
2026-09-06T10:14:48Z,bf5741c97c96fa85b1d7do,battery_state,high
2026-09-06T10:14:48Z,bf5741c97c96fa85b1d7do,va_humidity,55
2026-09-06T10:14:48Z,bf5741c97c96fa85b1d7do,va_temperature,23.8
2026-09-06T10:30:21Z,bf43cf664d6644420axva3,battery_state,middle
2026-09-06T10:30:21Z,bf43cf664d6644420axva3,va_humidity,54
2026-09-06T10:30:21Z,bf43cf664d6644420axva3,va_temperature,23.4
2026-09-06T10:51:54Z,bf7e2a70935af7de78mjqt,battery_state,middle
2026-09-06T10:51:54Z,bf7e2a70935af7de78mjqt,va_humidity,52
2026-09-06T10:51:54Z,bf7e2a70935af7de78mjqt,va_temperature,24.2
2026-09-06T10:59:12Z,bfd6f4f87fea9d866dvpve,va_temperature,23.9
2026-09-06T10:59:13Z,bfd6f4f87fea9d866dvpve,battery_state,middle
2026-09-06T10:59:13Z,bfd6f4f87fea9d866dvpve,va_humidity,56
2026-09-06T11:00:00Z,zewnatrz,va_humidity,59
2026-09-06T11:00:00Z,zewnatrz,va_temperature,16.9
2026-09-06T11:14:01Z,bf5741c97c96fa85b1d7do,battery_state,high
2026-09-06T11:14:01Z,bf5741c97c96fa85b1d7do,va_humidity,55
2026-09-06T11:14:01Z,bf5741c97c96fa85b1d7do,va_temperature,23.8
2026-09-06T11:29:48Z,bf43cf664d6644420axva3,battery_state,middle
2026-09-06T11:29:48Z,bf43cf664d6644420axva3,va_humidity,54
2026-09-06T11:29:48Z,bf43cf664d6644420axva3,va_temperature,23.4
2026-09-06T11:51:29Z,bf7e2a70935af7de78mjqt,va_temperature,24.2
2026-09-06T11:51:30Z,bf7e2a70935af7de78mjqt,battery_state,middle
2026-09-06T11:51:30Z,bf7e2a70935af7de78mjqt,va_humidity,52
2026-09-06T11:58:53Z,bfd6f4f87fea9d866dvpve,va_humidity,55
2026-09-06T11:58:53Z,bfd6f4f87fea9d866dvpve,va_temperature,23.9
2026-09-06T11:58:54Z,bfd6f4f87fea9d866dvpve,battery_state,middle
2026-09-06T12:00:00Z,zewnatrz,va_humidity,56
2026-09-06T12:00:00Z,zewnatrz,va_temperature,17.8
2026-09-06T12:13:14Z,bf5741c97c96fa85b1d7do,battery_state,high
2026-09-06T12:13:14Z,bf5741c97c96fa85b1d7do,va_humidity,55
2026-09-06T12:13:14Z,bf5741c97c96fa85b1d7do,va_temperature,23.9
2026-09-06T12:29:15Z,bf43cf664d6644420axva3,battery_state,middle
2026-09-06T12:29:15Z,bf43cf664d6644420axva3,va_humidity,54
2026-09-06T12:29:15Z,bf43cf664d6644420axva3,va_temperature,23.4
2026-09-06T12:51:05Z,bf7e2a70935af7de78mjqt,battery_state,middle
2026-09-06T12:51:05Z,bf7e2a70935af7de78mjqt,va_humidity,52
2026-09-06T12:51:05Z,bf7e2a70935af7de78mjqt,va_temperature,24.2
2026-09-06T12:58:34Z,bfd6f4f87fea9d866dvpve,battery_state,middle
2026-09-06T12:58:34Z,bfd6f4f87fea9d866dvpve,va_humidity,55
2026-09-06T12:58:34Z,bfd6f4f87fea9d866dvpve,va_temperature,23.9
2026-09-06T13:00:00Z,zewnatrz,va_humidity,52
2026-09-06T13:00:00Z,zewnatrz,va_temperature,18.4
2026-09-06T13:12:27Z,bf5741c97c96fa85b1d7do,battery_state,high
2026-09-06T13:12:27Z,bf5741c97c96fa85b1d7do,va_humidity,55
2026-09-06T13:12:27Z,bf5741c97c96fa85b1d7do,va_temperature,23.8
2026-09-06T13:28:41Z,bf43cf664d6644420axva3,va_temperature,23.4
2026-09-06T13:28:42Z,bf43cf664d6644420axva3,battery_state,middle
2026-09-06T13:28:42Z,bf43cf664d6644420axva3,va_humidity,54
2026-09-06T13:50:41Z,bf7e2a70935af7de78mjqt,battery_state,middle
2026-09-06T13:50:41Z,bf7e2a70935af7de78mjqt,va_humidity,51
2026-09-06T13:50:41Z,bf7e2a70935af7de78mjqt,va_temperature,24.2
2026-09-06T13:58:15Z,bfd6f4f87fea9d866dvpve,va_humidity,55
2026-09-06T13:58:15Z,bfd6f4f87fea9d866dvpve,va_temperature,23.9
2026-09-06T13:58:16Z,bfd6f4f87fea9d866dvpve,battery_state,middle
2026-09-06T14:00:00Z,zewnatrz,va_humidity,49
2026-09-06T14:00:00Z,zewnatrz,va_temperature,18.7
2026-09-06T14:11:39Z,bf5741c97c96fa85b1d7do,battery_state,middle
2026-09-06T14:11:39Z,bf5741c97c96fa85b1d7do,va_humidity,55
2026-09-06T14:11:39Z,bf5741c97c96fa85b1d7do,va_temperature,23.8
2026-09-06T14:28:08Z,bf43cf664d6644420axva3,battery_state,middle
2026-09-06T14:28:08Z,bf43cf664d6644420axva3,va_humidity,53
2026-09-06T14:28:08Z,bf43cf664d6644420axva3,va_temperature,23.5
2026-09-06T14:50:16Z,bf7e2a70935af7de78mjqt,va_humidity,51
2026-09-06T14:50:16Z,bf7e2a70935af7de78mjqt,va_temperature,24.2
2026-09-06T14:50:17Z,bf7e2a70935af7de78mjqt,battery_state,middle
2026-09-06T14:57:56Z,bfd6f4f87fea9d866dvpve,battery_state,middle
2026-09-06T14:57:56Z,bfd6f4f87fea9d866dvpve,va_humidity,55
2026-09-06T14:57:56Z,bfd6f4f87fea9d866dvpve,va_temperature,23.9
2026-09-06T15:00:00Z,zewnatrz,va_humidity,48
2026-09-06T15:00:00Z,zewnatrz,va_temperature,18.6
2026-09-06T15:10:52Z,bf5741c97c96fa85b1d7do,battery_state,high
2026-09-06T15:10:52Z,bf5741c97c96fa85b1d7do,va_humidity,54
2026-09-06T15:10:52Z,bf5741c97c96fa85b1d7do,va_temperature,23.8
2026-09-06T15:27:34Z,bf43cf664d6644420axva3,battery_state,middle
2026-09-06T15:27:34Z,bf43cf664d6644420axva3,va_humidity,53
2026-09-06T15:27:34Z,bf43cf664d6644420axva3,va_temperature,23.5
2026-09-06T15:49:51Z,bf7e2a70935af7de78mjqt,va_temperature,24.2
2026-09-06T15:49:52Z,bf7e2a70935af7de78mjqt,battery_state,middle
2026-09-06T15:49:52Z,bf7e2a70935af7de78mjqt,va_humidity,51
2026-09-06T15:57:37Z,bfd6f4f87fea9d866dvpve,battery_state,middle
2026-09-06T15:57:37Z,bfd6f4f87fea9d866dvpve,va_humidity,54
2026-09-06T15:57:37Z,bfd6f4f87fea9d866dvpve,va_temperature,24
2026-09-06T16:00:00Z,zewnatrz,va_humidity,48
2026-09-06T16:00:00Z,zewnatrz,va_temperature,18.3
2026-09-06T16:10:04Z,bf5741c97c96fa85b1d7do,va_temperature,23.6
2026-09-06T16:10:05Z,bf5741c97c96fa85b1d7do,battery_state,high
2026-09-06T16:10:05Z,bf5741c97c96fa85b1d7do,va_humidity,54
2026-09-06T16:27:00Z,bf43cf664d6644420axva3,battery_state,middle
2026-09-06T16:27:00Z,bf43cf664d6644420axva3,va_humidity,53
2026-09-06T16:27:00Z,bf43cf664d6644420axva3,va_temperature,23.4
2026-09-06T16:49:26Z,bf7e2a70935af7de78mjqt,va_temperature,24.1
2026-09-06T16:49:27Z,bf7e2a70935af7de78mjqt,battery_state,middle
2026-09-06T16:49:27Z,bf7e2a70935af7de78mjqt,va_humidity,51
2026-09-06T16:57:18Z,bfd6f4f87fea9d866dvpve,va_humidity,54
2026-09-06T16:57:18Z,bfd6f4f87fea9d866dvpve,va_temperature,23.9
2026-09-06T16:57:19Z,bfd6f4f87fea9d866dvpve,battery_state,middle
2026-09-06T17:00:00Z,zewnatrz,va_humidity,51
2026-09-06T17:00:00Z,zewnatrz,va_temperature,17.6
2026-09-06T17:09:17Z,bf5741c97c96fa85b1d7do,va_temperature,23.6
2026-09-06T17:09:18Z,bf5741c97c96fa85b1d7do,battery_state,middle
2026-09-06T17:09:18Z,bf5741c97c96fa85b1d7do,va_humidity,54
2026-09-06T17:16:12Z,bf43cf664d6644420axva3,battery_state,middle
2026-09-06T17:16:12Z,bf43cf664d6644420axva3,va_humidity,48
2026-09-06T17:16:12Z,bf43cf664d6644420axva3,va_temperature,23.3
2026-09-06T17:35:07Z,bfd6f4f87fea9d866dvpve,battery_state,middle
2026-09-06T17:35:07Z,bfd6f4f87fea9d866dvpve,va_humidity,49
2026-09-06T17:35:07Z,bfd6f4f87fea9d866dvpve,va_temperature,23.8
2026-09-06T17:47:47Z,bf5741c97c96fa85b1d7do,battery_state,middle
2026-09-06T17:47:47Z,bf5741c97c96fa85b1d7do,va_humidity,49
2026-09-06T17:47:47Z,bf5741c97c96fa85b1d7do,va_temperature,23.4
2026-09-06T17:49:02Z,bf7e2a70935af7de78mjqt,battery_state,middle
2026-09-06T17:49:02Z,bf7e2a70935af7de78mjqt,va_humidity,49
2026-09-06T17:49:02Z,bf7e2a70935af7de78mjqt,va_temperature,23.8
2026-09-06T18:00:00Z,zewnatrz,va_humidity,59
2026-09-06T18:00:00Z,zewnatrz,va_temperature,16.7
2026-09-06T18:15:37Z,bf43cf664d6644420axva3,va_temperature,22.9
2026-09-06T18:15:38Z,bf43cf664d6644420axva3,battery_state,middle
2026-09-06T18:15:38Z,bf43cf664d6644420axva3,va_humidity,46
2026-09-06T18:34:48Z,bfd6f4f87fea9d866dvpve,battery_state,middle
2026-09-06T18:34:48Z,bfd6f4f87fea9d866dvpve,va_humidity,48
2026-09-06T18:34:48Z,bfd6f4f87fea9d866dvpve,va_temperature,23.6
2026-09-06T18:47:00Z,bf5741c97c96fa85b1d7do,battery_state,high
2026-09-06T18:47:00Z,bf5741c97c96fa85b1d7do,va_humidity,49
2026-09-06T18:47:00Z,bf5741c97c96fa85b1d7do,va_temperature,23.2
2026-09-06T18:48:37Z,bf7e2a70935af7de78mjqt,battery_state,middle
2026-09-06T18:48:37Z,bf7e2a70935af7de78mjqt,va_humidity,48
2026-09-06T18:48:37Z,bf7e2a70935af7de78mjqt,va_temperature,23.5
2026-09-06T19:00:00Z,zewnatrz,va_humidity,62
2026-09-06T19:00:00Z,zewnatrz,va_temperature,16.2
2026-09-06T19:15:04Z,bf43cf664d6644420axva3,battery_state,middle
2026-09-06T19:15:04Z,bf43cf664d6644420axva3,va_humidity,47
2026-09-06T19:15:04Z,bf43cf664d6644420axva3,va_temperature,22.9
2026-09-06T19:34:29Z,bfd6f4f87fea9d866dvpve,battery_state,middle
2026-09-06T19:34:29Z,bfd6f4f87fea9d866dvpve,va_humidity,48
2026-09-06T19:34:29Z,bfd6f4f87fea9d866dvpve,va_temperature,23.5
2026-09-06T19:46:12Z,bf5741c97c96fa85b1d7do,va_humidity,48
2026-09-06T19:46:12Z,bf5741c97c96fa85b1d7do,va_temperature,23.2
2026-09-06T19:46:13Z,bf5741c97c96fa85b1d7do,battery_state,high
2026-09-06T19:48:12Z,bf7e2a70935af7de78mjqt,battery_state,middle
2026-09-06T19:48:12Z,bf7e2a70935af7de78mjqt,va_humidity,47
2026-09-06T19:48:12Z,bf7e2a70935af7de78mjqt,va_temperature,23.3
2026-09-06T20:00:00Z,zewnatrz,va_humidity,64
2026-09-06T20:00:00Z,zewnatrz,va_temperature,15.9
2026-09-06T20:14:29Z,bf43cf664d6644420axva3,va_humidity,47
2026-09-06T20:14:29Z,bf43cf664d6644420axva3,va_temperature,22.9
2026-09-06T20:14:30Z,bf43cf664d6644420axva3,battery_state,middle
2026-09-06T20:34:10Z,bfd6f4f87fea9d866dvpve,va_humidity,48
2026-09-06T20:34:10Z,bfd6f4f87fea9d866dvpve,va_temperature,23.2
2026-09-06T20:34:11Z,bfd6f4f87fea9d866dvpve,battery_state,middle
2026-09-06T20:45:25Z,bf5741c97c96fa85b1d7do,battery_state,high
2026-09-06T20:45:25Z,bf5741c97c96fa85b1d7do,va_humidity,48
2026-09-06T20:45:25Z,bf5741c97c96fa85b1d7do,va_temperature,23
2026-09-06T20:47:37Z,bf7e2a70935af7de78mjqt,battery_state,middle
2026-09-06T20:47:37Z,bf7e2a70935af7de78mjqt,va_humidity,46
2026-09-06T20:47:37Z,bf7e2a70935af7de78mjqt,va_temperature,22.8
2026-09-06T21:00:00Z,zewnatrz,va_humidity,67
2026-09-06T21:00:00Z,zewnatrz,va_temperature,15
2026-09-06T21:13:55Z,bf43cf664d6644420axva3,va_temperature,22.9
2026-09-06T21:13:56Z,bf43cf664d6644420axva3,battery_state,middle
2026-09-06T21:13:56Z,bf43cf664d6644420axva3,va_humidity,47
2026-09-06T21:33:51Z,bfd6f4f87fea9d866dvpve,va_humidity,47
2026-09-06T21:33:51Z,bfd6f4f87fea9d866dvpve,va_temperature,23.2
2026-09-06T21:33:52Z,bfd6f4f87fea9d866dvpve,battery_state,middle
2026-09-06T21:44:38Z,bf5741c97c96fa85b1d7do,battery_state,high
2026-09-06T21:44:38Z,bf5741c97c96fa85b1d7do,va_humidity,48
2026-09-06T21:44:38Z,bf5741c97c96fa85b1d7do,va_temperature,22.8
2026-09-06T21:47:12Z,bf7e2a70935af7de78mjqt,va_temperature,22.6
2026-09-06T21:47:13Z,bf7e2a70935af7de78mjqt,battery_state,middle
2026-09-06T21:47:13Z,bf7e2a70935af7de78mjqt,va_humidity,46
2026-09-06T22:00:00Z,zewnatrz,va_humidity,68
2026-09-06T22:00:00Z,zewnatrz,va_temperature,14.5
2026-09-06T22:13:22Z,bf43cf664d6644420axva3,battery_state,middle
2026-09-06T22:13:22Z,bf43cf664d6644420axva3,va_humidity,46
2026-09-06T22:13:22Z,bf43cf664d6644420axva3,va_temperature,22.8
2026-09-06T22:33:32Z,bfd6f4f87fea9d866dvpve,battery_state,middle
2026-09-06T22:33:32Z,bfd6f4f87fea9d866dvpve,va_humidity,48
2026-09-06T22:33:32Z,bfd6f4f87fea9d866dvpve,va_temperature,23.2
2026-09-06T22:43:51Z,bf5741c97c96fa85b1d7do,battery_state,high
2026-09-06T22:43:51Z,bf5741c97c96fa85b1d7do,va_humidity,48
2026-09-06T22:43:51Z,bf5741c97c96fa85b1d7do,va_temperature,22.9
2026-09-06T22:46:48Z,bf7e2a70935af7de78mjqt,battery_state,middle
2026-09-06T22:46:48Z,bf7e2a70935af7de78mjqt,va_humidity,46
2026-09-06T22:46:48Z,bf7e2a70935af7de78mjqt,va_temperature,22.5
2026-09-06T23:00:00Z,zewnatrz,va_humidity,68
2026-09-06T23:00:00Z,zewnatrz,va_temperature,14.3
2026-09-06T23:12:48Z,bf43cf664d6644420axva3,battery_state,middle
2026-09-06T23:12:48Z,bf43cf664d6644420axva3,va_humidity,47
2026-09-06T23:12:48Z,bf43cf664d6644420axva3,va_temperature,22.6
2026-09-06T23:33:13Z,bfd6f4f87fea9d866dvpve,battery_state,middle
2026-09-06T23:33:13Z,bfd6f4f87fea9d866dvpve,va_humidity,48
2026-09-06T23:33:13Z,bfd6f4f87fea9d866dvpve,va_temperature,23.1
2026-09-06T23:43:03Z,bf5741c97c96fa85b1d7do,va_humidity,49
2026-09-06T23:43:03Z,bf5741c97c96fa85b1d7do,va_temperature,22.9
2026-09-06T23:43:04Z,bf5741c97c96fa85b1d7do,battery_state,high
2026-09-06T23:46:23Z,bf7e2a70935af7de78mjqt,battery_state,middle
2026-09-06T23:46:23Z,bf7e2a70935af7de78mjqt,va_humidity,46
2026-09-06T23:46:23Z,bf7e2a70935af7de78mjqt,va_temperature,22.7
2026-09-07T00:00:00Z,zewnatrz,va_humidity,71
2026-09-07T00:00:00Z,zewnatrz,va_temperature,13.1
2026-09-07T00:12:14Z,bf43cf664d6644420axva3,va_humidity,47
2026-09-07T00:12:14Z,bf43cf664d6644420axva3,va_temperature,22.4
2026-09-07T00:12:15Z,bf43cf664d6644420axva3,battery_state,middle
2026-09-07T00:32:53Z,bfd6f4f87fea9d866dvpve,battery_state,middle
2026-09-07T00:32:53Z,bfd6f4f87fea9d866dvpve,va_humidity,48
2026-09-07T00:32:53Z,bfd6f4f87fea9d866dvpve,va_temperature,23
2026-09-07T00:42:16Z,bf5741c97c96fa85b1d7do,battery_state,high
2026-09-07T00:42:16Z,bf5741c97c96fa85b1d7do,va_humidity,49
2026-09-07T00:42:16Z,bf5741c97c96fa85b1d7do,va_temperature,22.8
2026-09-07T00:45:58Z,bf7e2a70935af7de78mjqt,va_humidity,46
2026-09-07T00:45:58Z,bf7e2a70935af7de78mjqt,va_temperature,22.7
2026-09-07T00:45:59Z,bf7e2a70935af7de78mjqt,battery_state,middle
2026-09-07T01:00:00Z,zewnatrz,va_humidity,73
2026-09-07T01:00:00Z,zewnatrz,va_temperature,12.8
2026-09-07T01:11:41Z,bf43cf664d6644420axva3,battery_state,middle
2026-09-07T01:11:41Z,bf43cf664d6644420axva3,va_humidity,47
2026-09-07T01:11:41Z,bf43cf664d6644420axva3,va_temperature,22.2
2026-09-07T01:32:34Z,bfd6f4f87fea9d866dvpve,va_temperature,22.9
2026-09-07T01:32:35Z,bfd6f4f87fea9d866dvpve,battery_state,middle
2026-09-07T01:32:35Z,bfd6f4f87fea9d866dvpve,va_humidity,48
2026-09-07T01:41:29Z,bf5741c97c96fa85b1d7do,battery_state,high
2026-09-07T01:41:29Z,bf5741c97c96fa85b1d7do,va_humidity,49
2026-09-07T01:41:29Z,bf5741c97c96fa85b1d7do,va_temperature,22.8
2026-09-07T01:45:34Z,bf7e2a70935af7de78mjqt,battery_state,middle
2026-09-07T01:45:34Z,bf7e2a70935af7de78mjqt,va_humidity,46
2026-09-07T01:45:34Z,bf7e2a70935af7de78mjqt,va_temperature,22.7
2026-09-07T02:00:00Z,zewnatrz,va_humidity,73
2026-09-07T02:00:00Z,zewnatrz,va_temperature,12.5
2026-09-07T02:11:08Z,bf43cf664d6644420axva3,va_humidity,47
2026-09-07T02:11:08Z,bf43cf664d6644420axva3,va_temperature,22.1
2026-09-07T02:11:09Z,bf43cf664d6644420axva3,battery_state,middle
2026-09-07T02:32:15Z,bfd6f4f87fea9d866dvpve,va_humidity,48
2026-09-07T02:32:15Z,bfd6f4f87fea9d866dvpve,va_temperature,22.9
2026-09-07T02:32:16Z,bfd6f4f87fea9d866dvpve,battery_state,middle
2026-09-07T02:40:42Z,bf5741c97c96fa85b1d7do,battery_state,high
2026-09-07T02:40:42Z,bf5741c97c96fa85b1d7do,va_humidity,49
2026-09-07T02:40:42Z,bf5741c97c96fa85b1d7do,va_temperature,22.6
2026-09-07T02:45:09Z,bf7e2a70935af7de78mjqt,battery_state,middle
2026-09-07T02:45:09Z,bf7e2a70935af7de78mjqt,va_humidity,46
2026-09-07T02:45:09Z,bf7e2a70935af7de78mjqt,va_temperature,22.6
2026-09-07T03:00:00Z,zewnatrz,va_humidity,74
2026-09-07T03:00:00Z,zewnatrz,va_temperature,12.5
2026-09-07T03:10:35Z,bf43cf664d6644420axva3,battery_state,middle
2026-09-07T03:10:35Z,bf43cf664d6644420axva3,va_humidity,47
2026-09-07T03:10:35Z,bf43cf664d6644420axva3,va_temperature,21.9
2026-09-07T03:31:56Z,bfd6f4f87fea9d866dvpve,battery_state,middle
2026-09-07T03:31:56Z,bfd6f4f87fea9d866dvpve,va_humidity,48
2026-09-07T03:31:56Z,bfd6f4f87fea9d866dvpve,va_temperature,22.8
2026-09-07T03:39:54Z,bf5741c97c96fa85b1d7do,battery_state,high
2026-09-07T03:39:54Z,bf5741c97c96fa85b1d7do,va_humidity,49
2026-09-07T03:39:54Z,bf5741c97c96fa85b1d7do,va_temperature,22.5
2026-09-07T03:44:44Z,bf7e2a70935af7de78mjqt,va_humidity,46
2026-09-07T03:44:44Z,bf7e2a70935af7de78mjqt,va_temperature,22.6
2026-09-07T03:44:45Z,bf7e2a70935af7de78mjqt,battery_state,middle
2026-09-07T04:00:00Z,zewnatrz,va_humidity,74
2026-09-07T04:00:00Z,zewnatrz,va_temperature,12.5
2026-09-07T04:10:02Z,bf43cf664d6644420axva3,battery_state,middle
2026-09-07T04:10:02Z,bf43cf664d6644420axva3,va_humidity,47
2026-09-07T04:10:02Z,bf43cf664d6644420axva3,va_temperature,21.7
2026-09-07T04:31:36Z,bfd6f4f87fea9d866dvpve,va_temperature,22.7
2026-09-07T04:31:37Z,bfd6f4f87fea9d866dvpve,battery_state,middle
2026-09-07T04:31:37Z,bfd6f4f87fea9d866dvpve,va_humidity,48
2026-09-07T04:39:07Z,bf5741c97c96fa85b1d7do,battery_state,middle
2026-09-07T04:39:07Z,bf5741c97c96fa85b1d7do,va_humidity,49
2026-09-07T04:39:07Z,bf5741c97c96fa85b1d7do,va_temperature,22.4
2026-09-07T04:44:19Z,bf7e2a70935af7de78mjqt,va_temperature,22.5
2026-09-07T04:44:20Z,bf7e2a70935af7de78mjqt,battery_state,middle
2026-09-07T04:44:20Z,bf7e2a70935af7de78mjqt,va_humidity,46
2026-09-07T05:00:00Z,zewnatrz,va_humidity,73
2026-09-07T05:00:00Z,zewnatrz,va_temperature,12.3
2026-09-07T05:09:28Z,bf43cf664d6644420axva3,va_humidity,47
2026-09-07T05:09:28Z,bf43cf664d6644420axva3,va_temperature,21.6
2026-09-07T05:09:29Z,bf43cf664d6644420axva3,battery_state,middle
2026-09-07T05:11:04Z,bfd6f4f87fea9d866dvpve,battery_state,middle
2026-09-07T05:11:04Z,bfd6f4f87fea9d866dvpve,va_humidity,48
2026-09-07T05:11:04Z,bfd6f4f87fea9d866dvpve,va_temperature,22.2
2026-09-07T05:38:20Z,bf5741c97c96fa85b1d7do,battery_state,middle
2026-09-07T05:38:20Z,bf5741c97c96fa85b1d7do,va_humidity,48
2026-09-07T05:38:20Z,bf5741c97c96fa85b1d7do,va_temperature,22.3
2026-09-07T05:43:54Z,bf7e2a70935af7de78mjqt,battery_state,middle
2026-09-07T05:43:54Z,bf7e2a70935af7de78mjqt,va_humidity,46
2026-09-07T05:43:54Z,bf7e2a70935af7de78mjqt,va_temperature,22.6
2026-09-07T06:00:00Z,zewnatrz,va_humidity,70
2026-09-07T06:00:00Z,zewnatrz,va_temperature,13.3
2026-09-07T06:08:55Z,bf43cf664d6644420axva3,battery_state,middle
2026-09-07T06:08:55Z,bf43cf664d6644420axva3,va_humidity,48
2026-09-07T06:08:55Z,bf43cf664d6644420axva3,va_temperature,21.5
2026-09-07T06:10:45Z,bfd6f4f87fea9d866dvpve,battery_state,middle
2026-09-07T06:10:45Z,bfd6f4f87fea9d866dvpve,va_humidity,49
2026-09-07T06:10:45Z,bfd6f4f87fea9d866dvpve,va_temperature,22.1
2026-09-07T06:37:33Z,bf5741c97c96fa85b1d7do,battery_state,middle
2026-09-07T06:37:33Z,bf5741c97c96fa85b1d7do,va_humidity,49
2026-09-07T06:37:33Z,bf5741c97c96fa85b1d7do,va_temperature,22.3
2026-09-07T06:43:29Z,bf7e2a70935af7de78mjqt,battery_state,middle
2026-09-07T06:43:29Z,bf7e2a70935af7de78mjqt,va_humidity,46
2026-09-07T06:43:29Z,bf7e2a70935af7de78mjqt,va_temperature,22.4
2026-09-07T07:00:00Z,zewnatrz,va_humidity,64
2026-09-07T07:00:00Z,zewnatrz,va_temperature,14.9
2026-09-07T07:08:22Z,bf43cf664d6644420axva3,battery_state,middle
2026-09-07T07:08:22Z,bf43cf664d6644420axva3,va_humidity,48
2026-09-07T07:08:22Z,bf43cf664d6644420axva3,va_temperature,21.6
2026-09-07T07:10:26Z,bfd6f4f87fea9d866dvpve,battery_state,middle
2026-09-07T07:10:26Z,bfd6f4f87fea9d866dvpve,va_humidity,49
2026-09-07T07:10:26Z,bfd6f4f87fea9d866dvpve,va_temperature,22.4
2026-09-07T07:36:45Z,bf5741c97c96fa85b1d7do,battery_state,high
2026-09-07T07:36:45Z,bf5741c97c96fa85b1d7do,va_humidity,50
2026-09-07T07:36:45Z,bf5741c97c96fa85b1d7do,va_temperature,22.5
2026-09-07T07:43:05Z,bf7e2a70935af7de78mjqt,battery_state,middle
2026-09-07T07:43:05Z,bf7e2a70935af7de78mjqt,va_humidity,46
2026-09-07T07:43:05Z,bf7e2a70935af7de78mjqt,va_temperature,22.4
2026-09-07T08:00:00Z,zewnatrz,va_humidity,54
2026-09-07T08:00:00Z,zewnatrz,va_temperature,16.8
2026-09-07T08:07:49Z,bf43cf664d6644420axva3,battery_state,middle
2026-09-07T08:07:49Z,bf43cf664d6644420axva3,va_humidity,48
2026-09-07T08:07:49Z,bf43cf664d6644420axva3,va_temperature,21.9
2026-09-07T08:10:07Z,bfd6f4f87fea9d866dvpve,battery_state,middle
2026-09-07T08:10:07Z,bfd6f4f87fea9d866dvpve,va_humidity,50
2026-09-07T08:10:07Z,bfd6f4f87fea9d866dvpve,va_temperature,22.5
2026-09-07T08:35:58Z,bf5741c97c96fa85b1d7do,battery_state,high
2026-09-07T08:35:58Z,bf5741c97c96fa85b1d7do,va_humidity,50
2026-09-07T08:35:58Z,bf5741c97c96fa85b1d7do,va_temperature,22.7
2026-09-07T08:42:41Z,bf7e2a70935af7de78mjqt,battery_state,middle
2026-09-07T08:42:41Z,bf7e2a70935af7de78mjqt,va_humidity,46
2026-09-07T08:42:41Z,bf7e2a70935af7de78mjqt,va_temperature,22.7
2026-09-07T09:00:00Z,zewnatrz,va_humidity,46
2026-09-07T09:00:00Z,zewnatrz,va_temperature,18.4
2026-09-07T09:07:15Z,bf43cf664d6644420axva3,va_temperature,22.2
2026-09-07T09:07:16Z,bf43cf664d6644420axva3,battery_state,middle
2026-09-07T09:07:16Z,bf43cf664d6644420axva3,va_humidity,49
2026-09-07T09:09:48Z,bfd6f4f87fea9d866dvpve,va_temperature,22.6
2026-09-07T09:09:49Z,bfd6f4f87fea9d866dvpve,battery_state,middle
2026-09-07T09:09:49Z,bfd6f4f87fea9d866dvpve,va_humidity,50
2026-09-07T09:35:11Z,bf5741c97c96fa85b1d7do,battery_state,high
2026-09-07T09:35:11Z,bf5741c97c96fa85b1d7do,va_humidity,49
2026-09-07T09:35:11Z,bf5741c97c96fa85b1d7do,va_temperature,22.9
2026-09-07T09:42:16Z,bf7e2a70935af7de78mjqt,va_humidity,45
2026-09-07T09:42:16Z,bf7e2a70935af7de78mjqt,va_temperature,23
2026-09-07T09:42:17Z,bf7e2a70935af7de78mjqt,battery_state,middle
2026-09-07T10:00:00Z,zewnatrz,va_humidity,42
2026-09-07T10:00:00Z,zewnatrz,va_temperature,19.7
2026-09-07T10:06:41Z,bf43cf664d6644420axva3,va_temperature,22.4
2026-09-07T10:06:42Z,bf43cf664d6644420axva3,battery_state,middle
2026-09-07T10:06:42Z,bf43cf664d6644420axva3,va_humidity,49
2026-09-07T10:09:30Z,bfd6f4f87fea9d866dvpve,battery_state,middle
2026-09-07T10:09:30Z,bfd6f4f87fea9d866dvpve,va_humidity,49
2026-09-07T10:09:30Z,bfd6f4f87fea9d866dvpve,va_temperature,22.8
2026-09-07T10:31:17Z,bf5741c97c96fa85b1d7do,battery_state,high
2026-09-07T10:31:17Z,bf5741c97c96fa85b1d7do,va_humidity,50
2026-09-07T10:31:17Z,bf5741c97c96fa85b1d7do,va_temperature,23.4
2026-09-07T10:41:52Z,bf7e2a70935af7de78mjqt,battery_state,middle
2026-09-07T10:41:52Z,bf7e2a70935af7de78mjqt,va_humidity,45
2026-09-07T10:41:52Z,bf7e2a70935af7de78mjqt,va_temperature,23.3
2026-09-07T11:00:00Z,zewnatrz,va_humidity,0
2026-09-07T11:00:00Z,zewnatrz,va_temperature,20.2
2026-09-07T11:06:08Z,bf43cf664d6644420axva3,battery_state,middle
2026-09-07T11:06:08Z,bf43cf664d6644420axva3,va_humidity,49
2026-09-07T11:06:08Z,bf43cf664d6644420axva3,va_temperature,22.7
2026-09-07T11:09:11Z,bfd6f4f87fea9d866dvpve,battery_state,middle
2026-09-07T11:09:11Z,bfd6f4f87fea9d866dvpve,va_humidity,50
2026-09-07T11:09:11Z,bfd6f4f87fea9d866dvpve,va_temperature,22.9
2026-09-07T11:30:29Z,bf5741c97c96fa85b1d7do,va_humidity,49
2026-09-07T11:30:29Z,bf5741c97c96fa85b1d7do,va_temperature,23.5
2026-09-07T11:30:30Z,bf5741c97c96fa85b1d7do,battery_state,high
2026-09-07T11:41:27Z,bf7e2a70935af7de78mjqt,battery_state,middle
2026-09-07T11:41:27Z,bf7e2a70935af7de78mjqt,va_humidity,44
2026-09-07T11:41:27Z,bf7e2a70935af7de78mjqt,va_temperature,23.5
2026-09-07T12:00:00Z,zewnatrz,va_humidity,0
2026-09-07T12:00:00Z,zewnatrz,va_temperature,20.6
2026-09-07T12:05:34Z,bf43cf664d6644420axva3,va_humidity,49
2026-09-07T12:05:34Z,bf43cf664d6644420axva3,va_temperature,22.6
2026-09-07T12:05:35Z,bf43cf664d6644420axva3,battery_state,middle
2026-09-07T12:08:52Z,bfd6f4f87fea9d866dvpve,battery_state,middle
2026-09-07T12:08:52Z,bfd6f4f87fea9d866dvpve,va_humidity,51
2026-09-07T12:08:52Z,bfd6f4f87fea9d866dvpve,va_temperature,23.1
2026-09-07T12:29:42Z,bf5741c97c96fa85b1d7do,va_humidity,48
2026-09-07T12:29:42Z,bf5741c97c96fa85b1d7do,va_temperature,23.5
2026-09-07T12:29:43Z,bf5741c97c96fa85b1d7do,battery_state,high
2026-09-07T12:31:00Z,bf43cf664d6644420axva3,battery_state,middle
2026-09-07T12:31:00Z,bf43cf664d6644420axva3,va_humidity,54
2026-09-07T12:31:00Z,bf43cf664d6644420axva3,va_temperature,22.5
2026-09-07T12:41:03Z,bf7e2a70935af7de78mjqt,battery_state,middle
2026-09-07T12:41:03Z,bf7e2a70935af7de78mjqt,va_humidity,45
2026-09-07T12:41:03Z,bf7e2a70935af7de78mjqt,va_temperature,23.4
2026-09-07T13:00:00Z,zewnatrz,va_humidity,0
2026-09-07T13:00:00Z,zewnatrz,va_temperature,20.8
2026-09-07T13:08:32Z,bfd6f4f87fea9d866dvpve,va_humidity,50
2026-09-07T13:08:32Z,bfd6f4f87fea9d866dvpve,va_temperature,23
2026-09-07T13:08:33Z,bfd6f4f87fea9d866dvpve,battery_state,middle
2026-09-07T13:28:55Z,bf5741c97c96fa85b1d7do,battery_state,high
2026-09-07T13:28:55Z,bf5741c97c96fa85b1d7do,va_humidity,49
2026-09-07T13:28:55Z,bf5741c97c96fa85b1d7do,va_temperature,23.4
2026-09-07T13:30:26Z,bf43cf664d6644420axva3,va_humidity,58
2026-09-07T13:30:26Z,bf43cf664d6644420axva3,va_temperature,22.4
2026-09-07T13:30:27Z,bf43cf664d6644420axva3,battery_state,middle
2026-09-07T13:33:54Z,bfd6f4f87fea9d866dvpve,va_temperature,23.1
2026-09-07T13:33:55Z,bfd6f4f87fea9d866dvpve,battery_state,middle
2026-09-07T13:33:55Z,bfd6f4f87fea9d866dvpve,va_humidity,55
2026-09-07T13:40:38Z,bf7e2a70935af7de78mjqt,va_humidity,45
2026-09-07T13:40:38Z,bf7e2a70935af7de78mjqt,va_temperature,23.3
2026-09-07T13:40:39Z,bf7e2a70935af7de78mjqt,battery_state,middle
2026-09-07T14:00:00Z,zewnatrz,va_humidity,0
2026-09-07T14:00:00Z,zewnatrz,va_temperature,21.3
2026-09-07T14:28:07Z,bf5741c97c96fa85b1d7do,va_temperature,23.5
2026-09-07T14:28:08Z,bf5741c97c96fa85b1d7do,battery_state,high
2026-09-07T14:28:08Z,bf5741c97c96fa85b1d7do,va_humidity,52
2026-09-07T14:29:53Z,bf43cf664d6644420axva3,battery_state,middle
2026-09-07T14:29:53Z,bf43cf664d6644420axva3,va_humidity,57
2026-09-07T14:29:53Z,bf43cf664d6644420axva3,va_temperature,22.5
2026-09-07T14:33:35Z,bfd6f4f87fea9d866dvpve,va_temperature,22.9
2026-09-07T14:33:36Z,bfd6f4f87fea9d866dvpve,battery_state,middle
2026-09-07T14:33:36Z,bfd6f4f87fea9d866dvpve,va_humidity,57
2026-09-07T14:40:14Z,bf7e2a70935af7de78mjqt,battery_state,middle
2026-09-07T14:40:14Z,bf7e2a70935af7de78mjqt,va_humidity,44
2026-09-07T14:40:14Z,bf7e2a70935af7de78mjqt,va_temperature,23.3
2026-09-07T15:00:00Z,zewnatrz,va_humidity,0
2026-09-07T15:00:00Z,zewnatrz,va_temperature,21.1
2026-09-07T15:27:19Z,bf5741c97c96fa85b1d7do,va_humidity,49
2026-09-07T15:27:19Z,bf5741c97c96fa85b1d7do,va_temperature,23.3
2026-09-07T15:27:20Z,bf5741c97c96fa85b1d7do,battery_state,high
2026-09-07T15:29:19Z,bf43cf664d6644420axva3,battery_state,middle
2026-09-07T15:29:19Z,bf43cf664d6644420axva3,va_humidity,58
2026-09-07T15:29:19Z,bf43cf664d6644420axva3,va_temperature,22.4
2026-09-07T15:33:16Z,bfd6f4f87fea9d866dvpve,battery_state,middle
2026-09-07T15:33:16Z,bfd6f4f87fea9d866dvpve,va_humidity,56
2026-09-07T15:33:16Z,bfd6f4f87fea9d866dvpve,va_temperature,22.9
2026-09-07T15:39:49Z,bf7e2a70935af7de78mjqt,va_humidity,44
2026-09-07T15:39:49Z,bf7e2a70935af7de78mjqt,va_temperature,23.4
2026-09-07T15:39:50Z,bf7e2a70935af7de78mjqt,battery_state,middle
2026-09-07T16:00:00Z,zewnatrz,va_humidity,0
2026-09-07T16:00:00Z,zewnatrz,va_temperature,21
2026-09-07T16:26:31Z,bf5741c97c96fa85b1d7do,va_humidity,49
2026-09-07T16:26:31Z,bf5741c97c96fa85b1d7do,va_temperature,23.2
2026-09-07T16:26:32Z,bf5741c97c96fa85b1d7do,battery_state,high
2026-09-07T16:28:45Z,bf43cf664d6644420axva3,battery_state,middle
2026-09-07T16:28:45Z,bf43cf664d6644420axva3,va_humidity,58
2026-09-07T16:28:45Z,bf43cf664d6644420axva3,va_temperature,22.4
2026-09-07T16:32:57Z,bfd6f4f87fea9d866dvpve,battery_state,middle
2026-09-07T16:32:57Z,bfd6f4f87fea9d866dvpve,va_humidity,54
2026-09-07T16:32:57Z,bfd6f4f87fea9d866dvpve,va_temperature,22.8
2026-09-07T16:39:25Z,bf7e2a70935af7de78mjqt,battery_state,middle
2026-09-07T16:39:25Z,bf7e2a70935af7de78mjqt,va_humidity,44
2026-09-07T16:39:25Z,bf7e2a70935af7de78mjqt,va_temperature,23.3
2026-09-07T17:00:00Z,zewnatrz,va_humidity,0
2026-09-07T17:00:00Z,zewnatrz,va_temperature,20.2
2026-09-07T17:25:43Z,bf5741c97c96fa85b1d7do,va_humidity,49
2026-09-07T17:25:43Z,bf5741c97c96fa85b1d7do,va_temperature,23.1
2026-09-07T17:25:44Z,bf5741c97c96fa85b1d7do,battery_state,middle
2026-09-07T17:28:11Z,bf43cf664d6644420axva3,va_temperature,22.3
2026-09-07T17:28:12Z,bf43cf664d6644420axva3,battery_state,middle
2026-09-07T17:28:12Z,bf43cf664d6644420axva3,va_humidity,56
2026-09-07T17:32:38Z,bfd6f4f87fea9d866dvpve,battery_state,middle
2026-09-07T17:32:38Z,bfd6f4f87fea9d866dvpve,va_humidity,51
2026-09-07T17:32:38Z,bfd6f4f87fea9d866dvpve,va_temperature,22.8
2026-09-07T17:39:00Z,bf7e2a70935af7de78mjqt,va_temperature,23.1
2026-09-07T17:39:01Z,bf7e2a70935af7de78mjqt,battery_state,middle
2026-09-07T17:39:01Z,bf7e2a70935af7de78mjqt,va_humidity,45
2026-09-07T18:00:00Z,zewnatrz,va_humidity,0
2026-09-07T18:00:00Z,zewnatrz,va_temperature,19.7
2026-09-07T18:24:56Z,bf5741c97c96fa85b1d7do,battery_state,middle
2026-09-07T18:24:56Z,bf5741c97c96fa85b1d7do,va_humidity,50
2026-09-07T18:24:56Z,bf5741c97c96fa85b1d7do,va_temperature,23
2026-09-07T18:27:38Z,bf43cf664d6644420axva3,battery_state,middle
2026-09-07T18:27:38Z,bf43cf664d6644420axva3,va_humidity,55
2026-09-07T18:27:38Z,bf43cf664d6644420axva3,va_temperature,22.3
2026-09-07T18:32:20Z,bfd6f4f87fea9d866dvpve,battery_state,middle
2026-09-07T18:32:20Z,bfd6f4f87fea9d866dvpve,va_humidity,51
2026-09-07T18:32:20Z,bfd6f4f87fea9d866dvpve,va_temperature,22.8
2026-09-07T18:38:36Z,bf7e2a70935af7de78mjqt,va_temperature,23
2026-09-07T18:38:37Z,bf7e2a70935af7de78mjqt,battery_state,middle
2026-09-07T18:38:37Z,bf7e2a70935af7de78mjqt,va_humidity,46
2026-09-07T19:00:00Z,zewnatrz,va_humidity,0
2026-09-07T19:00:00Z,zewnatrz,va_temperature,19.6
2026-09-07T19:24:08Z,bf5741c97c96fa85b1d7do,battery_state,middle
2026-09-07T19:24:08Z,bf5741c97c96fa85b1d7do,va_humidity,50
2026-09-07T19:24:08Z,bf5741c97c96fa85b1d7do,va_temperature,22.9
2026-09-07T19:27:05Z,bf43cf664d6644420axva3,battery_state,middle
2026-09-07T19:27:05Z,bf43cf664d6644420axva3,va_humidity,54
2026-09-07T19:27:05Z,bf43cf664d6644420axva3,va_temperature,22.3
2026-09-07T19:32:01Z,bfd6f4f87fea9d866dvpve,va_temperature,22.7
2026-09-07T19:32:02Z,bfd6f4f87fea9d866dvpve,battery_state,middle
2026-09-07T19:32:02Z,bfd6f4f87fea9d866dvpve,va_humidity,51
2026-09-07T19:38:12Z,bf7e2a70935af7de78mjqt,battery_state,middle
2026-09-07T19:38:12Z,bf7e2a70935af7de78mjqt,va_humidity,46
2026-09-07T19:38:12Z,bf7e2a70935af7de78mjqt,va_temperature,22.8
2026-09-07T20:00:00Z,zewnatrz,va_humidity,0
2026-09-07T20:00:00Z,zewnatrz,va_temperature,19.2
2026-09-07T20:23:21Z,bf5741c97c96fa85b1d7do,battery_state,high
2026-09-07T20:23:21Z,bf5741c97c96fa85b1d7do,va_humidity,50
2026-09-07T20:23:21Z,bf5741c97c96fa85b1d7do,va_temperature,22.7
2026-09-07T20:26:31Z,bf43cf664d6644420axva3,battery_state,middle
2026-09-07T20:26:31Z,bf43cf664d6644420axva3,va_humidity,55
2026-09-07T20:26:31Z,bf43cf664d6644420axva3,va_temperature,22.2
2026-09-07T20:31:43Z,bfd6f4f87fea9d866dvpve,va_humidity,51
2026-09-07T20:31:43Z,bfd6f4f87fea9d866dvpve,va_temperature,22.6
2026-09-07T20:31:44Z,bfd6f4f87fea9d866dvpve,battery_state,middle
2026-09-07T20:37:48Z,bf7e2a70935af7de78mjqt,battery_state,middle
2026-09-07T20:37:48Z,bf7e2a70935af7de78mjqt,va_humidity,46
2026-09-07T20:37:48Z,bf7e2a70935af7de78mjqt,va_temperature,22.5
2026-09-07T21:00:00Z,zewnatrz,va_humidity,49
2026-09-07T21:00:00Z,zewnatrz,va_temperature,18.6
2026-09-07T21:22:33Z,bf5741c97c96fa85b1d7do,battery_state,high
2026-09-07T21:22:33Z,bf5741c97c96fa85b1d7do,va_humidity,49
2026-09-07T21:22:33Z,bf5741c97c96fa85b1d7do,va_temperature,22.5
2026-09-07T21:25:58Z,bf43cf664d6644420axva3,battery_state,middle
2026-09-07T21:25:58Z,bf43cf664d6644420axva3,va_humidity,55
2026-09-07T21:25:58Z,bf43cf664d6644420axva3,va_temperature,22.1
2026-09-07T21:31:25Z,bfd6f4f87fea9d866dvpve,va_temperature,22.5
2026-09-07T21:31:26Z,bfd6f4f87fea9d866dvpve,battery_state,middle
2026-09-07T21:31:26Z,bfd6f4f87fea9d866dvpve,va_humidity,50
2026-09-07T21:37:24Z,bf7e2a70935af7de78mjqt,battery_state,middle
2026-09-07T21:37:24Z,bf7e2a70935af7de78mjqt,va_humidity,46
2026-09-07T21:37:24Z,bf7e2a70935af7de78mjqt,va_temperature,22.3
2026-09-07T22:00:00Z,zewnatrz,va_humidity,51
2026-09-07T22:00:00Z,zewnatrz,va_temperature,18.2
2026-09-07T22:21:45Z,bf5741c97c96fa85b1d7do,battery_state,high
2026-09-07T22:21:45Z,bf5741c97c96fa85b1d7do,va_humidity,50
2026-09-07T22:21:45Z,bf5741c97c96fa85b1d7do,va_temperature,22.4
2026-09-07T22:25:24Z,bf43cf664d6644420axva3,va_humidity,53
2026-09-07T22:25:24Z,bf43cf664d6644420axva3,va_temperature,22
2026-09-07T22:25:25Z,bf43cf664d6644420axva3,battery_state,middle
2026-09-07T22:31:07Z,bfd6f4f87fea9d866dvpve,battery_state,middle
2026-09-07T22:31:07Z,bfd6f4f87fea9d866dvpve,va_humidity,52
2026-09-07T22:31:07Z,bfd6f4f87fea9d866dvpve,va_temperature,22.6
2026-09-07T22:37:00Z,bf7e2a70935af7de78mjqt,battery_state,middle
2026-09-07T22:37:00Z,bf7e2a70935af7de78mjqt,va_humidity,46
2026-09-07T22:37:00Z,bf7e2a70935af7de78mjqt,va_temperature,22.2
2026-09-07T23:00:00Z,zewnatrz,va_humidity,55
2026-09-07T23:00:00Z,zewnatrz,va_temperature,17.3
2026-09-07T23:20:57Z,bf5741c97c96fa85b1d7do,battery_state,middle
2026-09-07T23:20:57Z,bf5741c97c96fa85b1d7do,va_humidity,51
2026-09-07T23:20:57Z,bf5741c97c96fa85b1d7do,va_temperature,22.1
2026-09-07T23:24:51Z,bf43cf664d6644420axva3,battery_state,middle
2026-09-07T23:24:51Z,bf43cf664d6644420axva3,va_humidity,52
2026-09-07T23:24:51Z,bf43cf664d6644420axva3,va_temperature,21.9
2026-09-07T23:30:49Z,bfd6f4f87fea9d866dvpve,battery_state,middle
2026-09-07T23:30:49Z,bfd6f4f87fea9d866dvpve,va_humidity,53
2026-09-07T23:30:49Z,bfd6f4f87fea9d866dvpve,va_temperature,22.5
2026-09-07T23:36:36Z,bf7e2a70935af7de78mjqt,battery_state,middle
2026-09-07T23:36:36Z,bf7e2a70935af7de78mjqt,va_humidity,47
2026-09-07T23:36:36Z,bf7e2a70935af7de78mjqt,va_temperature,22.4
2026-09-08T00:00:00Z,zewnatrz,va_humidity,59
2026-09-08T00:00:00Z,zewnatrz,va_temperature,16.2
2026-09-08T00:20:08Z,bf5741c97c96fa85b1d7do,va_temperature,21.9
2026-09-08T00:20:09Z,bf5741c97c96fa85b1d7do,battery_state,middle
2026-09-08T00:20:09Z,bf5741c97c96fa85b1d7do,va_humidity,52
2026-09-08T00:24:18Z,bf43cf664d6644420axva3,battery_state,middle
2026-09-08T00:24:18Z,bf43cf664d6644420axva3,va_humidity,52
2026-09-08T00:24:18Z,bf43cf664d6644420axva3,va_temperature,21.7
2026-09-08T00:30:31Z,bfd6f4f87fea9d866dvpve,battery_state,middle
2026-09-08T00:30:31Z,bfd6f4f87fea9d866dvpve,va_humidity,53
2026-09-08T00:30:31Z,bfd6f4f87fea9d866dvpve,va_temperature,22.4
2026-09-08T00:36:12Z,bf7e2a70935af7de78mjqt,va_temperature,22.5
2026-09-08T00:36:13Z,bf7e2a70935af7de78mjqt,battery_state,middle
2026-09-08T00:36:13Z,bf7e2a70935af7de78mjqt,va_humidity,48
2026-09-08T01:00:00Z,zewnatrz,va_humidity,61
2026-09-08T01:00:00Z,zewnatrz,va_temperature,15.6
2026-09-08T01:19:20Z,bf5741c97c96fa85b1d7do,va_humidity,53
2026-09-08T01:19:20Z,bf5741c97c96fa85b1d7do,va_temperature,21.7
2026-09-08T01:19:21Z,bf5741c97c96fa85b1d7do,battery_state,middle
2026-09-08T01:23:44Z,bf43cf664d6644420axva3,va_humidity,53
2026-09-08T01:23:44Z,bf43cf664d6644420axva3,va_temperature,21.6
2026-09-08T01:23:45Z,bf43cf664d6644420axva3,battery_state,middle
2026-09-08T01:30:12Z,bfd6f4f87fea9d866dvpve,va_temperature,22.3
2026-09-08T01:30:13Z,bfd6f4f87fea9d866dvpve,battery_state,middle
2026-09-08T01:30:13Z,bfd6f4f87fea9d866dvpve,va_humidity,54
2026-09-08T01:35:49Z,bf7e2a70935af7de78mjqt,va_humidity,48
2026-09-08T01:35:49Z,bf7e2a70935af7de78mjqt,va_temperature,22.7
2026-09-08T01:35:50Z,bf7e2a70935af7de78mjqt,battery_state,middle
2026-09-08T02:00:00Z,zewnatrz,va_humidity,62
2026-09-08T02:00:00Z,zewnatrz,va_temperature,15.3
2026-09-08T02:18:33Z,bf5741c97c96fa85b1d7do,battery_state,middle
2026-09-08T02:18:33Z,bf5741c97c96fa85b1d7do,va_humidity,54
2026-09-08T02:18:33Z,bf5741c97c96fa85b1d7do,va_temperature,21.6
2026-09-08T02:23:11Z,bf43cf664d6644420axva3,battery_state,middle
2026-09-08T02:23:11Z,bf43cf664d6644420axva3,va_humidity,53
2026-09-08T02:23:11Z,bf43cf664d6644420axva3,va_temperature,21.5
2026-09-08T02:29:55Z,bfd6f4f87fea9d866dvpve,battery_state,middle
2026-09-08T02:29:55Z,bfd6f4f87fea9d866dvpve,va_humidity,54
2026-09-08T02:29:55Z,bfd6f4f87fea9d866dvpve,va_temperature,22.2
2026-09-08T02:35:26Z,bf7e2a70935af7de78mjqt,battery_state,middle
2026-09-08T02:35:26Z,bf7e2a70935af7de78mjqt,va_humidity,48
2026-09-08T02:35:26Z,bf7e2a70935af7de78mjqt,va_temperature,22.7
2026-09-08T03:00:00Z,zewnatrz,va_humidity,63
2026-09-08T03:00:00Z,zewnatrz,va_temperature,15.1
2026-09-08T03:17:45Z,bf5741c97c96fa85b1d7do,battery_state,middle
2026-09-08T03:17:45Z,bf5741c97c96fa85b1d7do,va_humidity,54
2026-09-08T03:17:45Z,bf5741c97c96fa85b1d7do,va_temperature,21.4
2026-09-08T03:22:38Z,bf43cf664d6644420axva3,battery_state,middle
2026-09-08T03:22:38Z,bf43cf664d6644420axva3,va_humidity,52
2026-09-08T03:22:38Z,bf43cf664d6644420axva3,va_temperature,21.5
2026-09-08T03:29:37Z,bfd6f4f87fea9d866dvpve,battery_state,middle
2026-09-08T03:29:37Z,bfd6f4f87fea9d866dvpve,va_humidity,54
2026-09-08T03:29:37Z,bfd6f4f87fea9d866dvpve,va_temperature,22.2
2026-09-08T03:35:01Z,bf7e2a70935af7de78mjqt,va_temperature,22.8
2026-09-08T03:35:02Z,bf7e2a70935af7de78mjqt,battery_state,middle
2026-09-08T03:35:02Z,bf7e2a70935af7de78mjqt,va_humidity,48
2026-09-08T04:00:00Z,zewnatrz,va_humidity,63
2026-09-08T04:00:00Z,zewnatrz,va_temperature,14.9
2026-09-08T04:16:57Z,bf5741c97c96fa85b1d7do,va_humidity,54
2026-09-08T04:16:57Z,bf5741c97c96fa85b1d7do,va_temperature,21.4
2026-09-08T04:16:58Z,bf5741c97c96fa85b1d7do,battery_state,high
2026-09-08T04:22:04Z,bf43cf664d6644420axva3,battery_state,middle
2026-09-08T04:22:04Z,bf43cf664d6644420axva3,va_humidity,52
2026-09-08T04:22:04Z,bf43cf664d6644420axva3,va_temperature,21.4
2026-09-08T04:29:18Z,bfd6f4f87fea9d866dvpve,battery_state,middle
2026-09-08T04:29:18Z,bfd6f4f87fea9d866dvpve,va_humidity,53
2026-09-08T04:29:18Z,bfd6f4f87fea9d866dvpve,va_temperature,22.1
2026-09-08T04:34:37Z,bf7e2a70935af7de78mjqt,battery_state,middle
2026-09-08T04:34:37Z,bf7e2a70935af7de78mjqt,va_humidity,48
2026-09-08T04:34:37Z,bf7e2a70935af7de78mjqt,va_temperature,22.8
2026-09-08T05:00:00Z,zewnatrz,va_humidity,59
2026-09-08T05:00:00Z,zewnatrz,va_temperature,15.4
2026-09-08T05:16:10Z,bf5741c97c96fa85b1d7do,battery_state,middle
2026-09-08T05:16:10Z,bf5741c97c96fa85b1d7do,va_humidity,55
2026-09-08T05:16:10Z,bf5741c97c96fa85b1d7do,va_temperature,21.3
2026-09-08T05:21:31Z,bf43cf664d6644420axva3,battery_state,middle
2026-09-08T05:21:31Z,bf43cf664d6644420axva3,va_humidity,53
2026-09-08T05:21:31Z,bf43cf664d6644420axva3,va_temperature,21.4
2026-09-08T05:29:00Z,bfd6f4f87fea9d866dvpve,battery_state,middle
2026-09-08T05:29:00Z,bfd6f4f87fea9d866dvpve,va_humidity,54
2026-09-08T05:29:00Z,bfd6f4f87fea9d866dvpve,va_temperature,22.1
2026-09-08T05:34:12Z,bf7e2a70935af7de78mjqt,battery_state,middle
2026-09-08T05:34:12Z,bf7e2a70935af7de78mjqt,va_humidity,49
2026-09-08T05:34:12Z,bf7e2a70935af7de78mjqt,va_temperature,22.8
2026-09-08T06:00:00Z,zewnatrz,va_humidity,51
2026-09-08T06:00:00Z,zewnatrz,va_temperature,17.5
2026-09-08T06:15:22Z,bf5741c97c96fa85b1d7do,va_humidity,55
2026-09-08T06:15:22Z,bf5741c97c96fa85b1d7do,va_temperature,21.5
2026-09-08T06:15:23Z,bf5741c97c96fa85b1d7do,battery_state,high
2026-09-08T06:20:57Z,bf43cf664d6644420axva3,battery_state,middle
2026-09-08T06:20:57Z,bf43cf664d6644420axva3,va_humidity,53
2026-09-08T06:20:57Z,bf43cf664d6644420axva3,va_temperature,21.4
2026-09-08T06:28:41Z,bfd6f4f87fea9d866dvpve,battery_state,middle
2026-09-08T06:28:41Z,bfd6f4f87fea9d866dvpve,va_humidity,54
2026-09-08T06:28:41Z,bfd6f4f87fea9d866dvpve,va_temperature,22
2026-09-08T06:33:47Z,bf7e2a70935af7de78mjqt,battery_state,middle
2026-09-08T06:33:47Z,bf7e2a70935af7de78mjqt,va_humidity,49
2026-09-08T06:33:47Z,bf7e2a70935af7de78mjqt,va_temperature,22.8
2026-09-08T07:00:00Z,zewnatrz,va_humidity,45
2026-09-08T07:00:00Z,zewnatrz,va_temperature,19.6
2026-09-08T07:14:35Z,bf5741c97c96fa85b1d7do,va_temperature,21.9
2026-09-08T07:14:36Z,bf5741c97c96fa85b1d7do,battery_state,high
2026-09-08T07:14:36Z,bf5741c97c96fa85b1d7do,va_humidity,55
2026-09-08T07:20:23Z,bf43cf664d6644420axva3,va_temperature,21.6
2026-09-08T07:20:24Z,bf43cf664d6644420axva3,battery_state,middle
2026-09-08T07:20:24Z,bf43cf664d6644420axva3,va_humidity,53
2026-09-08T07:28:22Z,bfd6f4f87fea9d866dvpve,battery_state,middle
2026-09-08T07:28:22Z,bfd6f4f87fea9d866dvpve,va_humidity,56
2026-09-08T07:28:22Z,bfd6f4f87fea9d866dvpve,va_temperature,22.4
2026-09-08T07:33:22Z,bf7e2a70935af7de78mjqt,va_humidity,49
2026-09-08T07:33:22Z,bf7e2a70935af7de78mjqt,va_temperature,22.9
2026-09-08T07:33:23Z,bf7e2a70935af7de78mjqt,battery_state,middle
2026-09-08T08:00:00Z,zewnatrz,va_humidity,41
2026-09-08T08:00:00Z,zewnatrz,va_temperature,22
2026-09-08T08:13:48Z,bf5741c97c96fa85b1d7do,battery_state,high
2026-09-08T08:13:48Z,bf5741c97c96fa85b1d7do,va_humidity,55
2026-09-08T08:13:48Z,bf5741c97c96fa85b1d7do,va_temperature,22.2
2026-09-08T08:19:50Z,bf43cf664d6644420axva3,battery_state,middle
2026-09-08T08:19:50Z,bf43cf664d6644420axva3,va_humidity,53
2026-09-08T08:19:50Z,bf43cf664d6644420axva3,va_temperature,21.9
2026-09-08T08:28:03Z,bfd6f4f87fea9d866dvpve,battery_state,middle
2026-09-08T08:28:03Z,bfd6f4f87fea9d866dvpve,va_humidity,56
2026-09-08T08:28:03Z,bfd6f4f87fea9d866dvpve,va_temperature,22.4
2026-09-08T08:32:58Z,bf7e2a70935af7de78mjqt,battery_state,middle
2026-09-08T08:32:58Z,bf7e2a70935af7de78mjqt,va_humidity,50
2026-09-08T08:32:58Z,bf7e2a70935af7de78mjqt,va_temperature,23.1
2026-09-08T09:00:00Z,zewnatrz,va_humidity,39
2026-09-08T09:00:00Z,zewnatrz,va_temperature,24.1
2026-09-08T09:13:00Z,bf5741c97c96fa85b1d7do,battery_state,middle
2026-09-08T09:13:00Z,bf5741c97c96fa85b1d7do,va_humidity,55
2026-09-08T09:13:00Z,bf5741c97c96fa85b1d7do,va_temperature,22.6
2026-09-08T09:19:17Z,bf43cf664d6644420axva3,battery_state,middle
2026-09-08T09:19:17Z,bf43cf664d6644420axva3,va_humidity,53
2026-09-08T09:19:17Z,bf43cf664d6644420axva3,va_temperature,22.2
2026-09-08T09:27:44Z,bfd6f4f87fea9d866dvpve,battery_state,middle
2026-09-08T09:27:44Z,bfd6f4f87fea9d866dvpve,va_humidity,55
2026-09-08T09:27:44Z,bfd6f4f87fea9d866dvpve,va_temperature,22.5
2026-09-08T09:30:04Z,bf7e2a70935af7de78mjqt,va_temperature,23.6
2026-09-08T09:30:05Z,bf7e2a70935af7de78mjqt,battery_state,middle
2026-09-08T09:30:05Z,bf7e2a70935af7de78mjqt,va_humidity,49
2026-09-08T10:00:00Z,zewnatrz,va_humidity,37
2026-09-08T10:00:00Z,zewnatrz,va_temperature,26
2026-09-08T10:12:12Z,bf5741c97c96fa85b1d7do,va_humidity,54
2026-09-08T10:12:12Z,bf5741c97c96fa85b1d7do,va_temperature,22.8
2026-09-08T10:12:13Z,bf5741c97c96fa85b1d7do,battery_state,high
2026-09-08T10:18:43Z,bf43cf664d6644420axva3,va_humidity,52
2026-09-08T10:18:43Z,bf43cf664d6644420axva3,va_temperature,22.4
2026-09-08T10:18:44Z,bf43cf664d6644420axva3,battery_state,middle
2026-09-08T10:27:25Z,bfd6f4f87fea9d866dvpve,battery_state,middle
2026-09-08T10:27:25Z,bfd6f4f87fea9d866dvpve,va_humidity,54
2026-09-08T10:27:25Z,bfd6f4f87fea9d866dvpve,va_temperature,22.9
2026-09-08T10:29:40Z,bf7e2a70935af7de78mjqt,battery_state,middle
2026-09-08T10:29:40Z,bf7e2a70935af7de78mjqt,va_humidity,49
2026-09-08T10:29:40Z,bf7e2a70935af7de78mjqt,va_temperature,24
2026-09-08T11:00:00Z,zewnatrz,va_humidity,34
2026-09-08T11:00:00Z,zewnatrz,va_temperature,27.6
2026-09-08T11:05:35Z,bf7e2a70935af7de78mjqt,battery_state,middle
2026-09-08T11:05:35Z,bf7e2a70935af7de78mjqt,va_humidity,49
2026-09-08T11:05:35Z,bf7e2a70935af7de78mjqt,va_temperature,24.5
2026-09-08T11:11:25Z,bf5741c97c96fa85b1d7do,battery_state,high
2026-09-08T11:11:25Z,bf5741c97c96fa85b1d7do,va_humidity,54
2026-09-08T11:11:25Z,bf5741c97c96fa85b1d7do,va_temperature,23.1
2026-09-08T11:18:10Z,bf43cf664d6644420axva3,battery_state,middle
2026-09-08T11:18:10Z,bf43cf664d6644420axva3,va_humidity,53
2026-09-08T11:18:10Z,bf43cf664d6644420axva3,va_temperature,22.7
2026-09-08T11:27:06Z,bfd6f4f87fea9d866dvpve,va_temperature,22.9
2026-09-08T11:27:07Z,bfd6f4f87fea9d866dvpve,battery_state,middle
2026-09-08T11:27:07Z,bfd6f4f87fea9d866dvpve,va_humidity,55
2026-09-08T12:00:00Z,zewnatrz,va_humidity,31
2026-09-08T12:00:00Z,zewnatrz,va_temperature,28.8
2026-09-08T12:05:10Z,bf7e2a70935af7de78mjqt,battery_state,middle
2026-09-08T12:05:10Z,bf7e2a70935af7de78mjqt,va_humidity,48
2026-09-08T12:05:10Z,bf7e2a70935af7de78mjqt,va_temperature,24.8
2026-09-08T12:10:37Z,bf5741c97c96fa85b1d7do,battery_state,high
2026-09-08T12:10:37Z,bf5741c97c96fa85b1d7do,va_humidity,53
2026-09-08T12:10:37Z,bf5741c97c96fa85b1d7do,va_temperature,23.3
2026-09-08T12:17:36Z,bf43cf664d6644420axva3,battery_state,middle
2026-09-08T12:17:36Z,bf43cf664d6644420axva3,va_humidity,51
2026-09-08T12:17:36Z,bf43cf664d6644420axva3,va_temperature,22.9
2026-09-08T12:26:48Z,bfd6f4f87fea9d866dvpve,battery_state,middle
2026-09-08T12:26:48Z,bfd6f4f87fea9d866dvpve,va_humidity,55
2026-09-08T12:26:48Z,bfd6f4f87fea9d866dvpve,va_temperature,22.9
2026-09-08T13:00:00Z,zewnatrz,va_humidity,30
2026-09-08T13:00:00Z,zewnatrz,va_temperature,29.4
2026-09-08T13:04:44Z,bf7e2a70935af7de78mjqt,va_humidity,46
2026-09-08T13:04:44Z,bf7e2a70935af7de78mjqt,va_temperature,25.2
2026-09-08T13:04:45Z,bf7e2a70935af7de78mjqt,battery_state,middle
2026-09-08T13:09:49Z,bf5741c97c96fa85b1d7do,battery_state,high
2026-09-08T13:09:49Z,bf5741c97c96fa85b1d7do,va_humidity,51
2026-09-08T13:09:49Z,bf5741c97c96fa85b1d7do,va_temperature,23.4
2026-09-08T13:17:02Z,bf43cf664d6644420axva3,va_humidity,51
2026-09-08T13:17:02Z,bf43cf664d6644420axva3,va_temperature,23
2026-09-08T13:17:03Z,bf43cf664d6644420axva3,battery_state,middle
2026-09-08T13:26:29Z,bfd6f4f87fea9d866dvpve,battery_state,middle
2026-09-08T13:26:29Z,bfd6f4f87fea9d866dvpve,va_humidity,54
2026-09-08T13:26:29Z,bfd6f4f87fea9d866dvpve,va_temperature,23.2
2026-09-08T14:00:00Z,zewnatrz,va_humidity,29
2026-09-08T14:00:00Z,zewnatrz,va_temperature,29.6
2026-09-08T14:01:00Z,bf7e2a70935af7de78mjqt,battery_state,middle
2026-09-08T14:01:00Z,bf7e2a70935af7de78mjqt,va_humidity,46
2026-09-08T14:01:00Z,bf7e2a70935af7de78mjqt,va_temperature,25.7
2026-09-08T14:09:01Z,bf5741c97c96fa85b1d7do,va_humidity,51
2026-09-08T14:09:01Z,bf5741c97c96fa85b1d7do,va_temperature,23.5
2026-09-08T14:09:02Z,bf5741c97c96fa85b1d7do,battery_state,high
2026-09-08T14:16:28Z,bf43cf664d6644420axva3,battery_state,middle
2026-09-08T14:16:28Z,bf43cf664d6644420axva3,va_humidity,51
2026-09-08T14:16:28Z,bf43cf664d6644420axva3,va_temperature,23.1
2026-09-08T14:26:10Z,bfd6f4f87fea9d866dvpve,battery_state,middle
2026-09-08T14:26:10Z,bfd6f4f87fea9d866dvpve,va_humidity,53
2026-09-08T14:26:10Z,bfd6f4f87fea9d866dvpve,va_temperature,23.3
2026-09-08T15:00:00Z,zewnatrz,va_humidity,30
2026-09-08T15:00:00Z,zewnatrz,va_temperature,29.4
2026-09-08T15:00:35Z,bf7e2a70935af7de78mjqt,battery_state,middle
2026-09-08T15:00:35Z,bf7e2a70935af7de78mjqt,va_humidity,46
2026-09-08T15:00:35Z,bf7e2a70935af7de78mjqt,va_temperature,25.5
2026-09-08T15:08:13Z,bf5741c97c96fa85b1d7do,battery_state,high
2026-09-08T15:08:13Z,bf5741c97c96fa85b1d7do,va_humidity,50
2026-09-08T15:08:13Z,bf5741c97c96fa85b1d7do,va_temperature,23.6
2026-09-08T15:15:54Z,bf43cf664d6644420axva3,battery_state,middle
2026-09-08T15:15:54Z,bf43cf664d6644420axva3,va_humidity,50
2026-09-08T15:15:54Z,bf43cf664d6644420axva3,va_temperature,23.2
2026-09-08T15:25:51Z,bfd6f4f87fea9d866dvpve,battery_state,middle
2026-09-08T15:25:51Z,bfd6f4f87fea9d866dvpve,va_humidity,53
2026-09-08T15:25:51Z,bfd6f4f87fea9d866dvpve,va_temperature,23.4
2026-09-08T16:00:00Z,zewnatrz,va_humidity,32
2026-09-08T16:00:00Z,zewnatrz,va_temperature,29
2026-09-08T16:00:09Z,bf7e2a70935af7de78mjqt,va_humidity,46
2026-09-08T16:00:09Z,bf7e2a70935af7de78mjqt,va_temperature,25.2
2026-09-08T16:00:10Z,bf7e2a70935af7de78mjqt,battery_state,middle
2026-09-08T16:07:25Z,bf5741c97c96fa85b1d7do,battery_state,middle
2026-09-08T16:07:25Z,bf5741c97c96fa85b1d7do,va_humidity,51
2026-09-08T16:07:25Z,bf5741c97c96fa85b1d7do,va_temperature,23.6
2026-09-08T16:15:20Z,bf43cf664d6644420axva3,battery_state,middle
2026-09-08T16:15:20Z,bf43cf664d6644420axva3,va_humidity,51
2026-09-08T16:15:20Z,bf43cf664d6644420axva3,va_temperature,23.3
2026-09-08T16:25:32Z,bfd6f4f87fea9d866dvpve,battery_state,middle
2026-09-08T16:25:32Z,bfd6f4f87fea9d866dvpve,va_humidity,54
2026-09-08T16:25:32Z,bfd6f4f87fea9d866dvpve,va_temperature,23.4
2026-09-08T16:59:44Z,bf7e2a70935af7de78mjqt,battery_state,middle
2026-09-08T16:59:44Z,bf7e2a70935af7de78mjqt,va_humidity,46
2026-09-08T16:59:44Z,bf7e2a70935af7de78mjqt,va_temperature,25
2026-09-08T17:00:00Z,zewnatrz,va_humidity,36
2026-09-08T17:00:00Z,zewnatrz,va_temperature,27.6
2026-09-08T17:06:37Z,bf5741c97c96fa85b1d7do,va_humidity,53
2026-09-08T17:06:37Z,bf5741c97c96fa85b1d7do,va_temperature,23.6
2026-09-08T17:06:38Z,bf5741c97c96fa85b1d7do,battery_state,high
2026-09-08T17:14:45Z,bf43cf664d6644420axva3,battery_state,middle
2026-09-08T17:14:45Z,bf43cf664d6644420axva3,va_humidity,52
2026-09-08T17:14:45Z,bf43cf664d6644420axva3,va_temperature,23.4
2026-09-08T17:25:12Z,bfd6f4f87fea9d866dvpve,va_temperature,23.6
2026-09-08T17:25:13Z,bfd6f4f87fea9d866dvpve,battery_state,middle
2026-09-08T17:25:13Z,bfd6f4f87fea9d866dvpve,va_humidity,54
2026-09-08T17:59:18Z,bf7e2a70935af7de78mjqt,va_temperature,24.9
2026-09-08T17:59:19Z,bf7e2a70935af7de78mjqt,battery_state,middle
2026-09-08T17:59:19Z,bf7e2a70935af7de78mjqt,va_humidity,47
2026-09-08T18:00:00Z,zewnatrz,va_humidity,42
2026-09-08T18:00:00Z,zewnatrz,va_temperature,26.1
2026-09-08T18:05:49Z,bf5741c97c96fa85b1d7do,battery_state,high
2026-09-08T18:05:49Z,bf5741c97c96fa85b1d7do,va_humidity,54
2026-09-08T18:05:49Z,bf5741c97c96fa85b1d7do,va_temperature,23.5
2026-09-08T18:14:11Z,bf43cf664d6644420axva3,battery_state,middle
2026-09-08T18:14:11Z,bf43cf664d6644420axva3,va_humidity,53
2026-09-08T18:14:11Z,bf43cf664d6644420axva3,va_temperature,23.4
2026-09-08T18:24:54Z,bfd6f4f87fea9d866dvpve,battery_state,middle
2026-09-08T18:24:54Z,bfd6f4f87fea9d866dvpve,va_humidity,54
2026-09-08T18:24:54Z,bfd6f4f87fea9d866dvpve,va_temperature,23.7
2026-09-08T18:58:53Z,bf7e2a70935af7de78mjqt,battery_state,middle
2026-09-08T18:58:53Z,bf7e2a70935af7de78mjqt,va_humidity,48
2026-09-08T18:58:53Z,bf7e2a70935af7de78mjqt,va_temperature,24.8
2026-09-08T19:00:00Z,zewnatrz,va_humidity,45
2026-09-08T19:00:00Z,zewnatrz,va_temperature,24.7
2026-09-08T19:05:01Z,bf5741c97c96fa85b1d7do,battery_state,high
2026-09-08T19:05:01Z,bf5741c97c96fa85b1d7do,va_humidity,56
2026-09-08T19:05:01Z,bf5741c97c96fa85b1d7do,va_temperature,23.5
2026-09-08T19:13:36Z,bf43cf664d6644420axva3,battery_state,middle
2026-09-08T19:13:36Z,bf43cf664d6644420axva3,va_humidity,53
2026-09-08T19:13:36Z,bf43cf664d6644420axva3,va_temperature,23.5
2026-09-08T19:24:34Z,bfd6f4f87fea9d866dvpve,va_humidity,55
2026-09-08T19:24:34Z,bfd6f4f87fea9d866dvpve,va_temperature,23.6
2026-09-08T19:24:35Z,bfd6f4f87fea9d866dvpve,battery_state,middle
2026-09-08T19:58:28Z,bf7e2a70935af7de78mjqt,battery_state,middle
2026-09-08T19:58:28Z,bf7e2a70935af7de78mjqt,va_humidity,47
2026-09-08T19:58:28Z,bf7e2a70935af7de78mjqt,va_temperature,24.6
2026-09-08T20:00:00Z,zewnatrz,va_humidity,44
2026-09-08T20:00:00Z,zewnatrz,va_temperature,24
2026-09-08T20:04:13Z,bf5741c97c96fa85b1d7do,va_humidity,53
2026-09-08T20:04:13Z,bf5741c97c96fa85b1d7do,va_temperature,23.5
2026-09-08T20:04:14Z,bf5741c97c96fa85b1d7do,battery_state,high
2026-09-08T20:13:02Z,bf43cf664d6644420axva3,battery_state,middle
2026-09-08T20:13:02Z,bf43cf664d6644420axva3,va_humidity,52
2026-09-08T20:13:02Z,bf43cf664d6644420axva3,va_temperature,23.6
2026-09-08T20:24:15Z,bfd6f4f87fea9d866dvpve,battery_state,middle
2026-09-08T20:24:15Z,bfd6f4f87fea9d866dvpve,va_humidity,54
2026-09-08T20:24:15Z,bfd6f4f87fea9d866dvpve,va_temperature,23.6
2026-09-08T20:58:03Z,bf7e2a70935af7de78mjqt,battery_state,middle
2026-09-08T20:58:03Z,bf7e2a70935af7de78mjqt,va_humidity,48
2026-09-08T20:58:03Z,bf7e2a70935af7de78mjqt,va_temperature,24.4
2026-09-08T21:00:00Z,zewnatrz,va_humidity,43
2026-09-08T21:00:00Z,zewnatrz,va_temperature,23.1
2026-09-08T21:03:25Z,bf5741c97c96fa85b1d7do,va_humidity,53
2026-09-08T21:03:25Z,bf5741c97c96fa85b1d7do,va_temperature,23.4
2026-09-08T21:03:26Z,bf5741c97c96fa85b1d7do,battery_state,high
2026-09-08T21:12:27Z,bf43cf664d6644420axva3,battery_state,middle
2026-09-08T21:12:27Z,bf43cf664d6644420axva3,va_humidity,51
2026-09-08T21:12:27Z,bf43cf664d6644420axva3,va_temperature,23.5
2026-09-08T21:23:55Z,bfd6f4f87fea9d866dvpve,va_temperature,23.6
2026-09-08T21:23:56Z,bfd6f4f87fea9d866dvpve,battery_state,middle
2026-09-08T21:23:56Z,bfd6f4f87fea9d866dvpve,va_humidity,54
2026-09-08T21:57:38Z,bf7e2a70935af7de78mjqt,battery_state,middle
2026-09-08T21:57:38Z,bf7e2a70935af7de78mjqt,va_humidity,48
2026-09-08T21:57:38Z,bf7e2a70935af7de78mjqt,va_temperature,24.3
2026-09-08T22:00:00Z,zewnatrz,va_humidity,45
2026-09-08T22:00:00Z,zewnatrz,va_temperature,22.3
2026-09-08T22:02:37Z,bf5741c97c96fa85b1d7do,battery_state,high
2026-09-08T22:02:37Z,bf5741c97c96fa85b1d7do,va_humidity,53
2026-09-08T22:02:37Z,bf5741c97c96fa85b1d7do,va_temperature,23.4
2026-09-08T22:11:53Z,bf43cf664d6644420axva3,battery_state,middle
2026-09-08T22:11:53Z,bf43cf664d6644420axva3,va_humidity,51
2026-09-08T22:11:53Z,bf43cf664d6644420axva3,va_temperature,23.5
2026-09-08T22:23:36Z,bfd6f4f87fea9d866dvpve,battery_state,middle
2026-09-08T22:23:36Z,bfd6f4f87fea9d866dvpve,va_humidity,55
2026-09-08T22:23:36Z,bfd6f4f87fea9d866dvpve,va_temperature,23.6
2026-09-08T22:57:13Z,bf7e2a70935af7de78mjqt,battery_state,middle
2026-09-08T22:57:13Z,bf7e2a70935af7de78mjqt,va_humidity,48
2026-09-08T22:57:13Z,bf7e2a70935af7de78mjqt,va_temperature,24.3
2026-09-08T23:00:00Z,zewnatrz,va_humidity,48
2026-09-08T23:00:00Z,zewnatrz,va_temperature,21.4
2026-09-08T23:01:49Z,bf5741c97c96fa85b1d7do,battery_state,high
2026-09-08T23:01:49Z,bf5741c97c96fa85b1d7do,va_humidity,54
2026-09-08T23:01:49Z,bf5741c97c96fa85b1d7do,va_temperature,23.4
2026-09-08T23:11:18Z,bf43cf664d6644420axva3,battery_state,middle
2026-09-08T23:11:18Z,bf43cf664d6644420axva3,va_humidity,51
2026-09-08T23:11:18Z,bf43cf664d6644420axva3,va_temperature,23.4
2026-09-08T23:23:16Z,bfd6f4f87fea9d866dvpve,va_temperature,23.6
2026-09-08T23:23:17Z,bfd6f4f87fea9d866dvpve,battery_state,middle
2026-09-08T23:23:17Z,bfd6f4f87fea9d866dvpve,va_humidity,54
2026-09-08T23:56:47Z,bf7e2a70935af7de78mjqt,va_humidity,49
2026-09-08T23:56:47Z,bf7e2a70935af7de78mjqt,va_temperature,24.4
2026-09-08T23:56:48Z,bf7e2a70935af7de78mjqt,battery_state,middle
2026-09-09T00:00:00Z,zewnatrz,va_humidity,42
2026-09-09T00:00:00Z,zewnatrz,va_temperature,21.7
2026-09-09T00:01:01Z,bf5741c97c96fa85b1d7do,battery_state,high
2026-09-09T00:01:01Z,bf5741c97c96fa85b1d7do,va_humidity,54
2026-09-09T00:01:01Z,bf5741c97c96fa85b1d7do,va_temperature,23.3
2026-09-09T00:10:44Z,bf43cf664d6644420axva3,battery_state,middle
2026-09-09T00:10:44Z,bf43cf664d6644420axva3,va_humidity,51
2026-09-09T00:10:44Z,bf43cf664d6644420axva3,va_temperature,23.3
2026-09-09T00:22:57Z,bfd6f4f87fea9d866dvpve,battery_state,middle
2026-09-09T00:22:57Z,bfd6f4f87fea9d866dvpve,va_humidity,54
2026-09-09T00:22:57Z,bfd6f4f87fea9d866dvpve,va_temperature,23.6
2026-09-09T00:56:22Z,bf7e2a70935af7de78mjqt,battery_state,middle
2026-09-09T00:56:22Z,bf7e2a70935af7de78mjqt,va_humidity,50
2026-09-09T00:56:22Z,bf7e2a70935af7de78mjqt,va_temperature,24.4
2026-09-09T01:00:00Z,zewnatrz,va_humidity,43
2026-09-09T01:00:00Z,zewnatrz,va_temperature,21.2
2026-09-09T01:00:12Z,bf5741c97c96fa85b1d7do,va_humidity,55
2026-09-09T01:00:12Z,bf5741c97c96fa85b1d7do,va_temperature,23.3
2026-09-09T01:00:13Z,bf5741c97c96fa85b1d7do,battery_state,high
2026-09-09T01:10:09Z,bf43cf664d6644420axva3,va_humidity,52
2026-09-09T01:10:09Z,bf43cf664d6644420axva3,va_temperature,23.2
2026-09-09T01:10:10Z,bf43cf664d6644420axva3,battery_state,middle
2026-09-09T01:22:37Z,bfd6f4f87fea9d866dvpve,battery_state,middle
2026-09-09T01:22:37Z,bfd6f4f87fea9d866dvpve,va_humidity,55
2026-09-09T01:22:37Z,bfd6f4f87fea9d866dvpve,va_temperature,23.6
2026-09-09T01:55:56Z,bf7e2a70935af7de78mjqt,battery_state,middle
2026-09-09T01:55:56Z,bf7e2a70935af7de78mjqt,va_humidity,51
2026-09-09T01:55:56Z,bf7e2a70935af7de78mjqt,va_temperature,24.5
2026-09-09T01:59:24Z,bf5741c97c96fa85b1d7do,battery_state,high
2026-09-09T01:59:24Z,bf5741c97c96fa85b1d7do,va_humidity,55
2026-09-09T01:59:24Z,bf5741c97c96fa85b1d7do,va_temperature,23.3
2026-09-09T02:00:00Z,zewnatrz,va_humidity,41
2026-09-09T02:00:00Z,zewnatrz,va_temperature,21.1
2026-09-09T02:09:35Z,bf43cf664d6644420axva3,battery_state,middle
2026-09-09T02:09:35Z,bf43cf664d6644420axva3,va_humidity,52
2026-09-09T02:09:35Z,bf43cf664d6644420axva3,va_temperature,23.2
2026-09-09T02:22:18Z,bfd6f4f87fea9d866dvpve,battery_state,middle
2026-09-09T02:22:18Z,bfd6f4f87fea9d866dvpve,va_humidity,55
2026-09-09T02:22:18Z,bfd6f4f87fea9d866dvpve,va_temperature,23.5
2026-09-09T02:55:30Z,bf7e2a70935af7de78mjqt,va_humidity,51
2026-09-09T02:55:30Z,bf7e2a70935af7de78mjqt,va_temperature,24.4
2026-09-09T02:55:31Z,bf7e2a70935af7de78mjqt,battery_state,middle
2026-09-09T02:58:36Z,bf5741c97c96fa85b1d7do,battery_state,middle
2026-09-09T02:58:36Z,bf5741c97c96fa85b1d7do,va_humidity,55
2026-09-09T02:58:36Z,bf5741c97c96fa85b1d7do,va_temperature,23.2
2026-09-09T03:00:00Z,zewnatrz,va_humidity,40
2026-09-09T03:00:00Z,zewnatrz,va_temperature,21.1
2026-09-09T03:09:01Z,bf43cf664d6644420axva3,battery_state,middle
2026-09-09T03:09:01Z,bf43cf664d6644420axva3,va_humidity,52
2026-09-09T03:09:01Z,bf43cf664d6644420axva3,va_temperature,23.2
2026-09-09T03:21:59Z,bfd6f4f87fea9d866dvpve,battery_state,middle
2026-09-09T03:21:59Z,bfd6f4f87fea9d866dvpve,va_humidity,55
2026-09-09T03:21:59Z,bfd6f4f87fea9d866dvpve,va_temperature,23.6
2026-09-09T03:55:05Z,bf7e2a70935af7de78mjqt,va_humidity,51
2026-09-09T03:55:05Z,bf7e2a70935af7de78mjqt,va_temperature,24.4
2026-09-09T03:55:06Z,bf7e2a70935af7de78mjqt,battery_state,middle
2026-09-09T03:57:48Z,bf5741c97c96fa85b1d7do,battery_state,middle
2026-09-09T03:57:48Z,bf5741c97c96fa85b1d7do,va_humidity,55
2026-09-09T03:57:48Z,bf5741c97c96fa85b1d7do,va_temperature,23.2
2026-09-09T04:00:00Z,zewnatrz,va_humidity,38
2026-09-09T04:00:00Z,zewnatrz,va_temperature,21.5
2026-09-09T04:08:26Z,bf43cf664d6644420axva3,battery_state,middle
2026-09-09T04:08:26Z,bf43cf664d6644420axva3,va_humidity,52
2026-09-09T04:08:26Z,bf43cf664d6644420axva3,va_temperature,23.1
2026-09-09T04:21:40Z,bfd6f4f87fea9d866dvpve,va_humidity,55
2026-09-09T04:21:40Z,bfd6f4f87fea9d866dvpve,va_temperature,23.5
2026-09-09T04:21:41Z,bfd6f4f87fea9d866dvpve,battery_state,middle
2026-09-09T04:54:40Z,bf7e2a70935af7de78mjqt,va_humidity,51
2026-09-09T04:54:40Z,bf7e2a70935af7de78mjqt,va_temperature,24.4
2026-09-09T04:54:41Z,bf7e2a70935af7de78mjqt,battery_state,middle
2026-09-09T04:57:00Z,bf5741c97c96fa85b1d7do,va_humidity,55
2026-09-09T04:57:00Z,bf5741c97c96fa85b1d7do,va_temperature,23.2
2026-09-09T04:57:01Z,bf5741c97c96fa85b1d7do,battery_state,middle
2026-09-09T05:00:00Z,zewnatrz,va_humidity,37
2026-09-09T05:00:00Z,zewnatrz,va_temperature,21.8
2026-09-09T05:07:52Z,bf43cf664d6644420axva3,battery_state,middle
2026-09-09T05:07:52Z,bf43cf664d6644420axva3,va_humidity,53
2026-09-09T05:07:52Z,bf43cf664d6644420axva3,va_temperature,23.1
2026-09-09T05:21:22Z,bfd6f4f87fea9d866dvpve,battery_state,middle
2026-09-09T05:21:22Z,bfd6f4f87fea9d866dvpve,va_humidity,57
2026-09-09T05:21:22Z,bfd6f4f87fea9d866dvpve,va_temperature,23.4
2026-09-09T05:54:15Z,bf7e2a70935af7de78mjqt,va_temperature,24.3
2026-09-09T05:54:16Z,bf7e2a70935af7de78mjqt,battery_state,middle
2026-09-09T05:54:16Z,bf7e2a70935af7de78mjqt,va_humidity,51
2026-09-09T05:56:13Z,bf5741c97c96fa85b1d7do,battery_state,middle
2026-09-09T05:56:13Z,bf5741c97c96fa85b1d7do,va_humidity,56
2026-09-09T05:56:13Z,bf5741c97c96fa85b1d7do,va_temperature,23.2
2026-09-09T06:00:00Z,zewnatrz,va_humidity,34
2026-09-09T06:00:00Z,zewnatrz,va_temperature,22.5
2026-09-09T06:07:17Z,bf43cf664d6644420axva3,battery_state,middle
2026-09-09T06:07:17Z,bf43cf664d6644420axva3,va_humidity,53
2026-09-09T06:07:17Z,bf43cf664d6644420axva3,va_temperature,23.1
2026-09-09T06:21:03Z,bfd6f4f87fea9d866dvpve,battery_state,middle
2026-09-09T06:21:03Z,bfd6f4f87fea9d866dvpve,va_humidity,60
2026-09-09T06:21:03Z,bfd6f4f87fea9d866dvpve,va_temperature,23.2
2026-09-09T06:53:51Z,bf7e2a70935af7de78mjqt,battery_state,middle
2026-09-09T06:53:51Z,bf7e2a70935af7de78mjqt,va_humidity,50
2026-09-09T06:53:51Z,bf7e2a70935af7de78mjqt,va_temperature,24.2
2026-09-09T06:55:25Z,bf5741c97c96fa85b1d7do,battery_state,high
2026-09-09T06:55:25Z,bf5741c97c96fa85b1d7do,va_humidity,56
2026-09-09T06:55:25Z,bf5741c97c96fa85b1d7do,va_temperature,23.4
2026-09-09T07:00:00Z,zewnatrz,va_humidity,32
2026-09-09T07:00:00Z,zewnatrz,va_temperature,23.4
2026-09-09T07:06:43Z,bf43cf664d6644420axva3,va_humidity,53
2026-09-09T07:06:43Z,bf43cf664d6644420axva3,va_temperature,23.2
2026-09-09T07:06:44Z,bf43cf664d6644420axva3,battery_state,middle
2026-09-09T07:20:44Z,bfd6f4f87fea9d866dvpve,battery_state,middle
2026-09-09T07:20:44Z,bfd6f4f87fea9d866dvpve,va_humidity,60
2026-09-09T07:20:44Z,bfd6f4f87fea9d866dvpve,va_temperature,23.2
2026-09-09T07:53:26Z,bf7e2a70935af7de78mjqt,va_humidity,50
2026-09-09T07:53:26Z,bf7e2a70935af7de78mjqt,va_temperature,24.2
2026-09-09T07:53:27Z,bf7e2a70935af7de78mjqt,battery_state,middle
2026-09-09T07:54:37Z,bf5741c97c96fa85b1d7do,battery_state,middle
2026-09-09T07:54:37Z,bf5741c97c96fa85b1d7do,va_humidity,55
2026-09-09T07:54:37Z,bf5741c97c96fa85b1d7do,va_temperature,23.5
2026-09-09T08:00:00Z,zewnatrz,va_humidity,28
2026-09-09T08:00:00Z,zewnatrz,va_temperature,25
2026-09-09T08:06:09Z,bf43cf664d6644420axva3,battery_state,middle
2026-09-09T08:06:09Z,bf43cf664d6644420axva3,va_humidity,53
2026-09-09T08:06:09Z,bf43cf664d6644420axva3,va_temperature,23.2
2026-09-09T08:20:25Z,bfd6f4f87fea9d866dvpve,battery_state,middle
2026-09-09T08:20:25Z,bfd6f4f87fea9d866dvpve,va_humidity,59
2026-09-09T08:20:25Z,bfd6f4f87fea9d866dvpve,va_temperature,23.2
2026-09-09T08:53:02Z,bf7e2a70935af7de78mjqt,battery_state,middle
2026-09-09T08:53:02Z,bf7e2a70935af7de78mjqt,va_humidity,50
2026-09-09T08:53:02Z,bf7e2a70935af7de78mjqt,va_temperature,24.3
2026-09-09T08:53:48Z,bf5741c97c96fa85b1d7do,va_temperature,23.6
2026-09-09T08:53:49Z,bf5741c97c96fa85b1d7do,battery_state,middle
2026-09-09T08:53:49Z,bf5741c97c96fa85b1d7do,va_humidity,55
2026-09-09T09:00:00Z,zewnatrz,va_humidity,27
2026-09-09T09:00:00Z,zewnatrz,va_temperature,26.5
2026-09-09T09:00:14Z,bf5741c97c96fa85b1d7do,battery_state,high
2026-09-09T09:00:14Z,bf5741c97c96fa85b1d7do,va_humidity,56
2026-09-09T09:00:14Z,bf5741c97c96fa85b1d7do,va_temperature,24.1
2026-09-09T09:05:35Z,bf43cf664d6644420axva3,battery_state,middle
2026-09-09T09:05:35Z,bf43cf664d6644420axva3,va_humidity,53
2026-09-09T09:05:35Z,bf43cf664d6644420axva3,va_temperature,23.2
2026-09-09T09:07:39Z,bf5741c97c96fa85b1d7do,battery_state,middle
2026-09-09T09:07:39Z,bf5741c97c96fa85b1d7do,va_humidity,55
2026-09-09T09:07:39Z,bf5741c97c96fa85b1d7do,va_temperature,24.6
2026-09-09T09:20:06Z,bfd6f4f87fea9d866dvpve,battery_state,middle
2026-09-09T09:20:06Z,bfd6f4f87fea9d866dvpve,va_humidity,58
2026-09-09T09:20:06Z,bfd6f4f87fea9d866dvpve,va_temperature,23.3
2026-09-09T09:52:37Z,bf7e2a70935af7de78mjqt,battery_state,middle
2026-09-09T09:52:37Z,bf7e2a70935af7de78mjqt,va_humidity,50
2026-09-09T09:52:37Z,bf7e2a70935af7de78mjqt,va_temperature,24.6
2026-09-09T10:00:00Z,zewnatrz,va_humidity,0
2026-09-09T10:00:00Z,zewnatrz,va_temperature,28.3
2026-09-09T10:05:01Z,bf43cf664d6644420axva3,battery_state,middle
2026-09-09T10:05:01Z,bf43cf664d6644420axva3,va_humidity,53
2026-09-09T10:05:01Z,bf43cf664d6644420axva3,va_temperature,23.4
2026-09-09T10:06:50Z,bf5741c97c96fa85b1d7do,va_humidity,52
2026-09-09T10:06:50Z,bf5741c97c96fa85b1d7do,va_temperature,24.2
2026-09-09T10:06:51Z,bf5741c97c96fa85b1d7do,battery_state,high
2026-09-09T10:19:47Z,bfd6f4f87fea9d866dvpve,battery_state,middle
2026-09-09T10:19:47Z,bfd6f4f87fea9d866dvpve,va_humidity,57
2026-09-09T10:19:47Z,bfd6f4f87fea9d866dvpve,va_temperature,23.4
2026-09-09T10:52:12Z,bf7e2a70935af7de78mjqt,battery_state,middle
2026-09-09T10:52:12Z,bf7e2a70935af7de78mjqt,va_humidity,50
2026-09-09T10:52:12Z,bf7e2a70935af7de78mjqt,va_temperature,24.9
2026-09-09T11:00:00Z,zewnatrz,va_humidity,0
2026-09-09T11:00:00Z,zewnatrz,va_temperature,29.2
2026-09-09T11:04:26Z,bf43cf664d6644420axva3,va_temperature,23.6
2026-09-09T11:04:27Z,bf43cf664d6644420axva3,battery_state,middle
2026-09-09T11:04:27Z,bf43cf664d6644420axva3,va_humidity,53
2026-09-09T11:06:05Z,bf5741c97c96fa85b1d7do,battery_state,high
2026-09-09T11:06:05Z,bf5741c97c96fa85b1d7do,va_humidity,54
2026-09-09T11:06:05Z,bf5741c97c96fa85b1d7do,va_temperature,24.1
2026-09-09T11:19:28Z,bfd6f4f87fea9d866dvpve,va_temperature,23.6
2026-09-09T11:19:29Z,bfd6f4f87fea9d866dvpve,battery_state,middle
2026-09-09T11:19:29Z,bfd6f4f87fea9d866dvpve,va_humidity,60
2026-09-09T11:51:46Z,bf7e2a70935af7de78mjqt,va_humidity,50
2026-09-09T11:51:46Z,bf7e2a70935af7de78mjqt,va_temperature,25
2026-09-09T11:51:47Z,bf7e2a70935af7de78mjqt,battery_state,middle
2026-09-09T12:00:00Z,zewnatrz,va_humidity,0
2026-09-09T12:00:00Z,zewnatrz,va_temperature,29.9
2026-09-09T12:03:52Z,bf43cf664d6644420axva3,battery_state,middle
2026-09-09T12:03:52Z,bf43cf664d6644420axva3,va_humidity,53
2026-09-09T12:03:52Z,bf43cf664d6644420axva3,va_temperature,23.6
2026-09-09T12:05:17Z,bf5741c97c96fa85b1d7do,battery_state,high
2026-09-09T12:05:17Z,bf5741c97c96fa85b1d7do,va_humidity,55
2026-09-09T12:05:17Z,bf5741c97c96fa85b1d7do,va_temperature,24.2
2026-09-09T12:19:10Z,bfd6f4f87fea9d866dvpve,battery_state,middle
2026-09-09T12:19:10Z,bfd6f4f87fea9d866dvpve,va_humidity,58
2026-09-09T12:19:10Z,bfd6f4f87fea9d866dvpve,va_temperature,23.7
2026-09-09T12:51:21Z,bf7e2a70935af7de78mjqt,battery_state,middle
2026-09-09T12:51:21Z,bf7e2a70935af7de78mjqt,va_humidity,50
2026-09-09T12:51:21Z,bf7e2a70935af7de78mjqt,va_temperature,25.1
2026-09-09T13:00:00Z,zewnatrz,va_humidity,0
2026-09-09T13:00:00Z,zewnatrz,va_temperature,30.4
2026-09-09T13:03:17Z,bf43cf664d6644420axva3,battery_state,middle
2026-09-09T13:03:17Z,bf43cf664d6644420axva3,va_humidity,53
2026-09-09T13:03:17Z,bf43cf664d6644420axva3,va_temperature,23.6
2026-09-09T13:04:29Z,bf5741c97c96fa85b1d7do,battery_state,high
2026-09-09T13:04:29Z,bf5741c97c96fa85b1d7do,va_humidity,55
2026-09-09T13:04:29Z,bf5741c97c96fa85b1d7do,va_temperature,24.1
2026-09-09T13:18:52Z,bfd6f4f87fea9d866dvpve,battery_state,middle
2026-09-09T13:18:52Z,bfd6f4f87fea9d866dvpve,va_humidity,58
2026-09-09T13:18:52Z,bfd6f4f87fea9d866dvpve,va_temperature,23.8
2026-09-09T13:50:56Z,bf7e2a70935af7de78mjqt,battery_state,middle
2026-09-09T13:50:56Z,bf7e2a70935af7de78mjqt,va_humidity,50
2026-09-09T13:50:56Z,bf7e2a70935af7de78mjqt,va_temperature,25.5
2026-09-09T14:00:00Z,zewnatrz,va_humidity,0
2026-09-09T14:00:00Z,zewnatrz,va_temperature,30.6
2026-09-09T14:02:42Z,bf43cf664d6644420axva3,battery_state,middle
2026-09-09T14:02:42Z,bf43cf664d6644420axva3,va_humidity,53
2026-09-09T14:02:42Z,bf43cf664d6644420axva3,va_temperature,23.7
2026-09-09T14:03:40Z,bf5741c97c96fa85b1d7do,va_temperature,24.1
2026-09-09T14:03:41Z,bf5741c97c96fa85b1d7do,battery_state,high
2026-09-09T14:03:41Z,bf5741c97c96fa85b1d7do,va_humidity,55
2026-09-09T14:18:34Z,bfd6f4f87fea9d866dvpve,battery_state,middle
2026-09-09T14:18:34Z,bfd6f4f87fea9d866dvpve,va_humidity,58
2026-09-09T14:18:34Z,bfd6f4f87fea9d866dvpve,va_temperature,23.8
2026-09-09T14:50:30Z,bf7e2a70935af7de78mjqt,va_humidity,50
2026-09-09T14:50:30Z,bf7e2a70935af7de78mjqt,va_temperature,25.3
2026-09-09T14:50:31Z,bf7e2a70935af7de78mjqt,battery_state,middle
2026-09-09T15:00:00Z,zewnatrz,va_humidity,28
2026-09-09T15:00:00Z,zewnatrz,va_temperature,30.2
2026-09-09T15:02:07Z,bf43cf664d6644420axva3,va_humidity,54
2026-09-09T15:02:07Z,bf43cf664d6644420axva3,va_temperature,23.7
2026-09-09T15:02:08Z,bf43cf664d6644420axva3,battery_state,middle
2026-09-09T15:02:53Z,bf5741c97c96fa85b1d7do,battery_state,high
2026-09-09T15:02:53Z,bf5741c97c96fa85b1d7do,va_humidity,56
2026-09-09T15:02:53Z,bf5741c97c96fa85b1d7do,va_temperature,24.2
2026-09-09T15:18:14Z,bfd6f4f87fea9d866dvpve,va_humidity,59
2026-09-09T15:18:14Z,bfd6f4f87fea9d866dvpve,va_temperature,23.8
2026-09-09T15:18:15Z,bfd6f4f87fea9d866dvpve,battery_state,middle
2026-09-09T15:50:05Z,bf7e2a70935af7de78mjqt,battery_state,middle
2026-09-09T15:50:05Z,bf7e2a70935af7de78mjqt,va_humidity,50
2026-09-09T15:50:05Z,bf7e2a70935af7de78mjqt,va_temperature,25
2026-09-09T16:00:00Z,zewnatrz,va_humidity,30
2026-09-09T16:00:00Z,zewnatrz,va_temperature,29.9
2026-09-09T16:01:32Z,bf43cf664d6644420axva3,va_humidity,53
2026-09-09T16:01:32Z,bf43cf664d6644420axva3,va_temperature,23.7
2026-09-09T16:01:33Z,bf43cf664d6644420axva3,battery_state,middle
2026-09-09T16:02:05Z,bf5741c97c96fa85b1d7do,battery_state,high
2026-09-09T16:02:05Z,bf5741c97c96fa85b1d7do,va_humidity,56
2026-09-09T16:02:05Z,bf5741c97c96fa85b1d7do,va_temperature,24.1
2026-09-09T16:17:55Z,bfd6f4f87fea9d866dvpve,battery_state,middle
2026-09-09T16:17:55Z,bfd6f4f87fea9d866dvpve,va_humidity,59
2026-09-09T16:17:55Z,bfd6f4f87fea9d866dvpve,va_temperature,23.8
2026-09-09T16:49:39Z,bf7e2a70935af7de78mjqt,battery_state,middle
2026-09-09T16:49:39Z,bf7e2a70935af7de78mjqt,va_humidity,51
2026-09-09T16:49:39Z,bf7e2a70935af7de78mjqt,va_temperature,24.9
2026-09-09T17:00:00Z,zewnatrz,va_humidity,36
2026-09-09T17:00:00Z,zewnatrz,va_temperature,28
2026-09-09T17:00:57Z,bf43cf664d6644420axva3,va_temperature,23.7
2026-09-09T17:00:58Z,bf43cf664d6644420axva3,battery_state,middle
2026-09-09T17:00:58Z,bf43cf664d6644420axva3,va_humidity,54
2026-09-09T17:01:17Z,bf5741c97c96fa85b1d7do,battery_state,high
2026-09-09T17:01:17Z,bf5741c97c96fa85b1d7do,va_humidity,57
2026-09-09T17:01:17Z,bf5741c97c96fa85b1d7do,va_temperature,24
2026-09-09T17:17:35Z,bfd6f4f87fea9d866dvpve,va_humidity,60
2026-09-09T17:17:35Z,bfd6f4f87fea9d866dvpve,va_temperature,23.8
2026-09-09T17:17:36Z,bfd6f4f87fea9d866dvpve,battery_state,middle
2026-09-09T17:49:14Z,bf7e2a70935af7de78mjqt,battery_state,middle
2026-09-09T17:49:14Z,bf7e2a70935af7de78mjqt,va_humidity,51
2026-09-09T17:49:14Z,bf7e2a70935af7de78mjqt,va_temperature,24.8
2026-09-09T18:00:00Z,zewnatrz,va_humidity,40
2026-09-09T18:00:00Z,zewnatrz,va_temperature,26.9
2026-09-09T18:00:23Z,bf43cf664d6644420axva3,battery_state,middle
2026-09-09T18:00:23Z,bf43cf664d6644420axva3,va_humidity,53
2026-09-09T18:00:23Z,bf43cf664d6644420axva3,va_temperature,23.7
2026-09-09T18:00:29Z,bf5741c97c96fa85b1d7do,va_temperature,24
2026-09-09T18:00:30Z,bf5741c97c96fa85b1d7do,battery_state,high
2026-09-09T18:00:30Z,bf5741c97c96fa85b1d7do,va_humidity,57
2026-09-09T18:17:16Z,bfd6f4f87fea9d866dvpve,va_humidity,60
2026-09-09T18:17:16Z,bfd6f4f87fea9d866dvpve,va_temperature,23.8
2026-09-09T18:17:17Z,bfd6f4f87fea9d866dvpve,battery_state,middle
2026-09-09T18:48:48Z,bf7e2a70935af7de78mjqt,va_humidity,51
2026-09-09T18:48:48Z,bf7e2a70935af7de78mjqt,va_temperature,24.7
2026-09-09T18:48:49Z,bf7e2a70935af7de78mjqt,battery_state,middle
2026-09-09T18:59:42Z,bf5741c97c96fa85b1d7do,battery_state,high
2026-09-09T18:59:42Z,bf5741c97c96fa85b1d7do,va_humidity,57
2026-09-09T18:59:42Z,bf5741c97c96fa85b1d7do,va_temperature,23.9
2026-09-09T18:59:48Z,bf43cf664d6644420axva3,battery_state,middle
2026-09-09T18:59:48Z,bf43cf664d6644420axva3,va_humidity,54
2026-09-09T18:59:48Z,bf43cf664d6644420axva3,va_temperature,23.7
2026-09-09T19:00:00Z,zewnatrz,va_humidity,56
2026-09-09T19:00:00Z,zewnatrz,va_temperature,24.8
2026-09-09T19:16:58Z,bfd6f4f87fea9d866dvpve,battery_state,middle
2026-09-09T19:16:58Z,bfd6f4f87fea9d866dvpve,va_humidity,59
2026-09-09T19:16:58Z,bfd6f4f87fea9d866dvpve,va_temperature,23.8
2026-09-09T19:48:23Z,bf7e2a70935af7de78mjqt,va_humidity,51
2026-09-09T19:48:23Z,bf7e2a70935af7de78mjqt,va_temperature,24.7
2026-09-09T19:48:24Z,bf7e2a70935af7de78mjqt,battery_state,middle
2026-09-09T19:58:54Z,bf5741c97c96fa85b1d7do,va_humidity,58
2026-09-09T19:58:54Z,bf5741c97c96fa85b1d7do,va_temperature,23.9
2026-09-09T19:58:55Z,bf5741c97c96fa85b1d7do,battery_state,high
2026-09-09T19:59:14Z,bf43cf664d6644420axva3,battery_state,middle
2026-09-09T19:59:14Z,bf43cf664d6644420axva3,va_humidity,54
2026-09-09T19:59:14Z,bf43cf664d6644420axva3,va_temperature,23.6
2026-09-09T20:00:00Z,zewnatrz,va_humidity,55
2026-09-09T20:00:00Z,zewnatrz,va_temperature,22.8
2026-09-09T20:16:39Z,bfd6f4f87fea9d866dvpve,battery_state,middle
2026-09-09T20:16:39Z,bfd6f4f87fea9d866dvpve,va_humidity,59
2026-09-09T20:16:39Z,bfd6f4f87fea9d866dvpve,va_temperature,23.9
2026-09-09T20:47:58Z,bf7e2a70935af7de78mjqt,battery_state,middle
2026-09-09T20:47:58Z,bf7e2a70935af7de78mjqt,va_humidity,51
2026-09-09T20:47:58Z,bf7e2a70935af7de78mjqt,va_temperature,24.6
2026-09-09T20:58:07Z,bf5741c97c96fa85b1d7do,battery_state,high
2026-09-09T20:58:07Z,bf5741c97c96fa85b1d7do,va_humidity,57
2026-09-09T20:58:07Z,bf5741c97c96fa85b1d7do,va_temperature,23.8
2026-09-09T20:58:40Z,bf43cf664d6644420axva3,battery_state,middle
2026-09-09T20:58:40Z,bf43cf664d6644420axva3,va_humidity,54
2026-09-09T20:58:40Z,bf43cf664d6644420axva3,va_temperature,23.6
2026-09-09T21:00:00Z,zewnatrz,va_humidity,65
2026-09-09T21:00:00Z,zewnatrz,va_temperature,20.3
2026-09-09T21:16:20Z,bfd6f4f87fea9d866dvpve,battery_state,middle
2026-09-09T21:16:20Z,bfd6f4f87fea9d866dvpve,va_humidity,59
2026-09-09T21:16:20Z,bfd6f4f87fea9d866dvpve,va_temperature,23.8
2026-09-09T21:47:33Z,bf7e2a70935af7de78mjqt,battery_state,middle
2026-09-09T21:47:33Z,bf7e2a70935af7de78mjqt,va_humidity,51
2026-09-09T21:47:33Z,bf7e2a70935af7de78mjqt,va_temperature,24.4
2026-09-09T21:57:19Z,bf5741c97c96fa85b1d7do,va_temperature,23.6
2026-09-09T21:57:20Z,bf5741c97c96fa85b1d7do,battery_state,high
2026-09-09T21:57:20Z,bf5741c97c96fa85b1d7do,va_humidity,56
2026-09-09T21:58:05Z,bf43cf664d6644420axva3,va_temperature,23.3
2026-09-09T21:58:06Z,bf43cf664d6644420axva3,battery_state,middle
2026-09-09T21:58:06Z,bf43cf664d6644420axva3,va_humidity,53
2026-09-09T22:00:00Z,zewnatrz,va_humidity,68
2026-09-09T22:00:00Z,zewnatrz,va_temperature,19.2
2026-09-09T22:16:00Z,bfd6f4f87fea9d866dvpve,va_humidity,57
2026-09-09T22:16:00Z,bfd6f4f87fea9d866dvpve,va_temperature,23.7
2026-09-09T22:16:01Z,bfd6f4f87fea9d866dvpve,battery_state,middle
2026-09-09T22:47:08Z,bf7e2a70935af7de78mjqt,battery_state,middle
2026-09-09T22:47:08Z,bf7e2a70935af7de78mjqt,va_humidity,52
2026-09-09T22:47:08Z,bf7e2a70935af7de78mjqt,va_temperature,24.2
2026-09-09T22:56:32Z,bf5741c97c96fa85b1d7do,battery_state,middle
2026-09-09T22:56:32Z,bf5741c97c96fa85b1d7do,va_humidity,57
2026-09-09T22:56:32Z,bf5741c97c96fa85b1d7do,va_temperature,23.6
2026-09-09T22:57:31Z,bf43cf664d6644420axva3,va_temperature,23.2
2026-09-09T22:57:32Z,bf43cf664d6644420axva3,battery_state,middle
2026-09-09T22:57:32Z,bf43cf664d6644420axva3,va_humidity,55
2026-09-09T23:00:00Z,zewnatrz,va_humidity,63
2026-09-09T23:00:00Z,zewnatrz,va_temperature,18.4
2026-09-09T23:15:41Z,bfd6f4f87fea9d866dvpve,battery_state,middle
2026-09-09T23:15:41Z,bfd6f4f87fea9d866dvpve,va_humidity,59
2026-09-09T23:15:41Z,bfd6f4f87fea9d866dvpve,va_temperature,23.7
2026-09-09T23:46:43Z,bf7e2a70935af7de78mjqt,battery_state,middle
2026-09-09T23:46:43Z,bf7e2a70935af7de78mjqt,va_humidity,52
2026-09-09T23:46:43Z,bf7e2a70935af7de78mjqt,va_temperature,24.2
2026-09-09T23:55:45Z,bf5741c97c96fa85b1d7do,battery_state,high
2026-09-09T23:55:45Z,bf5741c97c96fa85b1d7do,va_humidity,58
2026-09-09T23:55:45Z,bf5741c97c96fa85b1d7do,va_temperature,23.6
2026-09-09T23:56:57Z,bf43cf664d6644420axva3,battery_state,middle
2026-09-09T23:56:57Z,bf43cf664d6644420axva3,va_humidity,55
2026-09-09T23:56:57Z,bf43cf664d6644420axva3,va_temperature,23.3
2026-09-10T00:00:00Z,zewnatrz,va_humidity,74
2026-09-10T00:00:00Z,zewnatrz,va_temperature,17
2026-09-10T00:15:22Z,bfd6f4f87fea9d866dvpve,battery_state,middle
2026-09-10T00:15:22Z,bfd6f4f87fea9d866dvpve,va_humidity,60
2026-09-10T00:15:22Z,bfd6f4f87fea9d866dvpve,va_temperature,23.7
2026-09-10T00:46:18Z,bf7e2a70935af7de78mjqt,battery_state,middle
2026-09-10T00:46:18Z,bf7e2a70935af7de78mjqt,va_humidity,52
2026-09-10T00:46:18Z,bf7e2a70935af7de78mjqt,va_temperature,24.2
2026-09-10T00:54:58Z,bf5741c97c96fa85b1d7do,battery_state,high
2026-09-10T00:54:58Z,bf5741c97c96fa85b1d7do,va_humidity,59
2026-09-10T00:54:58Z,bf5741c97c96fa85b1d7do,va_temperature,23.6
2026-09-10T00:56:22Z,bf43cf664d6644420axva3,va_humidity,55
2026-09-10T00:56:22Z,bf43cf664d6644420axva3,va_temperature,23.4
2026-09-10T00:56:23Z,bf43cf664d6644420axva3,battery_state,middle
2026-09-10T01:00:00Z,zewnatrz,va_humidity,86
2026-09-10T01:00:00Z,zewnatrz,va_temperature,16
2026-09-10T01:15:03Z,bfd6f4f87fea9d866dvpve,va_humidity,60
2026-09-10T01:15:03Z,bfd6f4f87fea9d866dvpve,va_temperature,23.7
2026-09-10T01:15:04Z,bfd6f4f87fea9d866dvpve,battery_state,middle
2026-09-10T01:45:52Z,bf7e2a70935af7de78mjqt,va_temperature,24.3
2026-09-10T01:45:53Z,bf7e2a70935af7de78mjqt,battery_state,middle
2026-09-10T01:45:53Z,bf7e2a70935af7de78mjqt,va_humidity,53
2026-09-10T01:54:11Z,bf5741c97c96fa85b1d7do,va_humidity,59
2026-09-10T01:54:11Z,bf5741c97c96fa85b1d7do,va_temperature,23.6
2026-09-10T01:54:12Z,bf5741c97c96fa85b1d7do,battery_state,high
2026-09-10T01:55:48Z,bf43cf664d6644420axva3,battery_state,middle
2026-09-10T01:55:48Z,bf43cf664d6644420axva3,va_humidity,55
2026-09-10T01:55:48Z,bf43cf664d6644420axva3,va_temperature,23.4
2026-09-10T02:00:00Z,zewnatrz,va_humidity,84
2026-09-10T02:00:00Z,zewnatrz,va_temperature,15.8
2026-09-10T02:14:45Z,bfd6f4f87fea9d866dvpve,battery_state,middle
2026-09-10T02:14:45Z,bfd6f4f87fea9d866dvpve,va_humidity,60
2026-09-10T02:14:45Z,bfd6f4f87fea9d866dvpve,va_temperature,23.7
2026-09-10T02:45:27Z,bf7e2a70935af7de78mjqt,battery_state,middle
2026-09-10T02:45:27Z,bf7e2a70935af7de78mjqt,va_humidity,53
2026-09-10T02:45:27Z,bf7e2a70935af7de78mjqt,va_temperature,24.3
2026-09-10T02:53:24Z,bf5741c97c96fa85b1d7do,battery_state,high
2026-09-10T02:53:24Z,bf5741c97c96fa85b1d7do,va_humidity,60
2026-09-10T02:53:24Z,bf5741c97c96fa85b1d7do,va_temperature,23.5
2026-09-10T02:55:13Z,bf43cf664d6644420axva3,va_humidity,55
2026-09-10T02:55:13Z,bf43cf664d6644420axva3,va_temperature,23.4
2026-09-10T02:55:14Z,bf43cf664d6644420axva3,battery_state,middle
2026-09-10T03:00:00Z,zewnatrz,va_humidity,84
2026-09-10T03:00:00Z,zewnatrz,va_temperature,15.8
2026-09-10T03:14:26Z,bfd6f4f87fea9d866dvpve,battery_state,middle
2026-09-10T03:14:26Z,bfd6f4f87fea9d866dvpve,va_humidity,60
2026-09-10T03:14:26Z,bfd6f4f87fea9d866dvpve,va_temperature,23.8
2026-09-10T03:45:01Z,bf7e2a70935af7de78mjqt,battery_state,middle
2026-09-10T03:45:01Z,bf7e2a70935af7de78mjqt,va_humidity,53
2026-09-10T03:45:01Z,bf7e2a70935af7de78mjqt,va_temperature,24.3
2026-09-10T03:52:37Z,bf5741c97c96fa85b1d7do,battery_state,high
2026-09-10T03:52:37Z,bf5741c97c96fa85b1d7do,va_humidity,60
2026-09-10T03:52:37Z,bf5741c97c96fa85b1d7do,va_temperature,23.6
2026-09-10T03:54:38Z,bf43cf664d6644420axva3,va_temperature,23.4
2026-09-10T03:54:39Z,bf43cf664d6644420axva3,battery_state,middle
2026-09-10T03:54:39Z,bf43cf664d6644420axva3,va_humidity,55
2026-09-10T04:00:00Z,zewnatrz,va_humidity,84
2026-09-10T04:00:00Z,zewnatrz,va_temperature,15.6
2026-09-10T04:14:06Z,bfd6f4f87fea9d866dvpve,va_temperature,23.8
2026-09-10T04:14:07Z,bfd6f4f87fea9d866dvpve,battery_state,middle
2026-09-10T04:14:07Z,bfd6f4f87fea9d866dvpve,va_humidity,60
2026-09-10T04:44:35Z,bf7e2a70935af7de78mjqt,battery_state,middle
2026-09-10T04:44:35Z,bf7e2a70935af7de78mjqt,va_humidity,53
2026-09-10T04:44:35Z,bf7e2a70935af7de78mjqt,va_temperature,24.3
2026-09-10T04:51:50Z,bf5741c97c96fa85b1d7do,battery_state,high
2026-09-10T04:51:50Z,bf5741c97c96fa85b1d7do,va_humidity,60
2026-09-10T04:51:50Z,bf5741c97c96fa85b1d7do,va_temperature,23.6
2026-09-10T04:54:04Z,bf43cf664d6644420axva3,battery_state,middle
2026-09-10T04:54:04Z,bf43cf664d6644420axva3,va_humidity,56
2026-09-10T04:54:04Z,bf43cf664d6644420axva3,va_temperature,23.4
2026-09-10T05:00:00Z,zewnatrz,va_humidity,82
2026-09-10T05:00:00Z,zewnatrz,va_temperature,15.6
2026-09-10T05:13:47Z,bfd6f4f87fea9d866dvpve,battery_state,middle
2026-09-10T05:13:47Z,bfd6f4f87fea9d866dvpve,va_humidity,60
2026-09-10T05:13:47Z,bfd6f4f87fea9d866dvpve,va_temperature,23.8
2026-09-10T05:44:09Z,bf7e2a70935af7de78mjqt,battery_state,middle
2026-09-10T05:44:09Z,bf7e2a70935af7de78mjqt,va_humidity,53
2026-09-10T05:44:09Z,bf7e2a70935af7de78mjqt,va_temperature,24.3
2026-09-10T05:51:03Z,bf5741c97c96fa85b1d7do,battery_state,high
2026-09-10T05:51:03Z,bf5741c97c96fa85b1d7do,va_humidity,60
2026-09-10T05:51:03Z,bf5741c97c96fa85b1d7do,va_temperature,23.5
2026-09-10T05:53:29Z,bf43cf664d6644420axva3,va_temperature,23.3
2026-09-10T05:53:30Z,bf43cf664d6644420axva3,battery_state,middle
2026-09-10T05:53:30Z,bf43cf664d6644420axva3,va_humidity,55
2026-09-10T06:00:00Z,zewnatrz,va_humidity,83
2026-09-10T06:00:00Z,zewnatrz,va_temperature,15.5
2026-09-10T06:13:27Z,bfd6f4f87fea9d866dvpve,va_temperature,23.5
2026-09-10T06:13:28Z,bfd6f4f87fea9d866dvpve,battery_state,middle
2026-09-10T06:13:28Z,bfd6f4f87fea9d866dvpve,va_humidity,59
2026-09-10T06:37:46Z,bf7e2a70935af7de78mjqt,battery_state,middle
2026-09-10T06:37:46Z,bf7e2a70935af7de78mjqt,va_humidity,53
2026-09-10T06:37:46Z,bf7e2a70935af7de78mjqt,va_temperature,23.8
2026-09-10T06:50:17Z,bf5741c97c96fa85b1d7do,battery_state,high
2026-09-10T06:50:17Z,bf5741c97c96fa85b1d7do,va_humidity,58
2026-09-10T06:50:17Z,bf5741c97c96fa85b1d7do,va_temperature,23.5
2026-09-10T06:52:55Z,bf43cf664d6644420axva3,battery_state,middle
2026-09-10T06:52:55Z,bf43cf664d6644420axva3,va_humidity,55
2026-09-10T06:52:55Z,bf43cf664d6644420axva3,va_temperature,23
2026-09-10T07:00:00Z,zewnatrz,va_humidity,77
2026-09-10T07:00:00Z,zewnatrz,va_temperature,16.2
2026-09-10T07:13:08Z,bfd6f4f87fea9d866dvpve,va_humidity,59
2026-09-10T07:13:08Z,bfd6f4f87fea9d866dvpve,va_temperature,23.4
2026-09-10T07:13:09Z,bfd6f4f87fea9d866dvpve,battery_state,middle
2026-09-10T07:37:21Z,bf7e2a70935af7de78mjqt,battery_state,middle
2026-09-10T07:37:21Z,bf7e2a70935af7de78mjqt,va_humidity,53
2026-09-10T07:37:21Z,bf7e2a70935af7de78mjqt,va_temperature,23.6
2026-09-10T07:49:30Z,bf5741c97c96fa85b1d7do,battery_state,high
2026-09-10T07:49:30Z,bf5741c97c96fa85b1d7do,va_humidity,57
2026-09-10T07:49:30Z,bf5741c97c96fa85b1d7do,va_temperature,23.4
2026-09-10T07:52:21Z,bf43cf664d6644420axva3,battery_state,middle
2026-09-10T07:52:21Z,bf43cf664d6644420axva3,va_humidity,54
2026-09-10T07:52:21Z,bf43cf664d6644420axva3,va_temperature,23.1
2026-09-10T08:00:00Z,zewnatrz,va_humidity,74
2026-09-10T08:00:00Z,zewnatrz,va_temperature,16.1
2026-09-10T08:03:13Z,bfd6f4f87fea9d866dvpve,battery_state,middle
2026-09-10T08:03:13Z,bfd6f4f87fea9d866dvpve,va_humidity,64
2026-09-10T08:03:13Z,bfd6f4f87fea9d866dvpve,va_temperature,23.5
2026-09-10T08:18:38Z,bfd6f4f87fea9d866dvpve,va_temperature,23.4
2026-09-10T08:18:39Z,bfd6f4f87fea9d866dvpve,battery_state,middle
2026-09-10T08:18:39Z,bfd6f4f87fea9d866dvpve,va_humidity,59
2026-09-10T08:36:56Z,bf7e2a70935af7de78mjqt,battery_state,middle
2026-09-10T08:36:56Z,bf7e2a70935af7de78mjqt,va_humidity,53
2026-09-10T08:36:56Z,bf7e2a70935af7de78mjqt,va_temperature,23.4
2026-09-10T08:48:44Z,bf5741c97c96fa85b1d7do,battery_state,high
2026-09-10T08:48:44Z,bf5741c97c96fa85b1d7do,va_humidity,56
2026-09-10T08:48:44Z,bf5741c97c96fa85b1d7do,va_temperature,23.5
2026-09-10T08:51:47Z,bf43cf664d6644420axva3,battery_state,middle
2026-09-10T08:51:47Z,bf43cf664d6644420axva3,va_humidity,53
2026-09-10T08:51:47Z,bf43cf664d6644420axva3,va_temperature,23
2026-09-10T09:00:00Z,zewnatrz,va_humidity,66
2026-09-10T09:00:00Z,zewnatrz,va_temperature,17.2
2026-09-10T09:18:20Z,bfd6f4f87fea9d866dvpve,battery_state,middle
2026-09-10T09:18:20Z,bfd6f4f87fea9d866dvpve,va_humidity,57
2026-09-10T09:18:20Z,bfd6f4f87fea9d866dvpve,va_temperature,23.3
2026-09-10T09:36:31Z,bf7e2a70935af7de78mjqt,battery_state,middle
2026-09-10T09:36:31Z,bf7e2a70935af7de78mjqt,va_humidity,51
2026-09-10T09:36:31Z,bf7e2a70935af7de78mjqt,va_temperature,23.5
2026-09-10T09:47:56Z,bf5741c97c96fa85b1d7do,battery_state,high
2026-09-10T09:47:56Z,bf5741c97c96fa85b1d7do,va_humidity,53
2026-09-10T09:47:56Z,bf5741c97c96fa85b1d7do,va_temperature,23.9
2026-09-10T09:51:12Z,bf43cf664d6644420axva3,va_temperature,23.1
2026-09-10T09:51:13Z,bf43cf664d6644420axva3,battery_state,middle
2026-09-10T09:51:13Z,bf43cf664d6644420axva3,va_humidity,51
2026-09-10T10:00:00Z,zewnatrz,va_humidity,62
2026-09-10T10:00:00Z,zewnatrz,va_temperature,18
2026-09-10T10:18:01Z,bfd6f4f87fea9d866dvpve,battery_state,middle
2026-09-10T10:18:01Z,bfd6f4f87fea9d866dvpve,va_humidity,55
2026-09-10T10:18:01Z,bfd6f4f87fea9d866dvpve,va_temperature,23.2
2026-09-10T10:36:05Z,bf7e2a70935af7de78mjqt,va_temperature,23.6
2026-09-10T10:36:06Z,bf7e2a70935af7de78mjqt,battery_state,middle
2026-09-10T10:36:06Z,bf7e2a70935af7de78mjqt,va_humidity,50
2026-09-10T10:47:09Z,bf5741c97c96fa85b1d7do,va_humidity,51
2026-09-10T10:47:09Z,bf5741c97c96fa85b1d7do,va_temperature,23.9
2026-09-10T10:47:10Z,bf5741c97c96fa85b1d7do,battery_state,high
2026-09-10T10:50:39Z,bf43cf664d6644420axva3,battery_state,middle
2026-09-10T10:50:39Z,bf43cf664d6644420axva3,va_humidity,51
2026-09-10T10:50:39Z,bf43cf664d6644420axva3,va_temperature,23.2
2026-09-10T11:00:00Z,zewnatrz,va_humidity,58
2026-09-10T11:00:00Z,zewnatrz,va_temperature,18.5
2026-09-10T11:17:41Z,bfd6f4f87fea9d866dvpve,va_temperature,23.3
2026-09-10T11:17:42Z,bfd6f4f87fea9d866dvpve,battery_state,middle
2026-09-10T11:17:42Z,bfd6f4f87fea9d866dvpve,va_humidity,55
2026-09-10T11:35:40Z,bf7e2a70935af7de78mjqt,va_temperature,23.5
2026-09-10T11:35:41Z,bf7e2a70935af7de78mjqt,battery_state,middle
2026-09-10T11:35:41Z,bf7e2a70935af7de78mjqt,va_humidity,50
2026-09-10T11:46:22Z,bf5741c97c96fa85b1d7do,battery_state,middle
2026-09-10T11:46:22Z,bf5741c97c96fa85b1d7do,va_humidity,51
2026-09-10T11:46:22Z,bf5741c97c96fa85b1d7do,va_temperature,23.9
2026-09-10T11:50:04Z,bf43cf664d6644420axva3,va_temperature,23.1
2026-09-10T11:50:05Z,bf43cf664d6644420axva3,battery_state,middle
2026-09-10T11:50:05Z,bf43cf664d6644420axva3,va_humidity,50
2026-09-10T12:00:00Z,zewnatrz,va_humidity,58
2026-09-10T12:00:00Z,zewnatrz,va_temperature,18.4
2026-09-10T12:17:22Z,bfd6f4f87fea9d866dvpve,va_temperature,23.2
2026-09-10T12:17:23Z,bfd6f4f87fea9d866dvpve,battery_state,middle
2026-09-10T12:17:23Z,bfd6f4f87fea9d866dvpve,va_humidity,54
2026-09-10T12:35:15Z,bf7e2a70935af7de78mjqt,va_humidity,50
2026-09-10T12:35:15Z,bf7e2a70935af7de78mjqt,va_temperature,23.5
2026-09-10T12:35:16Z,bf7e2a70935af7de78mjqt,battery_state,middle
2026-09-10T12:45:35Z,bf5741c97c96fa85b1d7do,battery_state,high
2026-09-10T12:45:35Z,bf5741c97c96fa85b1d7do,va_humidity,51
2026-09-10T12:45:35Z,bf5741c97c96fa85b1d7do,va_temperature,23.9
2026-09-10T12:49:30Z,bf43cf664d6644420axva3,va_temperature,23.1
2026-09-10T12:49:31Z,bf43cf664d6644420axva3,battery_state,middle
2026-09-10T12:49:31Z,bf43cf664d6644420axva3,va_humidity,50
2026-09-10T13:00:00Z,zewnatrz,va_humidity,61
2026-09-10T13:00:00Z,zewnatrz,va_temperature,18.2
2026-09-10T13:17:04Z,bfd6f4f87fea9d866dvpve,battery_state,middle
2026-09-10T13:17:04Z,bfd6f4f87fea9d866dvpve,va_humidity,54
2026-09-10T13:17:04Z,bfd6f4f87fea9d866dvpve,va_temperature,23.1
2026-09-10T13:34:51Z,bf7e2a70935af7de78mjqt,battery_state,middle
2026-09-10T13:34:51Z,bf7e2a70935af7de78mjqt,va_humidity,50
2026-09-10T13:34:51Z,bf7e2a70935af7de78mjqt,va_temperature,23.6
2026-09-10T13:44:48Z,bf5741c97c96fa85b1d7do,battery_state,high
2026-09-10T13:44:48Z,bf5741c97c96fa85b1d7do,va_humidity,51
2026-09-10T13:44:48Z,bf5741c97c96fa85b1d7do,va_temperature,23.8
2026-09-10T13:48:57Z,bf43cf664d6644420axva3,battery_state,middle
2026-09-10T13:48:57Z,bf43cf664d6644420axva3,va_humidity,50
2026-09-10T13:48:57Z,bf43cf664d6644420axva3,va_temperature,23.1
2026-09-10T14:00:00Z,zewnatrz,va_humidity,61
2026-09-10T14:00:00Z,zewnatrz,va_temperature,17.8
2026-09-10T14:16:45Z,bfd6f4f87fea9d866dvpve,va_humidity,53
2026-09-10T14:16:45Z,bfd6f4f87fea9d866dvpve,va_temperature,23.1
2026-09-10T14:16:46Z,bfd6f4f87fea9d866dvpve,battery_state,middle
2026-09-10T14:34:26Z,bf7e2a70935af7de78mjqt,va_humidity,50
2026-09-10T14:34:26Z,bf7e2a70935af7de78mjqt,va_temperature,23.6
2026-09-10T14:34:27Z,bf7e2a70935af7de78mjqt,battery_state,middle
2026-09-10T14:44:01Z,bf5741c97c96fa85b1d7do,battery_state,high
2026-09-10T14:44:01Z,bf5741c97c96fa85b1d7do,va_humidity,51
2026-09-10T14:44:01Z,bf5741c97c96fa85b1d7do,va_temperature,23.8
2026-09-10T14:48:23Z,bf43cf664d6644420axva3,battery_state,middle
2026-09-10T14:48:23Z,bf43cf664d6644420axva3,va_humidity,50
2026-09-10T14:48:23Z,bf43cf664d6644420axva3,va_temperature,23
2026-09-10T15:00:00Z,zewnatrz,va_humidity,59
2026-09-10T15:00:00Z,zewnatrz,va_temperature,17.8
2026-09-10T15:16:26Z,bfd6f4f87fea9d866dvpve,va_humidity,57
2026-09-10T15:16:26Z,bfd6f4f87fea9d866dvpve,va_temperature,23.3
2026-09-10T15:16:27Z,bfd6f4f87fea9d866dvpve,battery_state,middle
2026-09-10T15:34:02Z,bf7e2a70935af7de78mjqt,battery_state,middle
2026-09-10T15:34:02Z,bf7e2a70935af7de78mjqt,va_humidity,50
2026-09-10T15:34:02Z,bf7e2a70935af7de78mjqt,va_temperature,24
2026-09-10T15:43:14Z,bf5741c97c96fa85b1d7do,battery_state,high
2026-09-10T15:43:14Z,bf5741c97c96fa85b1d7do,va_humidity,54
2026-09-10T15:43:14Z,bf5741c97c96fa85b1d7do,va_temperature,23.8
2026-09-10T15:47:49Z,bf43cf664d6644420axva3,battery_state,middle
2026-09-10T15:47:49Z,bf43cf664d6644420axva3,va_humidity,52
2026-09-10T15:47:49Z,bf43cf664d6644420axva3,va_temperature,23.2
2026-09-10T16:00:00Z,zewnatrz,va_humidity,58
2026-09-10T16:00:00Z,zewnatrz,va_temperature,17.7
2026-09-10T16:16:07Z,bfd6f4f87fea9d866dvpve,va_temperature,23.3
2026-09-10T16:16:08Z,bfd6f4f87fea9d866dvpve,battery_state,middle
2026-09-10T16:16:08Z,bfd6f4f87fea9d866dvpve,va_humidity,58
2026-09-10T16:33:37Z,bf7e2a70935af7de78mjqt,va_humidity,50
2026-09-10T16:33:37Z,bf7e2a70935af7de78mjqt,va_temperature,24
2026-09-10T16:33:38Z,bf7e2a70935af7de78mjqt,battery_state,middle
2026-09-10T16:42:27Z,bf5741c97c96fa85b1d7do,battery_state,middle
2026-09-10T16:42:27Z,bf5741c97c96fa85b1d7do,va_humidity,55
2026-09-10T16:42:27Z,bf5741c97c96fa85b1d7do,va_temperature,23.7
2026-09-10T16:47:15Z,bf43cf664d6644420axva3,battery_state,middle
2026-09-10T16:47:15Z,bf43cf664d6644420axva3,va_humidity,52
2026-09-10T16:47:15Z,bf43cf664d6644420axva3,va_temperature,23.2
2026-09-10T17:00:00Z,zewnatrz,va_humidity,61
2026-09-10T17:00:00Z,zewnatrz,va_temperature,17.2
2026-09-10T17:15:49Z,bfd6f4f87fea9d866dvpve,battery_state,middle
2026-09-10T17:15:49Z,bfd6f4f87fea9d866dvpve,va_humidity,57
2026-09-10T17:15:49Z,bfd6f4f87fea9d866dvpve,va_temperature,23.4
2026-09-10T17:33:13Z,bf7e2a70935af7de78mjqt,battery_state,middle
2026-09-10T17:33:13Z,bf7e2a70935af7de78mjqt,va_humidity,50
2026-09-10T17:33:13Z,bf7e2a70935af7de78mjqt,va_temperature,24
2026-09-10T17:41:40Z,bf5741c97c96fa85b1d7do,battery_state,high
2026-09-10T17:41:40Z,bf5741c97c96fa85b1d7do,va_humidity,54
2026-09-10T17:41:40Z,bf5741c97c96fa85b1d7do,va_temperature,23.6
2026-09-10T17:46:41Z,bf43cf664d6644420axva3,va_humidity,52
2026-09-10T17:46:41Z,bf43cf664d6644420axva3,va_temperature,23.2
2026-09-10T17:46:42Z,bf43cf664d6644420axva3,battery_state,middle
2026-09-10T18:00:00Z,zewnatrz,va_humidity,68
2026-09-10T18:00:00Z,zewnatrz,va_temperature,16.7
2026-09-10T18:15:30Z,bfd6f4f87fea9d866dvpve,battery_state,middle
2026-09-10T18:15:30Z,bfd6f4f87fea9d866dvpve,va_humidity,57
2026-09-10T18:15:30Z,bfd6f4f87fea9d866dvpve,va_temperature,23.4
2026-09-10T18:32:49Z,bf7e2a70935af7de78mjqt,battery_state,middle
2026-09-10T18:32:49Z,bf7e2a70935af7de78mjqt,va_humidity,50
2026-09-10T18:32:49Z,bf7e2a70935af7de78mjqt,va_temperature,23.9
2026-09-10T18:40:53Z,bf5741c97c96fa85b1d7do,battery_state,middle
2026-09-10T18:40:53Z,bf5741c97c96fa85b1d7do,va_humidity,54
2026-09-10T18:40:53Z,bf5741c97c96fa85b1d7do,va_temperature,23.5
2026-09-10T18:46:07Z,bf43cf664d6644420axva3,va_humidity,52
2026-09-10T18:46:07Z,bf43cf664d6644420axva3,va_temperature,23.2
2026-09-10T18:46:08Z,bf43cf664d6644420axva3,battery_state,middle
2026-09-10T19:00:00Z,zewnatrz,va_humidity,68
2026-09-10T19:00:00Z,zewnatrz,va_temperature,16.4
2026-09-10T19:15:11Z,bfd6f4f87fea9d866dvpve,va_humidity,56
2026-09-10T19:15:11Z,bfd6f4f87fea9d866dvpve,va_temperature,23.4
2026-09-10T19:15:12Z,bfd6f4f87fea9d866dvpve,battery_state,middle
2026-09-10T19:32:25Z,bf7e2a70935af7de78mjqt,battery_state,middle
2026-09-10T19:32:25Z,bf7e2a70935af7de78mjqt,va_humidity,50
2026-09-10T19:32:25Z,bf7e2a70935af7de78mjqt,va_temperature,23.9
2026-09-10T19:40:05Z,bf5741c97c96fa85b1d7do,va_temperature,23.5
2026-09-10T19:40:06Z,bf5741c97c96fa85b1d7do,battery_state,middle
2026-09-10T19:40:06Z,bf5741c97c96fa85b1d7do,va_humidity,54
2026-09-10T19:45:33Z,bf43cf664d6644420axva3,va_temperature,23.2
2026-09-10T19:45:34Z,bf43cf664d6644420axva3,battery_state,middle
2026-09-10T19:45:34Z,bf43cf664d6644420axva3,va_humidity,52
2026-09-10T20:00:00Z,zewnatrz,va_humidity,63
2026-09-10T20:00:00Z,zewnatrz,va_temperature,16.2
2026-09-10T20:14:53Z,bfd6f4f87fea9d866dvpve,battery_state,middle
2026-09-10T20:14:53Z,bfd6f4f87fea9d866dvpve,va_humidity,55
2026-09-10T20:14:53Z,bfd6f4f87fea9d866dvpve,va_temperature,23.4
2026-09-10T20:32:01Z,bf7e2a70935af7de78mjqt,battery_state,middle
2026-09-10T20:32:01Z,bf7e2a70935af7de78mjqt,va_humidity,50
2026-09-10T20:32:01Z,bf7e2a70935af7de78mjqt,va_temperature,23.9
2026-09-10T20:39:18Z,bf5741c97c96fa85b1d7do,battery_state,middle
2026-09-10T20:39:18Z,bf5741c97c96fa85b1d7do,va_humidity,54
2026-09-10T20:39:18Z,bf5741c97c96fa85b1d7do,va_temperature,23.4
2026-09-10T20:44:59Z,bf43cf664d6644420axva3,battery_state,middle
2026-09-10T20:44:59Z,bf43cf664d6644420axva3,va_humidity,52
2026-09-10T20:44:59Z,bf43cf664d6644420axva3,va_temperature,23.2
2026-09-10T21:00:00Z,zewnatrz,va_humidity,59
2026-09-10T21:00:00Z,zewnatrz,va_temperature,16.2
2026-09-10T21:14:34Z,bfd6f4f87fea9d866dvpve,battery_state,middle
2026-09-10T21:14:34Z,bfd6f4f87fea9d866dvpve,va_humidity,55
2026-09-10T21:14:34Z,bfd6f4f87fea9d866dvpve,va_temperature,23.4
2026-09-10T21:31:36Z,bf7e2a70935af7de78mjqt,battery_state,middle
2026-09-10T21:31:36Z,bf7e2a70935af7de78mjqt,va_humidity,50
2026-09-10T21:31:36Z,bf7e2a70935af7de78mjqt,va_temperature,23.9
2026-09-10T21:38:31Z,bf5741c97c96fa85b1d7do,battery_state,high
2026-09-10T21:38:31Z,bf5741c97c96fa85b1d7do,va_humidity,53
2026-09-10T21:38:31Z,bf5741c97c96fa85b1d7do,va_temperature,23.4
2026-09-10T21:44:25Z,bf43cf664d6644420axva3,battery_state,middle
2026-09-10T21:44:25Z,bf43cf664d6644420axva3,va_humidity,52
2026-09-10T21:44:25Z,bf43cf664d6644420axva3,va_temperature,23.2
2026-09-10T22:00:00Z,zewnatrz,va_humidity,61
2026-09-10T22:00:00Z,zewnatrz,va_temperature,15.6
2026-09-10T22:14:15Z,bfd6f4f87fea9d866dvpve,va_humidity,54
2026-09-10T22:14:15Z,bfd6f4f87fea9d866dvpve,va_temperature,23.4
2026-09-10T22:14:16Z,bfd6f4f87fea9d866dvpve,battery_state,middle
2026-09-10T22:31:11Z,bf7e2a70935af7de78mjqt,va_humidity,50
2026-09-10T22:31:11Z,bf7e2a70935af7de78mjqt,va_temperature,23.8
2026-09-10T22:31:12Z,bf7e2a70935af7de78mjqt,battery_state,middle
2026-09-10T22:37:44Z,bf5741c97c96fa85b1d7do,battery_state,high
2026-09-10T22:37:44Z,bf5741c97c96fa85b1d7do,va_humidity,53
2026-09-10T22:37:44Z,bf5741c97c96fa85b1d7do,va_temperature,23.3
2026-09-10T22:43:51Z,bf43cf664d6644420axva3,battery_state,middle
2026-09-10T22:43:51Z,bf43cf664d6644420axva3,va_humidity,52
2026-09-10T22:43:51Z,bf43cf664d6644420axva3,va_temperature,23.1
2026-09-10T23:00:00Z,zewnatrz,va_humidity,66
2026-09-10T23:00:00Z,zewnatrz,va_temperature,15.2
2026-09-10T23:13:57Z,bfd6f4f87fea9d866dvpve,battery_state,middle
2026-09-10T23:13:57Z,bfd6f4f87fea9d866dvpve,va_humidity,54
2026-09-10T23:13:57Z,bfd6f4f87fea9d866dvpve,va_temperature,23.4
2026-09-10T23:30:47Z,bf7e2a70935af7de78mjqt,battery_state,middle
2026-09-10T23:30:47Z,bf7e2a70935af7de78mjqt,va_humidity,50
2026-09-10T23:30:47Z,bf7e2a70935af7de78mjqt,va_temperature,23.8
2026-09-10T23:36:56Z,bf5741c97c96fa85b1d7do,va_temperature,23.2
2026-09-10T23:36:57Z,bf5741c97c96fa85b1d7do,battery_state,middle
2026-09-10T23:36:57Z,bf5741c97c96fa85b1d7do,va_humidity,54
2026-09-10T23:43:17Z,bf43cf664d6644420axva3,va_humidity,52
2026-09-10T23:43:17Z,bf43cf664d6644420axva3,va_temperature,23.1
2026-09-10T23:43:18Z,bf43cf664d6644420axva3,battery_state,middle
2026-09-11T00:00:00Z,zewnatrz,va_humidity,68
2026-09-11T00:00:00Z,zewnatrz,va_temperature,14.8
2026-09-11T00:13:38Z,bfd6f4f87fea9d866dvpve,battery_state,middle
2026-09-11T00:13:38Z,bfd6f4f87fea9d866dvpve,va_humidity,54
2026-09-11T00:13:38Z,bfd6f4f87fea9d866dvpve,va_temperature,23.4
2026-09-11T00:30:22Z,bf7e2a70935af7de78mjqt,va_temperature,23.8
2026-09-11T00:30:23Z,bf7e2a70935af7de78mjqt,battery_state,middle
2026-09-11T00:30:23Z,bf7e2a70935af7de78mjqt,va_humidity,50
2026-09-11T00:36:09Z,bf5741c97c96fa85b1d7do,va_humidity,54
2026-09-11T00:36:09Z,bf5741c97c96fa85b1d7do,va_temperature,23.2
2026-09-11T00:36:10Z,bf5741c97c96fa85b1d7do,battery_state,middle
2026-09-11T00:42:44Z,bf43cf664d6644420axva3,battery_state,middle
2026-09-11T00:42:44Z,bf43cf664d6644420axva3,va_humidity,52
2026-09-11T00:42:44Z,bf43cf664d6644420axva3,va_temperature,23.1
2026-09-11T01:00:00Z,zewnatrz,va_humidity,70
2026-09-11T01:00:00Z,zewnatrz,va_temperature,14.3
2026-09-11T01:13:19Z,bfd6f4f87fea9d866dvpve,va_temperature,23.4
2026-09-11T01:13:20Z,bfd6f4f87fea9d866dvpve,battery_state,middle
2026-09-11T01:13:20Z,bfd6f4f87fea9d866dvpve,va_humidity,54
2026-09-11T01:29:58Z,bf7e2a70935af7de78mjqt,battery_state,middle
2026-09-11T01:29:58Z,bf7e2a70935af7de78mjqt,va_humidity,50
2026-09-11T01:29:58Z,bf7e2a70935af7de78mjqt,va_temperature,23.7
2026-09-11T01:35:22Z,bf5741c97c96fa85b1d7do,battery_state,middle
2026-09-11T01:35:22Z,bf5741c97c96fa85b1d7do,va_humidity,54
2026-09-11T01:35:22Z,bf5741c97c96fa85b1d7do,va_temperature,23.1
2026-09-11T01:42:09Z,bf43cf664d6644420axva3,va_temperature,23.1
2026-09-11T01:42:10Z,bf43cf664d6644420axva3,battery_state,middle
2026-09-11T01:42:10Z,bf43cf664d6644420axva3,va_humidity,52
2026-09-11T02:00:00Z,zewnatrz,va_humidity,74
2026-09-11T02:00:00Z,zewnatrz,va_temperature,13.5
2026-09-11T02:13:01Z,bfd6f4f87fea9d866dvpve,va_humidity,54
2026-09-11T02:13:01Z,bfd6f4f87fea9d866dvpve,va_temperature,23.4
2026-09-11T02:13:02Z,bfd6f4f87fea9d866dvpve,battery_state,middle
2026-09-11T02:29:33Z,bf7e2a70935af7de78mjqt,va_temperature,23.7
2026-09-11T02:29:34Z,bf7e2a70935af7de78mjqt,battery_state,middle
2026-09-11T02:29:34Z,bf7e2a70935af7de78mjqt,va_humidity,50
2026-09-11T02:34:34Z,bf5741c97c96fa85b1d7do,va_temperature,23.1
2026-09-11T02:34:35Z,bf5741c97c96fa85b1d7do,battery_state,middle
2026-09-11T02:34:35Z,bf5741c97c96fa85b1d7do,va_humidity,54
2026-09-11T02:41:35Z,bf43cf664d6644420axva3,battery_state,middle
2026-09-11T02:41:35Z,bf43cf664d6644420axva3,va_humidity,52
2026-09-11T02:41:35Z,bf43cf664d6644420axva3,va_temperature,23
2026-09-11T03:00:00Z,zewnatrz,va_humidity,74
2026-09-11T03:00:00Z,zewnatrz,va_temperature,13.3
2026-09-11T03:12:43Z,bfd6f4f87fea9d866dvpve,battery_state,middle
2026-09-11T03:12:43Z,bfd6f4f87fea9d866dvpve,va_humidity,54
2026-09-11T03:12:43Z,bfd6f4f87fea9d866dvpve,va_temperature,23.4
2026-09-11T03:29:09Z,bf7e2a70935af7de78mjqt,battery_state,middle
2026-09-11T03:29:09Z,bf7e2a70935af7de78mjqt,va_humidity,50
2026-09-11T03:29:09Z,bf7e2a70935af7de78mjqt,va_temperature,23.7
2026-09-11T03:33:47Z,bf5741c97c96fa85b1d7do,va_humidity,54
2026-09-11T03:33:47Z,bf5741c97c96fa85b1d7do,va_temperature,23
2026-09-11T03:33:48Z,bf5741c97c96fa85b1d7do,battery_state,high
2026-09-11T03:41:00Z,bf43cf664d6644420axva3,va_temperature,23
2026-09-11T03:41:01Z,bf43cf664d6644420axva3,battery_state,middle
2026-09-11T03:41:01Z,bf43cf664d6644420axva3,va_humidity,51
2026-09-11T04:00:00Z,zewnatrz,va_humidity,74
2026-09-11T04:00:00Z,zewnatrz,va_temperature,13.2
2026-09-11T04:12:24Z,bfd6f4f87fea9d866dvpve,battery_state,middle
2026-09-11T04:12:24Z,bfd6f4f87fea9d866dvpve,va_humidity,53
2026-09-11T04:12:24Z,bfd6f4f87fea9d866dvpve,va_temperature,23.4
2026-09-11T04:28:44Z,bf7e2a70935af7de78mjqt,battery_state,middle
2026-09-11T04:28:44Z,bf7e2a70935af7de78mjqt,va_humidity,50
2026-09-11T04:28:44Z,bf7e2a70935af7de78mjqt,va_temperature,23.6
2026-09-11T04:33:00Z,bf5741c97c96fa85b1d7do,va_temperature,22.9
2026-09-11T04:33:01Z,bf5741c97c96fa85b1d7do,battery_state,middle
2026-09-11T04:33:01Z,bf5741c97c96fa85b1d7do,va_humidity,53
2026-09-11T04:40:26Z,bf43cf664d6644420axva3,va_temperature,23
2026-09-11T04:40:27Z,bf43cf664d6644420axva3,battery_state,middle
2026-09-11T04:40:27Z,bf43cf664d6644420axva3,va_humidity,51
2026-09-11T05:00:00Z,zewnatrz,va_humidity,72
2026-09-11T05:00:00Z,zewnatrz,va_temperature,13.5
2026-09-11T05:12:05Z,bfd6f4f87fea9d866dvpve,battery_state,middle
2026-09-11T05:12:05Z,bfd6f4f87fea9d866dvpve,va_humidity,53
2026-09-11T05:12:05Z,bfd6f4f87fea9d866dvpve,va_temperature,23.3
2026-09-11T05:28:19Z,bf7e2a70935af7de78mjqt,battery_state,middle
2026-09-11T05:28:19Z,bf7e2a70935af7de78mjqt,va_humidity,50
2026-09-11T05:28:19Z,bf7e2a70935af7de78mjqt,va_temperature,23.6
2026-09-11T05:32:13Z,bf5741c97c96fa85b1d7do,battery_state,middle
2026-09-11T05:32:13Z,bf5741c97c96fa85b1d7do,va_humidity,53
2026-09-11T05:32:13Z,bf5741c97c96fa85b1d7do,va_temperature,22.9
2026-09-11T05:39:52Z,bf43cf664d6644420axva3,battery_state,middle
2026-09-11T05:39:52Z,bf43cf664d6644420axva3,va_humidity,51
2026-09-11T05:39:52Z,bf43cf664d6644420axva3,va_temperature,23
2026-09-11T06:00:00Z,zewnatrz,va_humidity,72
2026-09-11T06:00:00Z,zewnatrz,va_temperature,13.6
2026-09-11T06:11:46Z,bfd6f4f87fea9d866dvpve,battery_state,middle
2026-09-11T06:11:46Z,bfd6f4f87fea9d866dvpve,va_humidity,53
2026-09-11T06:11:46Z,bfd6f4f87fea9d866dvpve,va_temperature,23.4
2026-09-11T06:27:55Z,bf7e2a70935af7de78mjqt,battery_state,middle
2026-09-11T06:27:55Z,bf7e2a70935af7de78mjqt,va_humidity,50
2026-09-11T06:27:55Z,bf7e2a70935af7de78mjqt,va_temperature,23.6
2026-09-11T06:31:25Z,bf5741c97c96fa85b1d7do,va_temperature,22.9
2026-09-11T06:31:26Z,bf5741c97c96fa85b1d7do,battery_state,middle
2026-09-11T06:31:26Z,bf5741c97c96fa85b1d7do,va_humidity,53
2026-09-11T06:39:18Z,bf43cf664d6644420axva3,va_humidity,51
2026-09-11T06:39:18Z,bf43cf664d6644420axva3,va_temperature,22.9
2026-09-11T06:39:19Z,bf43cf664d6644420axva3,battery_state,middle
2026-09-11T07:00:00Z,zewnatrz,va_humidity,78
2026-09-11T07:00:00Z,zewnatrz,va_temperature,13
2026-09-11T07:11:27Z,bfd6f4f87fea9d866dvpve,battery_state,middle
2026-09-11T07:11:27Z,bfd6f4f87fea9d866dvpve,va_humidity,53
2026-09-11T07:11:27Z,bfd6f4f87fea9d866dvpve,va_temperature,23.4
2026-09-11T07:27:30Z,bf7e2a70935af7de78mjqt,va_humidity,50
2026-09-11T07:27:30Z,bf7e2a70935af7de78mjqt,va_temperature,23.6
2026-09-11T07:27:31Z,bf7e2a70935af7de78mjqt,battery_state,middle
2026-09-11T07:30:38Z,bf5741c97c96fa85b1d7do,va_humidity,53
2026-09-11T07:30:38Z,bf5741c97c96fa85b1d7do,va_temperature,22.9
2026-09-11T07:30:39Z,bf5741c97c96fa85b1d7do,battery_state,middle
2026-09-11T07:38:44Z,bf43cf664d6644420axva3,battery_state,middle
2026-09-11T07:38:44Z,bf43cf664d6644420axva3,va_humidity,51
2026-09-11T07:38:44Z,bf43cf664d6644420axva3,va_temperature,22.9
2026-09-11T08:00:00Z,zewnatrz,va_humidity,81
2026-09-11T08:00:00Z,zewnatrz,va_temperature,12.5
2026-09-11T08:11:09Z,bfd6f4f87fea9d866dvpve,battery_state,middle
2026-09-11T08:11:09Z,bfd6f4f87fea9d866dvpve,va_humidity,53
2026-09-11T08:11:09Z,bfd6f4f87fea9d866dvpve,va_temperature,23.3
2026-09-11T08:27:06Z,bf7e2a70935af7de78mjqt,battery_state,middle
2026-09-11T08:27:06Z,bf7e2a70935af7de78mjqt,va_humidity,50
2026-09-11T08:27:06Z,bf7e2a70935af7de78mjqt,va_temperature,23.6
2026-09-11T08:29:51Z,bf5741c97c96fa85b1d7do,va_temperature,23.1
2026-09-11T08:29:52Z,bf5741c97c96fa85b1d7do,battery_state,middle
2026-09-11T08:29:52Z,bf5741c97c96fa85b1d7do,va_humidity,54
2026-09-11T08:38:09Z,bf43cf664d6644420axva3,battery_state,middle
2026-09-11T08:38:09Z,bf43cf664d6644420axva3,va_humidity,51
2026-09-11T08:38:09Z,bf43cf664d6644420axva3,va_temperature,22.9
2026-09-11T09:00:00Z,zewnatrz,va_humidity,82
2026-09-11T09:00:00Z,zewnatrz,va_temperature,12.1
2026-09-11T09:10:50Z,bfd6f4f87fea9d866dvpve,va_temperature,23.4
2026-09-11T09:10:51Z,bfd6f4f87fea9d866dvpve,battery_state,middle
2026-09-11T09:10:51Z,bfd6f4f87fea9d866dvpve,va_humidity,53
2026-09-11T09:26:41Z,bf7e2a70935af7de78mjqt,va_humidity,50
2026-09-11T09:26:41Z,bf7e2a70935af7de78mjqt,va_temperature,23.5
2026-09-11T09:26:42Z,bf7e2a70935af7de78mjqt,battery_state,middle
2026-09-11T09:29:05Z,bf5741c97c96fa85b1d7do,battery_state,high
2026-09-11T09:29:05Z,bf5741c97c96fa85b1d7do,va_humidity,54
2026-09-11T09:29:05Z,bf5741c97c96fa85b1d7do,va_temperature,23
2026-09-11T09:37:35Z,bf43cf664d6644420axva3,battery_state,middle
2026-09-11T09:37:35Z,bf43cf664d6644420axva3,va_humidity,51
2026-09-11T09:37:35Z,bf43cf664d6644420axva3,va_temperature,22.9
2026-09-11T10:00:00Z,zewnatrz,va_humidity,83
2026-09-11T10:00:00Z,zewnatrz,va_temperature,12.2
2026-09-11T10:10:31Z,bfd6f4f87fea9d866dvpve,va_temperature,23.3
2026-09-11T10:10:32Z,bfd6f4f87fea9d866dvpve,battery_state,middle
2026-09-11T10:10:32Z,bfd6f4f87fea9d866dvpve,va_humidity,53
2026-09-11T10:26:17Z,bf7e2a70935af7de78mjqt,battery_state,middle
2026-09-11T10:26:17Z,bf7e2a70935af7de78mjqt,va_humidity,50
2026-09-11T10:26:17Z,bf7e2a70935af7de78mjqt,va_temperature,23.6
2026-09-11T10:28:18Z,bf5741c97c96fa85b1d7do,battery_state,high
2026-09-11T10:28:18Z,bf5741c97c96fa85b1d7do,va_humidity,54
2026-09-11T10:28:18Z,bf5741c97c96fa85b1d7do,va_temperature,23
2026-09-11T10:37:00Z,bf43cf664d6644420axva3,va_humidity,51
2026-09-11T10:37:00Z,bf43cf664d6644420axva3,va_temperature,22.9
2026-09-11T10:37:01Z,bf43cf664d6644420axva3,battery_state,middle
2026-09-11T11:00:00Z,zewnatrz,va_humidity,85
2026-09-11T11:00:00Z,zewnatrz,va_temperature,12
2026-09-11T11:10:13Z,bfd6f4f87fea9d866dvpve,battery_state,middle
2026-09-11T11:10:13Z,bfd6f4f87fea9d866dvpve,va_humidity,53
2026-09-11T11:10:13Z,bfd6f4f87fea9d866dvpve,va_temperature,23.3
2026-09-11T11:25:52Z,bf7e2a70935af7de78mjqt,va_temperature,23.6
2026-09-11T11:25:53Z,bf7e2a70935af7de78mjqt,battery_state,middle
2026-09-11T11:25:53Z,bf7e2a70935af7de78mjqt,va_humidity,50
2026-09-11T11:27:31Z,bf5741c97c96fa85b1d7do,va_humidity,54
2026-09-11T11:27:31Z,bf5741c97c96fa85b1d7do,va_temperature,23.1
2026-09-11T11:27:32Z,bf5741c97c96fa85b1d7do,battery_state,high
2026-09-11T11:36:26Z,bf43cf664d6644420axva3,battery_state,middle
2026-09-11T11:36:26Z,bf43cf664d6644420axva3,va_humidity,51
2026-09-11T11:36:26Z,bf43cf664d6644420axva3,va_temperature,22.9
2026-09-11T12:00:00Z,zewnatrz,va_humidity,88
2026-09-11T12:00:00Z,zewnatrz,va_temperature,11.5
2026-09-11T12:09:54Z,bfd6f4f87fea9d866dvpve,battery_state,middle
2026-09-11T12:09:54Z,bfd6f4f87fea9d866dvpve,va_humidity,53
2026-09-11T12:09:54Z,bfd6f4f87fea9d866dvpve,va_temperature,23.4
2026-09-11T12:25:28Z,bf7e2a70935af7de78mjqt,va_humidity,50
2026-09-11T12:25:28Z,bf7e2a70935af7de78mjqt,va_temperature,23.5
2026-09-11T12:25:29Z,bf7e2a70935af7de78mjqt,battery_state,middle
2026-09-11T12:26:45Z,bf5741c97c96fa85b1d7do,battery_state,middle
2026-09-11T12:26:45Z,bf5741c97c96fa85b1d7do,va_humidity,54
2026-09-11T12:26:45Z,bf5741c97c96fa85b1d7do,va_temperature,22.9
2026-09-11T12:35:51Z,bf43cf664d6644420axva3,va_temperature,22.9
2026-09-11T12:35:52Z,bf43cf664d6644420axva3,battery_state,middle
2026-09-11T12:35:52Z,bf43cf664d6644420axva3,va_humidity,51
2026-09-11T13:00:00Z,zewnatrz,va_humidity,89
2026-09-11T13:00:00Z,zewnatrz,va_temperature,11.4
2026-09-11T13:09:35Z,bfd6f4f87fea9d866dvpve,battery_state,middle
2026-09-11T13:09:35Z,bfd6f4f87fea9d866dvpve,va_humidity,54
2026-09-11T13:09:35Z,bfd6f4f87fea9d866dvpve,va_temperature,23.3
2026-09-11T13:25:03Z,bf7e2a70935af7de78mjqt,va_temperature,23.5
2026-09-11T13:25:04Z,bf7e2a70935af7de78mjqt,battery_state,middle
2026-09-11T13:25:04Z,bf7e2a70935af7de78mjqt,va_humidity,50
2026-09-11T13:25:58Z,bf5741c97c96fa85b1d7do,battery_state,middle
2026-09-11T13:25:58Z,bf5741c97c96fa85b1d7do,va_humidity,55
2026-09-11T13:25:58Z,bf5741c97c96fa85b1d7do,va_temperature,22.9
2026-09-11T13:35:16Z,bf43cf664d6644420axva3,va_temperature,22.9
2026-09-11T13:35:17Z,bf43cf664d6644420axva3,battery_state,middle
2026-09-11T13:35:17Z,bf43cf664d6644420axva3,va_humidity,51
2026-09-11T14:00:00Z,zewnatrz,va_humidity,88
2026-09-11T14:00:00Z,zewnatrz,va_temperature,11.3
2026-09-11T14:09:17Z,bfd6f4f87fea9d866dvpve,battery_state,middle
2026-09-11T14:09:17Z,bfd6f4f87fea9d866dvpve,va_humidity,54
2026-09-11T14:09:17Z,bfd6f4f87fea9d866dvpve,va_temperature,23.3
2026-09-11T14:24:39Z,bf7e2a70935af7de78mjqt,battery_state,middle
2026-09-11T14:24:39Z,bf7e2a70935af7de78mjqt,va_humidity,50
2026-09-11T14:24:39Z,bf7e2a70935af7de78mjqt,va_temperature,23.5
2026-09-11T14:25:11Z,bf5741c97c96fa85b1d7do,battery_state,middle
2026-09-11T14:25:11Z,bf5741c97c96fa85b1d7do,va_humidity,55
2026-09-11T14:25:11Z,bf5741c97c96fa85b1d7do,va_temperature,22.9
2026-09-11T14:34:42Z,bf43cf664d6644420axva3,battery_state,middle
2026-09-11T14:34:42Z,bf43cf664d6644420axva3,va_humidity,52
2026-09-11T14:34:42Z,bf43cf664d6644420axva3,va_temperature,22.9
2026-09-11T15:00:00Z,zewnatrz,va_humidity,88
2026-09-11T15:00:00Z,zewnatrz,va_temperature,11.5
2026-09-11T15:08:59Z,bfd6f4f87fea9d866dvpve,battery_state,middle
2026-09-11T15:08:59Z,bfd6f4f87fea9d866dvpve,va_humidity,54
2026-09-11T15:08:59Z,bfd6f4f87fea9d866dvpve,va_temperature,23.2
2026-09-11T15:24:14Z,bf7e2a70935af7de78mjqt,battery_state,middle
2026-09-11T15:24:14Z,bf7e2a70935af7de78mjqt,va_humidity,50
2026-09-11T15:24:14Z,bf7e2a70935af7de78mjqt,va_temperature,23.4
2026-09-11T15:24:24Z,bf5741c97c96fa85b1d7do,battery_state,middle
2026-09-11T15:24:24Z,bf5741c97c96fa85b1d7do,va_humidity,55
2026-09-11T15:24:24Z,bf5741c97c96fa85b1d7do,va_temperature,22.7
2026-09-11T15:34:07Z,bf43cf664d6644420axva3,va_temperature,22.9
2026-09-11T15:34:08Z,bf43cf664d6644420axva3,battery_state,middle
2026-09-11T15:34:08Z,bf43cf664d6644420axva3,va_humidity,51
2026-09-11T16:00:00Z,zewnatrz,va_humidity,87
2026-09-11T16:00:00Z,zewnatrz,va_temperature,11.6
2026-09-11T16:08:40Z,bfd6f4f87fea9d866dvpve,battery_state,middle
2026-09-11T16:08:40Z,bfd6f4f87fea9d866dvpve,va_humidity,54
2026-09-11T16:08:40Z,bfd6f4f87fea9d866dvpve,va_temperature,23.2
2026-09-11T16:23:38Z,bf5741c97c96fa85b1d7do,battery_state,middle
2026-09-11T16:23:38Z,bf5741c97c96fa85b1d7do,va_humidity,55
2026-09-11T16:23:38Z,bf5741c97c96fa85b1d7do,va_temperature,22.7
2026-09-11T16:23:49Z,bf7e2a70935af7de78mjqt,battery_state,middle
2026-09-11T16:23:49Z,bf7e2a70935af7de78mjqt,va_humidity,50
2026-09-11T16:23:49Z,bf7e2a70935af7de78mjqt,va_temperature,23.4
2026-09-11T16:33:33Z,bf43cf664d6644420axva3,battery_state,middle
2026-09-11T16:33:33Z,bf43cf664d6644420axva3,va_humidity,51
2026-09-11T16:33:33Z,bf43cf664d6644420axva3,va_temperature,22.8
2026-09-11T17:00:00Z,zewnatrz,va_humidity,88
2026-09-11T17:00:00Z,zewnatrz,va_temperature,11.3
2026-09-11T17:08:21Z,bfd6f4f87fea9d866dvpve,va_humidity,54
2026-09-11T17:08:21Z,bfd6f4f87fea9d866dvpve,va_temperature,23.2
2026-09-11T17:08:22Z,bfd6f4f87fea9d866dvpve,battery_state,middle
2026-09-11T17:22:51Z,bf5741c97c96fa85b1d7do,va_humidity,55
2026-09-11T17:22:51Z,bf5741c97c96fa85b1d7do,va_temperature,22.6
2026-09-11T17:22:52Z,bf5741c97c96fa85b1d7do,battery_state,middle
2026-09-11T17:23:24Z,bf7e2a70935af7de78mjqt,battery_state,middle
2026-09-11T17:23:24Z,bf7e2a70935af7de78mjqt,va_humidity,50
2026-09-11T17:23:24Z,bf7e2a70935af7de78mjqt,va_temperature,23.3
2026-09-11T17:32:58Z,bf43cf664d6644420axva3,va_humidity,51
2026-09-11T17:32:58Z,bf43cf664d6644420axva3,va_temperature,22.8
2026-09-11T17:32:59Z,bf43cf664d6644420axva3,battery_state,middle
2026-09-11T18:00:00Z,zewnatrz,va_humidity,88
2026-09-11T18:00:00Z,zewnatrz,va_temperature,11.2
2026-09-11T18:08:02Z,bfd6f4f87fea9d866dvpve,battery_state,middle
2026-09-11T18:08:02Z,bfd6f4f87fea9d866dvpve,va_humidity,53
2026-09-11T18:08:02Z,bfd6f4f87fea9d866dvpve,va_temperature,23.1
2026-09-11T18:22:05Z,bf5741c97c96fa85b1d7do,battery_state,middle
2026-09-11T18:22:05Z,bf5741c97c96fa85b1d7do,va_humidity,55
2026-09-11T18:22:05Z,bf5741c97c96fa85b1d7do,va_temperature,22.5
2026-09-11T18:22:59Z,bf7e2a70935af7de78mjqt,va_humidity,50
2026-09-11T18:22:59Z,bf7e2a70935af7de78mjqt,va_temperature,23.3
2026-09-11T18:23:00Z,bf7e2a70935af7de78mjqt,battery_state,middle
2026-09-11T18:32:24Z,bf43cf664d6644420axva3,va_temperature,22.8
2026-09-11T18:32:25Z,bf43cf664d6644420axva3,battery_state,middle
2026-09-11T18:32:25Z,bf43cf664d6644420axva3,va_humidity,51
2026-09-11T19:00:00Z,zewnatrz,va_humidity,90
2026-09-11T19:00:00Z,zewnatrz,va_temperature,11.2
2026-09-11T19:07:43Z,bfd6f4f87fea9d866dvpve,battery_state,middle
2026-09-11T19:07:43Z,bfd6f4f87fea9d866dvpve,va_humidity,53
2026-09-11T19:07:43Z,bfd6f4f87fea9d866dvpve,va_temperature,23.1
2026-09-11T19:21:18Z,bf5741c97c96fa85b1d7do,va_temperature,22.5
2026-09-11T19:21:19Z,bf5741c97c96fa85b1d7do,battery_state,middle
2026-09-11T19:21:19Z,bf5741c97c96fa85b1d7do,va_humidity,55
2026-09-11T19:22:35Z,bf7e2a70935af7de78mjqt,battery_state,middle
2026-09-11T19:22:35Z,bf7e2a70935af7de78mjqt,va_humidity,50
2026-09-11T19:22:35Z,bf7e2a70935af7de78mjqt,va_temperature,23.2
2026-09-11T19:31:50Z,bf43cf664d6644420axva3,va_humidity,51
2026-09-11T19:31:50Z,bf43cf664d6644420axva3,va_temperature,22.7
2026-09-11T19:31:51Z,bf43cf664d6644420axva3,battery_state,middle
2026-09-11T20:00:00Z,zewnatrz,va_humidity,88
2026-09-11T20:00:00Z,zewnatrz,va_temperature,11.3
2026-09-11T20:07:24Z,bfd6f4f87fea9d866dvpve,va_temperature,23.1
2026-09-11T20:07:25Z,bfd6f4f87fea9d866dvpve,battery_state,middle
2026-09-11T20:07:25Z,bfd6f4f87fea9d866dvpve,va_humidity,53
2026-09-11T20:20:32Z,bf5741c97c96fa85b1d7do,battery_state,middle
2026-09-11T20:20:32Z,bf5741c97c96fa85b1d7do,va_humidity,55
2026-09-11T20:20:32Z,bf5741c97c96fa85b1d7do,va_temperature,22.5
2026-09-11T20:22:10Z,bf7e2a70935af7de78mjqt,battery_state,middle
2026-09-11T20:22:10Z,bf7e2a70935af7de78mjqt,va_humidity,50
2026-09-11T20:22:10Z,bf7e2a70935af7de78mjqt,va_temperature,23.2
2026-09-11T20:31:16Z,bf43cf664d6644420axva3,va_temperature,22.7
2026-09-11T20:31:17Z,bf43cf664d6644420axva3,battery_state,middle
2026-09-11T20:31:17Z,bf43cf664d6644420axva3,va_humidity,51
2026-09-11T21:00:00Z,zewnatrz,va_humidity,90
2026-09-11T21:00:00Z,zewnatrz,va_temperature,11.1
2026-09-11T21:07:06Z,bfd6f4f87fea9d866dvpve,va_humidity,54
2026-09-11T21:07:06Z,bfd6f4f87fea9d866dvpve,va_temperature,23
2026-09-11T21:07:07Z,bfd6f4f87fea9d866dvpve,battery_state,middle
2026-09-11T21:19:45Z,bf5741c97c96fa85b1d7do,va_temperature,22.4
2026-09-11T21:19:46Z,bf5741c97c96fa85b1d7do,battery_state,middle
2026-09-11T21:19:46Z,bf5741c97c96fa85b1d7do,va_humidity,55
2026-09-11T21:21:45Z,bf7e2a70935af7de78mjqt,battery_state,middle
2026-09-11T21:21:45Z,bf7e2a70935af7de78mjqt,va_humidity,50
2026-09-11T21:21:45Z,bf7e2a70935af7de78mjqt,va_temperature,23.1
2026-09-11T21:30:42Z,bf43cf664d6644420axva3,va_temperature,22.6
2026-09-11T21:30:43Z,bf43cf664d6644420axva3,battery_state,middle
2026-09-11T21:30:43Z,bf43cf664d6644420axva3,va_humidity,52
2026-09-11T22:00:00Z,zewnatrz,va_humidity,90
2026-09-11T22:00:00Z,zewnatrz,va_temperature,11.1
2026-09-11T22:06:48Z,bfd6f4f87fea9d866dvpve,battery_state,middle
2026-09-11T22:06:48Z,bfd6f4f87fea9d866dvpve,va_humidity,54
2026-09-11T22:06:48Z,bfd6f4f87fea9d866dvpve,va_temperature,23
2026-09-11T22:18:59Z,bf5741c97c96fa85b1d7do,battery_state,middle
2026-09-11T22:18:59Z,bf5741c97c96fa85b1d7do,va_humidity,55
2026-09-11T22:18:59Z,bf5741c97c96fa85b1d7do,va_temperature,22.4
2026-09-11T22:21:21Z,bf7e2a70935af7de78mjqt,battery_state,middle
2026-09-11T22:21:21Z,bf7e2a70935af7de78mjqt,va_humidity,50
2026-09-11T22:21:21Z,bf7e2a70935af7de78mjqt,va_temperature,23.1
2026-09-11T22:30:08Z,bf43cf664d6644420axva3,va_humidity,52
2026-09-11T22:30:08Z,bf43cf664d6644420axva3,va_temperature,22.6
2026-09-11T22:30:09Z,bf43cf664d6644420axva3,battery_state,middle
2026-09-11T23:00:00Z,zewnatrz,va_humidity,91
2026-09-11T23:00:00Z,zewnatrz,va_temperature,11.1
2026-09-11T23:06:30Z,bfd6f4f87fea9d866dvpve,battery_state,middle
2026-09-11T23:06:30Z,bfd6f4f87fea9d866dvpve,va_humidity,54
2026-09-11T23:06:30Z,bfd6f4f87fea9d866dvpve,va_temperature,23
2026-09-11T23:18:13Z,bf5741c97c96fa85b1d7do,va_temperature,22.3
2026-09-11T23:18:14Z,bf5741c97c96fa85b1d7do,battery_state,middle
2026-09-11T23:18:14Z,bf5741c97c96fa85b1d7do,va_humidity,55
2026-09-11T23:20:57Z,bf7e2a70935af7de78mjqt,battery_state,middle
2026-09-11T23:20:57Z,bf7e2a70935af7de78mjqt,va_humidity,50
2026-09-11T23:20:57Z,bf7e2a70935af7de78mjqt,va_temperature,23
2026-09-11T23:29:35Z,bf43cf664d6644420axva3,battery_state,middle
2026-09-11T23:29:35Z,bf43cf664d6644420axva3,va_humidity,52
2026-09-11T23:29:35Z,bf43cf664d6644420axva3,va_temperature,22.6
2026-09-12T00:00:00Z,zewnatrz,va_humidity,90
2026-09-12T00:00:00Z,zewnatrz,va_temperature,11.1
2026-09-12T00:06:11Z,bfd6f4f87fea9d866dvpve,battery_state,middle
2026-09-12T00:06:11Z,bfd6f4f87fea9d866dvpve,va_humidity,53
2026-09-12T00:06:11Z,bfd6f4f87fea9d866dvpve,va_temperature,22.9
2026-09-12T00:17:27Z,bf5741c97c96fa85b1d7do,battery_state,middle
2026-09-12T00:17:27Z,bf5741c97c96fa85b1d7do,va_humidity,55
2026-09-12T00:17:27Z,bf5741c97c96fa85b1d7do,va_temperature,22.3
2026-09-12T00:20:32Z,bf7e2a70935af7de78mjqt,va_temperature,23
2026-09-12T00:20:33Z,bf7e2a70935af7de78mjqt,battery_state,middle
2026-09-12T00:20:33Z,bf7e2a70935af7de78mjqt,va_humidity,50
2026-09-12T00:29:01Z,bf43cf664d6644420axva3,battery_state,middle
2026-09-12T00:29:01Z,bf43cf664d6644420axva3,va_humidity,52
2026-09-12T00:29:01Z,bf43cf664d6644420axva3,va_temperature,22.6
2026-09-12T01:00:00Z,zewnatrz,va_humidity,92
2026-09-12T01:00:00Z,zewnatrz,va_temperature,10.7
2026-09-12T01:05:52Z,bfd6f4f87fea9d866dvpve,battery_state,middle
2026-09-12T01:05:52Z,bfd6f4f87fea9d866dvpve,va_humidity,54
2026-09-12T01:05:52Z,bfd6f4f87fea9d866dvpve,va_temperature,22.9
2026-09-12T01:16:40Z,bf5741c97c96fa85b1d7do,va_temperature,22.3
2026-09-12T01:16:41Z,bf5741c97c96fa85b1d7do,battery_state,middle
2026-09-12T01:16:41Z,bf5741c97c96fa85b1d7do,va_humidity,55
2026-09-12T01:20:08Z,bf7e2a70935af7de78mjqt,battery_state,middle
2026-09-12T01:20:08Z,bf7e2a70935af7de78mjqt,va_humidity,50
2026-09-12T01:20:08Z,bf7e2a70935af7de78mjqt,va_temperature,22.9
2026-09-12T01:28:27Z,bf43cf664d6644420axva3,battery_state,middle
2026-09-12T01:28:27Z,bf43cf664d6644420axva3,va_humidity,52
2026-09-12T01:28:27Z,bf43cf664d6644420axva3,va_temperature,22.5
2026-09-12T02:00:00Z,zewnatrz,va_humidity,91
2026-09-12T02:00:00Z,zewnatrz,va_temperature,10.9
2026-09-12T02:05:34Z,bfd6f4f87fea9d866dvpve,battery_state,middle
2026-09-12T02:05:34Z,bfd6f4f87fea9d866dvpve,va_humidity,54
2026-09-12T02:05:34Z,bfd6f4f87fea9d866dvpve,va_temperature,22.9
2026-09-12T02:15:55Z,bf5741c97c96fa85b1d7do,battery_state,middle
2026-09-12T02:15:55Z,bf5741c97c96fa85b1d7do,va_humidity,55
2026-09-12T02:15:55Z,bf5741c97c96fa85b1d7do,va_temperature,22.2
2026-09-12T02:19:44Z,bf7e2a70935af7de78mjqt,battery_state,middle
2026-09-12T02:19:44Z,bf7e2a70935af7de78mjqt,va_humidity,50
2026-09-12T02:19:44Z,bf7e2a70935af7de78mjqt,va_temperature,22.9
2026-09-12T02:27:53Z,bf43cf664d6644420axva3,va_humidity,52
2026-09-12T02:27:53Z,bf43cf664d6644420axva3,va_temperature,22.5
2026-09-12T02:27:54Z,bf43cf664d6644420axva3,battery_state,middle
2026-09-12T03:00:00Z,zewnatrz,va_humidity,91
2026-09-12T03:00:00Z,zewnatrz,va_temperature,10.8
2026-09-12T03:05:14Z,bfd6f4f87fea9d866dvpve,va_temperature,22.9
2026-09-12T03:05:15Z,bfd6f4f87fea9d866dvpve,battery_state,middle
2026-09-12T03:05:15Z,bfd6f4f87fea9d866dvpve,va_humidity,54
2026-09-12T03:15:08Z,bf5741c97c96fa85b1d7do,battery_state,middle
2026-09-12T03:15:08Z,bf5741c97c96fa85b1d7do,va_humidity,55
2026-09-12T03:15:08Z,bf5741c97c96fa85b1d7do,va_temperature,22.2
2026-09-12T03:19:20Z,bf7e2a70935af7de78mjqt,battery_state,middle
2026-09-12T03:19:20Z,bf7e2a70935af7de78mjqt,va_humidity,50
2026-09-12T03:19:20Z,bf7e2a70935af7de78mjqt,va_temperature,22.9
2026-09-12T03:27:19Z,bf43cf664d6644420axva3,battery_state,middle
2026-09-12T03:27:19Z,bf43cf664d6644420axva3,va_humidity,52
2026-09-12T03:27:19Z,bf43cf664d6644420axva3,va_temperature,22.5
2026-09-12T04:00:00Z,zewnatrz,va_humidity,90
2026-09-12T04:00:00Z,zewnatrz,va_temperature,10.8
2026-09-12T04:04:55Z,bfd6f4f87fea9d866dvpve,battery_state,middle
2026-09-12T04:04:55Z,bfd6f4f87fea9d866dvpve,va_humidity,54
2026-09-12T04:04:55Z,bfd6f4f87fea9d866dvpve,va_temperature,22.8
2026-09-12T04:14:22Z,bf5741c97c96fa85b1d7do,battery_state,middle
2026-09-12T04:14:22Z,bf5741c97c96fa85b1d7do,va_humidity,55
2026-09-12T04:14:22Z,bf5741c97c96fa85b1d7do,va_temperature,22.2
2026-09-12T04:18:55Z,bf7e2a70935af7de78mjqt,battery_state,middle
2026-09-12T04:18:55Z,bf7e2a70935af7de78mjqt,va_humidity,50
2026-09-12T04:18:55Z,bf7e2a70935af7de78mjqt,va_temperature,22.9
2026-09-12T04:26:45Z,bf43cf664d6644420axva3,battery_state,middle
2026-09-12T04:26:45Z,bf43cf664d6644420axva3,va_humidity,52
2026-09-12T04:26:45Z,bf43cf664d6644420axva3,va_temperature,22.4
2026-09-12T05:00:00Z,zewnatrz,va_humidity,86
2026-09-12T05:00:00Z,zewnatrz,va_temperature,11.3
2026-09-12T05:04:36Z,bfd6f4f87fea9d866dvpve,va_humidity,54
2026-09-12T05:04:36Z,bfd6f4f87fea9d866dvpve,va_temperature,22.8
2026-09-12T05:04:37Z,bfd6f4f87fea9d866dvpve,battery_state,middle
2026-09-12T05:13:35Z,bf5741c97c96fa85b1d7do,battery_state,middle
2026-09-12T05:13:35Z,bf5741c97c96fa85b1d7do,va_humidity,55
2026-09-12T05:13:35Z,bf5741c97c96fa85b1d7do,va_temperature,22.1
2026-09-12T05:18:30Z,bf7e2a70935af7de78mjqt,va_humidity,50
2026-09-12T05:18:30Z,bf7e2a70935af7de78mjqt,va_temperature,22.8
2026-09-12T05:18:31Z,bf7e2a70935af7de78mjqt,battery_state,middle
2026-09-12T05:26:11Z,bf43cf664d6644420axva3,battery_state,middle
2026-09-12T05:26:11Z,bf43cf664d6644420axva3,va_humidity,52
2026-09-12T05:26:11Z,bf43cf664d6644420axva3,va_temperature,22.4
2026-09-12T06:00:00Z,zewnatrz,va_humidity,85
2026-09-12T06:00:00Z,zewnatrz,va_temperature,11.7
2026-09-12T06:04:18Z,bfd6f4f87fea9d866dvpve,battery_state,middle
2026-09-12T06:04:18Z,bfd6f4f87fea9d866dvpve,va_humidity,54
2026-09-12T06:04:18Z,bfd6f4f87fea9d866dvpve,va_temperature,22.8
2026-09-12T06:12:48Z,bf5741c97c96fa85b1d7do,va_humidity,55
2026-09-12T06:12:48Z,bf5741c97c96fa85b1d7do,va_temperature,22.2
2026-09-12T06:12:49Z,bf5741c97c96fa85b1d7do,battery_state,middle
2026-09-12T06:18:05Z,bf7e2a70935af7de78mjqt,va_humidity,50
2026-09-12T06:18:05Z,bf7e2a70935af7de78mjqt,va_temperature,22.8
2026-09-12T06:18:06Z,bf7e2a70935af7de78mjqt,battery_state,middle
2026-09-12T06:25:37Z,bf43cf664d6644420axva3,battery_state,middle
2026-09-12T06:25:37Z,bf43cf664d6644420axva3,va_humidity,52
2026-09-12T06:25:37Z,bf43cf664d6644420axva3,va_temperature,22.4
2026-09-12T07:00:00Z,zewnatrz,va_humidity,80
2026-09-12T07:00:00Z,zewnatrz,va_temperature,12.8
2026-09-12T07:04:00Z,bfd6f4f87fea9d866dvpve,battery_state,middle
2026-09-12T07:04:00Z,bfd6f4f87fea9d866dvpve,va_humidity,54
2026-09-12T07:04:00Z,bfd6f4f87fea9d866dvpve,va_temperature,22.8
2026-09-12T07:12:02Z,bf5741c97c96fa85b1d7do,battery_state,middle
2026-09-12T07:12:02Z,bf5741c97c96fa85b1d7do,va_humidity,55
2026-09-12T07:12:02Z,bf5741c97c96fa85b1d7do,va_temperature,22.2
2026-09-12T07:17:40Z,bf7e2a70935af7de78mjqt,va_humidity,50
2026-09-12T07:17:40Z,bf7e2a70935af7de78mjqt,va_temperature,22.8
2026-09-12T07:17:41Z,bf7e2a70935af7de78mjqt,battery_state,middle
2026-09-12T07:25:03Z,bf43cf664d6644420axva3,battery_state,middle
2026-09-12T07:25:03Z,bf43cf664d6644420axva3,va_humidity,52
2026-09-12T07:25:03Z,bf43cf664d6644420axva3,va_temperature,22.4
2026-09-12T08:00:00Z,zewnatrz,va_humidity,75
2026-09-12T08:00:00Z,zewnatrz,va_temperature,13.8
2026-09-12T08:03:41Z,bfd6f4f87fea9d866dvpve,va_humidity,54
2026-09-12T08:03:41Z,bfd6f4f87fea9d866dvpve,va_temperature,22.8
2026-09-12T08:03:42Z,bfd6f4f87fea9d866dvpve,battery_state,middle
2026-09-12T08:11:15Z,bf5741c97c96fa85b1d7do,battery_state,middle
2026-09-12T08:11:15Z,bf5741c97c96fa85b1d7do,va_humidity,55
2026-09-12T08:11:15Z,bf5741c97c96fa85b1d7do,va_temperature,22.3
2026-09-12T08:17:15Z,bf7e2a70935af7de78mjqt,va_humidity,50
2026-09-12T08:17:15Z,bf7e2a70935af7de78mjqt,va_temperature,22.9
2026-09-12T08:17:16Z,bf7e2a70935af7de78mjqt,battery_state,middle
2026-09-12T08:24:29Z,bf43cf664d6644420axva3,battery_state,middle
2026-09-12T08:24:29Z,bf43cf664d6644420axva3,va_humidity,52
2026-09-12T08:24:29Z,bf43cf664d6644420axva3,va_temperature,22.4
2026-09-12T09:00:00Z,zewnatrz,va_humidity,69
2026-09-12T09:00:00Z,zewnatrz,va_temperature,14.8
2026-09-12T09:03:22Z,bfd6f4f87fea9d866dvpve,va_temperature,22.8
2026-09-12T09:03:23Z,bfd6f4f87fea9d866dvpve,battery_state,middle
2026-09-12T09:03:23Z,bfd6f4f87fea9d866dvpve,va_humidity,54
2026-09-12T09:10:29Z,bf5741c97c96fa85b1d7do,battery_state,middle
2026-09-12T09:10:29Z,bf5741c97c96fa85b1d7do,va_humidity,55
2026-09-12T09:10:29Z,bf5741c97c96fa85b1d7do,va_temperature,22.5
2026-09-12T09:16:50Z,bf7e2a70935af7de78mjqt,va_temperature,23
2026-09-12T09:16:51Z,bf7e2a70935af7de78mjqt,battery_state,middle
2026-09-12T09:16:51Z,bf7e2a70935af7de78mjqt,va_humidity,50
2026-09-12T09:23:55Z,bf43cf664d6644420axva3,battery_state,middle
2026-09-12T09:23:55Z,bf43cf664d6644420axva3,va_humidity,52
2026-09-12T09:23:55Z,bf43cf664d6644420axva3,va_temperature,22.4
2026-09-12T10:00:00Z,zewnatrz,va_humidity,62
2026-09-12T10:00:00Z,zewnatrz,va_temperature,15.8
2026-09-12T10:03:04Z,bfd6f4f87fea9d866dvpve,battery_state,middle
2026-09-12T10:03:04Z,bfd6f4f87fea9d866dvpve,va_humidity,53
2026-09-12T10:03:04Z,bfd6f4f87fea9d866dvpve,va_temperature,22.8
2026-09-12T10:09:42Z,bf5741c97c96fa85b1d7do,battery_state,middle
2026-09-12T10:09:42Z,bf5741c97c96fa85b1d7do,va_humidity,54
2026-09-12T10:09:42Z,bf5741c97c96fa85b1d7do,va_temperature,22.5
2026-09-12T10:16:26Z,bf7e2a70935af7de78mjqt,battery_state,middle
2026-09-12T10:16:26Z,bf7e2a70935af7de78mjqt,va_humidity,50
2026-09-12T10:16:26Z,bf7e2a70935af7de78mjqt,va_temperature,23
2026-09-12T10:23:21Z,bf43cf664d6644420axva3,battery_state,middle
2026-09-12T10:23:21Z,bf43cf664d6644420axva3,va_humidity,52
2026-09-12T10:23:21Z,bf43cf664d6644420axva3,va_temperature,22.4
2026-09-12T11:00:00Z,zewnatrz,va_humidity,56
2026-09-12T11:00:00Z,zewnatrz,va_temperature,17.1
2026-09-12T11:02:44Z,bfd6f4f87fea9d866dvpve,va_humidity,53
2026-09-12T11:02:44Z,bfd6f4f87fea9d866dvpve,va_temperature,22.9
2026-09-12T11:02:45Z,bfd6f4f87fea9d866dvpve,battery_state,middle
2026-09-12T11:08:55Z,bf5741c97c96fa85b1d7do,va_humidity,54
2026-09-12T11:08:55Z,bf5741c97c96fa85b1d7do,va_temperature,22.5
2026-09-12T11:08:56Z,bf5741c97c96fa85b1d7do,battery_state,middle
2026-09-12T11:16:01Z,bf7e2a70935af7de78mjqt,battery_state,middle
2026-09-12T11:16:01Z,bf7e2a70935af7de78mjqt,va_humidity,50
2026-09-12T11:16:01Z,bf7e2a70935af7de78mjqt,va_temperature,23.1
2026-09-12T11:22:47Z,bf43cf664d6644420axva3,battery_state,middle
2026-09-12T11:22:47Z,bf43cf664d6644420axva3,va_humidity,52
2026-09-12T11:22:47Z,bf43cf664d6644420axva3,va_temperature,22.4
2026-09-12T12:00:00Z,zewnatrz,va_humidity,52
2026-09-12T12:00:00Z,zewnatrz,va_temperature,17.8
2026-09-12T12:02:25Z,bfd6f4f87fea9d866dvpve,battery_state,middle
2026-09-12T12:02:25Z,bfd6f4f87fea9d866dvpve,va_humidity,53
2026-09-12T12:02:25Z,bfd6f4f87fea9d866dvpve,va_temperature,22.9
2026-09-12T12:08:08Z,bf5741c97c96fa85b1d7do,battery_state,middle
2026-09-12T12:08:08Z,bf5741c97c96fa85b1d7do,va_humidity,53
2026-09-12T12:08:08Z,bf5741c97c96fa85b1d7do,va_temperature,22.7
2026-09-12T12:15:36Z,bf7e2a70935af7de78mjqt,battery_state,middle
2026-09-12T12:15:36Z,bf7e2a70935af7de78mjqt,va_humidity,50
2026-09-12T12:15:36Z,bf7e2a70935af7de78mjqt,va_temperature,23.1
2026-09-12T12:22:13Z,bf43cf664d6644420axva3,battery_state,middle
2026-09-12T12:22:13Z,bf43cf664d6644420axva3,va_humidity,51
2026-09-12T12:22:13Z,bf43cf664d6644420axva3,va_temperature,22.4
2026-09-12T13:00:00Z,zewnatrz,va_humidity,49
2026-09-12T13:00:00Z,zewnatrz,va_temperature,18.3
2026-09-12T13:02:05Z,bfd6f4f87fea9d866dvpve,battery_state,middle
2026-09-12T13:02:05Z,bfd6f4f87fea9d866dvpve,va_humidity,53
2026-09-12T13:02:05Z,bfd6f4f87fea9d866dvpve,va_temperature,22.9
2026-09-12T13:07:21Z,bf5741c97c96fa85b1d7do,battery_state,middle
2026-09-12T13:07:21Z,bf5741c97c96fa85b1d7do,va_humidity,53
2026-09-12T13:07:21Z,bf5741c97c96fa85b1d7do,va_temperature,22.7
2026-09-12T13:15:11Z,bf7e2a70935af7de78mjqt,battery_state,middle
2026-09-12T13:15:11Z,bf7e2a70935af7de78mjqt,va_humidity,50
2026-09-12T13:15:11Z,bf7e2a70935af7de78mjqt,va_temperature,23.1
2026-09-12T13:21:39Z,bf43cf664d6644420axva3,battery_state,middle
2026-09-12T13:21:39Z,bf43cf664d6644420axva3,va_humidity,51
2026-09-12T13:21:39Z,bf43cf664d6644420axva3,va_temperature,22.5
2026-09-12T14:00:00Z,zewnatrz,va_humidity,47
2026-09-12T14:00:00Z,zewnatrz,va_temperature,18.5
2026-09-12T14:01:45Z,bfd6f4f87fea9d866dvpve,battery_state,middle
2026-09-12T14:01:45Z,bfd6f4f87fea9d866dvpve,va_humidity,53
2026-09-12T14:01:45Z,bfd6f4f87fea9d866dvpve,va_temperature,22.9
2026-09-12T14:06:34Z,bf5741c97c96fa85b1d7do,battery_state,middle
2026-09-12T14:06:34Z,bf5741c97c96fa85b1d7do,va_humidity,53
2026-09-12T14:06:34Z,bf5741c97c96fa85b1d7do,va_temperature,22.7
2026-09-12T14:14:46Z,bf7e2a70935af7de78mjqt,battery_state,middle
2026-09-12T14:14:46Z,bf7e2a70935af7de78mjqt,va_humidity,50
2026-09-12T14:14:46Z,bf7e2a70935af7de78mjqt,va_temperature,23.1
2026-09-12T14:21:05Z,bf43cf664d6644420axva3,battery_state,middle
2026-09-12T14:21:05Z,bf43cf664d6644420axva3,va_humidity,51
2026-09-12T14:21:05Z,bf43cf664d6644420axva3,va_temperature,22.5
2026-09-12T15:00:00Z,zewnatrz,va_humidity,47
2026-09-12T15:00:00Z,zewnatrz,va_temperature,18
2026-09-12T15:01:25Z,bfd6f4f87fea9d866dvpve,battery_state,middle
2026-09-12T15:01:25Z,bfd6f4f87fea9d866dvpve,va_humidity,53
2026-09-12T15:01:25Z,bfd6f4f87fea9d866dvpve,va_temperature,22.9
2026-09-12T15:05:47Z,bf5741c97c96fa85b1d7do,battery_state,middle
2026-09-12T15:05:47Z,bf5741c97c96fa85b1d7do,va_humidity,53
2026-09-12T15:05:47Z,bf5741c97c96fa85b1d7do,va_temperature,22.6
2026-09-12T15:14:22Z,bf7e2a70935af7de78mjqt,battery_state,middle
2026-09-12T15:14:22Z,bf7e2a70935af7de78mjqt,va_humidity,50
2026-09-12T15:14:22Z,bf7e2a70935af7de78mjqt,va_temperature,23
2026-09-12T15:20:30Z,bf43cf664d6644420axva3,battery_state,middle
2026-09-12T15:20:30Z,bf43cf664d6644420axva3,va_humidity,51
2026-09-12T15:20:30Z,bf43cf664d6644420axva3,va_temperature,22.5
2026-09-12T16:00:00Z,zewnatrz,va_humidity,50
2026-09-12T16:00:00Z,zewnatrz,va_temperature,17.5
2026-09-12T16:01:05Z,bfd6f4f87fea9d866dvpve,battery_state,middle
2026-09-12T16:01:05Z,bfd6f4f87fea9d866dvpve,va_humidity,53
2026-09-12T16:01:05Z,bfd6f4f87fea9d866dvpve,va_temperature,22.9
2026-09-12T16:05:00Z,bf5741c97c96fa85b1d7do,battery_state,middle
2026-09-12T16:05:00Z,bf5741c97c96fa85b1d7do,va_humidity,53
2026-09-12T16:05:00Z,bf5741c97c96fa85b1d7do,va_temperature,22.5
2026-09-12T16:13:58Z,bf7e2a70935af7de78mjqt,battery_state,middle
2026-09-12T16:13:58Z,bf7e2a70935af7de78mjqt,va_humidity,50
2026-09-12T16:13:58Z,bf7e2a70935af7de78mjqt,va_temperature,22.9
2026-09-12T16:19:56Z,bf43cf664d6644420axva3,battery_state,middle
2026-09-12T16:19:56Z,bf43cf664d6644420axva3,va_humidity,51
2026-09-12T16:19:56Z,bf43cf664d6644420axva3,va_temperature,22.4
2026-09-12T17:00:00Z,zewnatrz,va_humidity,54
2026-09-12T17:00:00Z,zewnatrz,va_temperature,16.5
2026-09-12T17:00:46Z,bfd6f4f87fea9d866dvpve,va_humidity,53
2026-09-12T17:00:46Z,bfd6f4f87fea9d866dvpve,va_temperature,22.8
2026-09-12T17:00:47Z,bfd6f4f87fea9d866dvpve,battery_state,middle
2026-09-12T17:04:13Z,bf5741c97c96fa85b1d7do,battery_state,middle
2026-09-12T17:04:13Z,bf5741c97c96fa85b1d7do,va_humidity,53
2026-09-12T17:04:13Z,bf5741c97c96fa85b1d7do,va_temperature,22.4
2026-09-12T17:13:33Z,bf7e2a70935af7de78mjqt,va_temperature,22.9
2026-09-12T17:13:34Z,bf7e2a70935af7de78mjqt,battery_state,middle
2026-09-12T17:13:34Z,bf7e2a70935af7de78mjqt,va_humidity,50
2026-09-12T17:19:21Z,bf43cf664d6644420axva3,va_temperature,22.4
2026-09-12T17:19:22Z,bf43cf664d6644420axva3,battery_state,middle
2026-09-12T17:19:22Z,bf43cf664d6644420axva3,va_humidity,51
2026-09-12T18:00:00Z,zewnatrz,va_humidity,56
2026-09-12T18:00:00Z,zewnatrz,va_temperature,15.5
2026-09-12T18:00:27Z,bfd6f4f87fea9d866dvpve,va_humidity,52
2026-09-12T18:00:27Z,bfd6f4f87fea9d866dvpve,va_temperature,22.8
2026-09-12T18:00:28Z,bfd6f4f87fea9d866dvpve,battery_state,middle
2026-09-12T18:03:26Z,bf5741c97c96fa85b1d7do,battery_state,middle
2026-09-12T18:03:26Z,bf5741c97c96fa85b1d7do,va_humidity,53
2026-09-12T18:03:26Z,bf5741c97c96fa85b1d7do,va_temperature,22.3
2026-09-12T18:13:09Z,bf7e2a70935af7de78mjqt,va_humidity,50
2026-09-12T18:13:09Z,bf7e2a70935af7de78mjqt,va_temperature,22.8
2026-09-12T18:13:10Z,bf7e2a70935af7de78mjqt,battery_state,middle
2026-09-12T18:18:47Z,bf43cf664d6644420axva3,battery_state,middle
2026-09-12T18:18:47Z,bf43cf664d6644420axva3,va_humidity,51
2026-09-12T18:18:47Z,bf43cf664d6644420axva3,va_temperature,22.4
2026-09-12T19:00:00Z,zewnatrz,va_humidity,59
2026-09-12T19:00:00Z,zewnatrz,va_temperature,14.9
2026-09-12T19:00:08Z,bfd6f4f87fea9d866dvpve,va_humidity,53
2026-09-12T19:00:08Z,bfd6f4f87fea9d866dvpve,va_temperature,22.7
2026-09-12T19:00:09Z,bfd6f4f87fea9d866dvpve,battery_state,middle
2026-09-12T19:02:39Z,bf5741c97c96fa85b1d7do,battery_state,middle
2026-09-12T19:02:39Z,bf5741c97c96fa85b1d7do,va_humidity,54
2026-09-12T19:02:39Z,bf5741c97c96fa85b1d7do,va_temperature,22.2
2026-09-12T19:12:44Z,bf7e2a70935af7de78mjqt,va_humidity,50
2026-09-12T19:12:44Z,bf7e2a70935af7de78mjqt,va_temperature,22.7
2026-09-12T19:12:45Z,bf7e2a70935af7de78mjqt,battery_state,middle
2026-09-12T19:18:13Z,bf43cf664d6644420axva3,va_humidity,51
2026-09-12T19:18:13Z,bf43cf664d6644420axva3,va_temperature,22.3
2026-09-12T19:18:14Z,bf43cf664d6644420axva3,battery_state,middle
2026-09-12T19:59:49Z,bfd6f4f87fea9d866dvpve,va_temperature,22.7
2026-09-12T19:59:50Z,bfd6f4f87fea9d866dvpve,battery_state,middle
2026-09-12T19:59:50Z,bfd6f4f87fea9d866dvpve,va_humidity,53
2026-09-12T20:00:00Z,zewnatrz,va_humidity,64
2026-09-12T20:00:00Z,zewnatrz,va_temperature,14.5
2026-09-12T20:01:52Z,bf5741c97c96fa85b1d7do,va_humidity,53
2026-09-12T20:01:52Z,bf5741c97c96fa85b1d7do,va_temperature,22.2
2026-09-12T20:01:53Z,bf5741c97c96fa85b1d7do,battery_state,middle
2026-09-12T20:12:20Z,bf7e2a70935af7de78mjqt,battery_state,middle
2026-09-12T20:12:20Z,bf7e2a70935af7de78mjqt,va_humidity,50
2026-09-12T20:12:20Z,bf7e2a70935af7de78mjqt,va_temperature,22.7
2026-09-12T20:17:39Z,bf43cf664d6644420axva3,va_temperature,22.2
2026-09-12T20:17:40Z,bf43cf664d6644420axva3,battery_state,middle
2026-09-12T20:17:40Z,bf43cf664d6644420axva3,va_humidity,51
2026-09-12T20:59:31Z,bfd6f4f87fea9d866dvpve,battery_state,middle
2026-09-12T20:59:31Z,bfd6f4f87fea9d866dvpve,va_humidity,53
2026-09-12T20:59:31Z,bfd6f4f87fea9d866dvpve,va_temperature,22.7
2026-09-12T21:00:00Z,zewnatrz,va_humidity,68
2026-09-12T21:00:00Z,zewnatrz,va_temperature,14.5
2026-09-12T21:01:06Z,bf5741c97c96fa85b1d7do,battery_state,middle
2026-09-12T21:01:06Z,bf5741c97c96fa85b1d7do,va_humidity,54
2026-09-12T21:01:06Z,bf5741c97c96fa85b1d7do,va_temperature,22.1
2026-09-12T21:11:55Z,bf7e2a70935af7de78mjqt,va_temperature,22.6
2026-09-12T21:11:56Z,bf7e2a70935af7de78mjqt,battery_state,middle
2026-09-12T21:11:56Z,bf7e2a70935af7de78mjqt,va_humidity,50
2026-09-12T21:17:05Z,bf43cf664d6644420axva3,battery_state,middle
2026-09-12T21:17:05Z,bf43cf664d6644420axva3,va_humidity,51
2026-09-12T21:17:05Z,bf43cf664d6644420axva3,va_temperature,22.2
2026-09-12T21:59:12Z,bfd6f4f87fea9d866dvpve,va_humidity,53
2026-09-12T21:59:12Z,bfd6f4f87fea9d866dvpve,va_temperature,22.6
2026-09-12T21:59:13Z,bfd6f4f87fea9d866dvpve,battery_state,middle
2026-09-12T22:00:00Z,zewnatrz,va_humidity,69
2026-09-12T22:00:00Z,zewnatrz,va_temperature,14.1
2026-09-12T22:00:19Z,bf5741c97c96fa85b1d7do,battery_state,middle
2026-09-12T22:00:19Z,bf5741c97c96fa85b1d7do,va_humidity,54
2026-09-12T22:00:19Z,bf5741c97c96fa85b1d7do,va_temperature,22
2026-09-12T22:11:31Z,bf7e2a70935af7de78mjqt,va_humidity,50
2026-09-12T22:11:31Z,bf7e2a70935af7de78mjqt,va_temperature,22.5
2026-09-12T22:11:32Z,bf7e2a70935af7de78mjqt,battery_state,middle
2026-09-12T22:16:30Z,bf43cf664d6644420axva3,va_humidity,51
2026-09-12T22:16:30Z,bf43cf664d6644420axva3,va_temperature,22.2
2026-09-12T22:16:31Z,bf43cf664d6644420axva3,battery_state,middle
2026-09-12T22:58:53Z,bfd6f4f87fea9d866dvpve,va_temperature,22.6
2026-09-12T22:58:54Z,bfd6f4f87fea9d866dvpve,battery_state,middle
2026-09-12T22:58:54Z,bfd6f4f87fea9d866dvpve,va_humidity,53
2026-09-12T22:59:32Z,bf5741c97c96fa85b1d7do,va_temperature,22
2026-09-12T22:59:33Z,bf5741c97c96fa85b1d7do,battery_state,middle
2026-09-12T22:59:33Z,bf5741c97c96fa85b1d7do,va_humidity,54
2026-09-12T23:00:00Z,zewnatrz,va_humidity,69
2026-09-12T23:00:00Z,zewnatrz,va_temperature,14.3
2026-09-12T23:11:07Z,bf7e2a70935af7de78mjqt,battery_state,middle
2026-09-12T23:11:07Z,bf7e2a70935af7de78mjqt,va_humidity,50
2026-09-12T23:11:07Z,bf7e2a70935af7de78mjqt,va_temperature,22.5
2026-09-12T23:15:56Z,bf43cf664d6644420axva3,battery_state,middle
2026-09-12T23:15:56Z,bf43cf664d6644420axva3,va_humidity,51
2026-09-12T23:15:56Z,bf43cf664d6644420axva3,va_temperature,22.1
2026-09-12T23:58:34Z,bfd6f4f87fea9d866dvpve,battery_state,middle
2026-09-12T23:58:34Z,bfd6f4f87fea9d866dvpve,va_humidity,53
2026-09-12T23:58:34Z,bfd6f4f87fea9d866dvpve,va_temperature,22.5
2026-09-12T23:58:46Z,bf5741c97c96fa85b1d7do,battery_state,middle
2026-09-12T23:58:46Z,bf5741c97c96fa85b1d7do,va_humidity,54
2026-09-12T23:58:46Z,bf5741c97c96fa85b1d7do,va_temperature,21.9
2026-09-13T00:00:00Z,zewnatrz,va_humidity,70
2026-09-13T00:00:00Z,zewnatrz,va_temperature,14.1
2026-09-13T00:10:42Z,bf7e2a70935af7de78mjqt,battery_state,middle
2026-09-13T00:10:42Z,bf7e2a70935af7de78mjqt,va_humidity,50
2026-09-13T00:10:42Z,bf7e2a70935af7de78mjqt,va_temperature,22.4
2026-09-13T00:15:22Z,bf43cf664d6644420axva3,battery_state,middle
2026-09-13T00:15:22Z,bf43cf664d6644420axva3,va_humidity,51
2026-09-13T00:15:22Z,bf43cf664d6644420axva3,va_temperature,22.1
2026-09-13T00:57:59Z,bf5741c97c96fa85b1d7do,va_humidity,54
2026-09-13T00:57:59Z,bf5741c97c96fa85b1d7do,va_temperature,21.8
2026-09-13T00:58:00Z,bf5741c97c96fa85b1d7do,battery_state,middle
2026-09-13T00:58:15Z,bfd6f4f87fea9d866dvpve,battery_state,middle
2026-09-13T00:58:15Z,bfd6f4f87fea9d866dvpve,va_humidity,53
2026-09-13T00:58:15Z,bfd6f4f87fea9d866dvpve,va_temperature,22.5
2026-09-13T01:00:00Z,zewnatrz,va_humidity,72
2026-09-13T01:00:00Z,zewnatrz,va_temperature,13.9
2026-09-13T01:10:17Z,bf7e2a70935af7de78mjqt,va_humidity,50
2026-09-13T01:10:17Z,bf7e2a70935af7de78mjqt,va_temperature,22.4
2026-09-13T01:10:18Z,bf7e2a70935af7de78mjqt,battery_state,middle
2026-09-13T01:14:48Z,bf43cf664d6644420axva3,battery_state,middle
2026-09-13T01:14:48Z,bf43cf664d6644420axva3,va_humidity,51
2026-09-13T01:14:48Z,bf43cf664d6644420axva3,va_temperature,22
2026-09-13T01:57:13Z,bf5741c97c96fa85b1d7do,battery_state,middle
2026-09-13T01:57:13Z,bf5741c97c96fa85b1d7do,va_humidity,54
2026-09-13T01:57:13Z,bf5741c97c96fa85b1d7do,va_temperature,21.8
2026-09-13T01:57:55Z,bfd6f4f87fea9d866dvpve,battery_state,middle
2026-09-13T01:57:55Z,bfd6f4f87fea9d866dvpve,va_humidity,53
2026-09-13T01:57:55Z,bfd6f4f87fea9d866dvpve,va_temperature,22.4
2026-09-13T02:00:00Z,zewnatrz,va_humidity,72
2026-09-13T02:00:00Z,zewnatrz,va_temperature,13.7
2026-09-13T02:09:53Z,bf7e2a70935af7de78mjqt,battery_state,middle
2026-09-13T02:09:53Z,bf7e2a70935af7de78mjqt,va_humidity,50
2026-09-13T02:09:53Z,bf7e2a70935af7de78mjqt,va_temperature,22.3
2026-09-13T02:14:14Z,bf43cf664d6644420axva3,va_humidity,51
2026-09-13T02:14:14Z,bf43cf664d6644420axva3,va_temperature,22
2026-09-13T02:14:15Z,bf43cf664d6644420axva3,battery_state,middle
2026-09-13T02:56:27Z,bf5741c97c96fa85b1d7do,battery_state,middle
2026-09-13T02:56:27Z,bf5741c97c96fa85b1d7do,va_humidity,54
2026-09-13T02:56:27Z,bf5741c97c96fa85b1d7do,va_temperature,21.7
2026-09-13T02:57:36Z,bfd6f4f87fea9d866dvpve,battery_state,middle
2026-09-13T02:57:36Z,bfd6f4f87fea9d866dvpve,va_humidity,53
2026-09-13T02:57:36Z,bfd6f4f87fea9d866dvpve,va_temperature,22.4
2026-09-13T03:00:00Z,zewnatrz,va_humidity,70
2026-09-13T03:00:00Z,zewnatrz,va_temperature,13.5
2026-09-13T03:09:28Z,bf7e2a70935af7de78mjqt,battery_state,middle
2026-09-13T03:09:28Z,bf7e2a70935af7de78mjqt,va_humidity,50
2026-09-13T03:09:28Z,bf7e2a70935af7de78mjqt,va_temperature,22.3
2026-09-13T03:13:40Z,bf43cf664d6644420axva3,battery_state,middle
2026-09-13T03:13:40Z,bf43cf664d6644420axva3,va_humidity,51
2026-09-13T03:13:40Z,bf43cf664d6644420axva3,va_temperature,21.9
2026-09-13T03:55:40Z,bf5741c97c96fa85b1d7do,va_humidity,54
2026-09-13T03:55:40Z,bf5741c97c96fa85b1d7do,va_temperature,21.7
2026-09-13T03:55:41Z,bf5741c97c96fa85b1d7do,battery_state,middle
2026-09-13T03:57:17Z,bfd6f4f87fea9d866dvpve,battery_state,middle
2026-09-13T03:57:17Z,bfd6f4f87fea9d866dvpve,va_humidity,53
2026-09-13T03:57:17Z,bfd6f4f87fea9d866dvpve,va_temperature,22.3
2026-09-13T04:00:00Z,zewnatrz,va_humidity,71
2026-09-13T04:00:00Z,zewnatrz,va_temperature,12.7
2026-09-13T04:09:03Z,bf7e2a70935af7de78mjqt,va_temperature,22.3
2026-09-13T04:09:04Z,bf7e2a70935af7de78mjqt,battery_state,middle
2026-09-13T04:09:04Z,bf7e2a70935af7de78mjqt,va_humidity,50
2026-09-13T04:13:06Z,bf43cf664d6644420axva3,battery_state,middle
2026-09-13T04:13:06Z,bf43cf664d6644420axva3,va_humidity,51
2026-09-13T04:13:06Z,bf43cf664d6644420axva3,va_temperature,21.9
2026-09-13T04:54:54Z,bf5741c97c96fa85b1d7do,battery_state,middle
2026-09-13T04:54:54Z,bf5741c97c96fa85b1d7do,va_humidity,54
2026-09-13T04:54:54Z,bf5741c97c96fa85b1d7do,va_temperature,21.7
2026-09-13T04:56:58Z,bfd6f4f87fea9d866dvpve,battery_state,middle
2026-09-13T04:56:58Z,bfd6f4f87fea9d866dvpve,va_humidity,53
2026-09-13T04:56:58Z,bfd6f4f87fea9d866dvpve,va_temperature,22.4
2026-09-13T05:00:00Z,zewnatrz,va_humidity,69
2026-09-13T05:00:00Z,zewnatrz,va_temperature,12.8
2026-09-13T05:08:39Z,bf7e2a70935af7de78mjqt,battery_state,middle
2026-09-13T05:08:39Z,bf7e2a70935af7de78mjqt,va_humidity,50
2026-09-13T05:08:39Z,bf7e2a70935af7de78mjqt,va_temperature,22.2
2026-09-13T05:12:32Z,bf43cf664d6644420axva3,battery_state,middle
2026-09-13T05:12:32Z,bf43cf664d6644420axva3,va_humidity,51
2026-09-13T05:12:32Z,bf43cf664d6644420axva3,va_temperature,21.9
2026-09-13T05:54:07Z,bf5741c97c96fa85b1d7do,va_temperature,21.7
2026-09-13T05:54:08Z,bf5741c97c96fa85b1d7do,battery_state,middle
2026-09-13T05:54:08Z,bf5741c97c96fa85b1d7do,va_humidity,55
2026-09-13T05:56:39Z,bfd6f4f87fea9d866dvpve,battery_state,middle
2026-09-13T05:56:39Z,bfd6f4f87fea9d866dvpve,va_humidity,53
2026-09-13T05:56:39Z,bfd6f4f87fea9d866dvpve,va_temperature,22.3
2026-09-13T06:00:00Z,zewnatrz,va_humidity,67
2026-09-13T06:00:00Z,zewnatrz,va_temperature,13.5
2026-09-13T06:08:14Z,bf7e2a70935af7de78mjqt,battery_state,middle
2026-09-13T06:08:14Z,bf7e2a70935af7de78mjqt,va_humidity,50
2026-09-13T06:08:14Z,bf7e2a70935af7de78mjqt,va_temperature,22.2
2026-09-13T06:11:58Z,bf43cf664d6644420axva3,battery_state,middle
2026-09-13T06:11:58Z,bf43cf664d6644420axva3,va_humidity,51
2026-09-13T06:11:58Z,bf43cf664d6644420axva3,va_temperature,21.9
2026-09-13T06:53:21Z,bf5741c97c96fa85b1d7do,battery_state,middle
2026-09-13T06:53:21Z,bf5741c97c96fa85b1d7do,va_humidity,54
2026-09-13T06:53:21Z,bf5741c97c96fa85b1d7do,va_temperature,21.8
2026-09-13T06:56:20Z,bfd6f4f87fea9d866dvpve,battery_state,middle
2026-09-13T06:56:20Z,bfd6f4f87fea9d866dvpve,va_humidity,53
2026-09-13T06:56:20Z,bfd6f4f87fea9d866dvpve,va_temperature,22.3
2026-09-13T07:00:00Z,zewnatrz,va_humidity,61
2026-09-13T07:00:00Z,zewnatrz,va_temperature,14.5
2026-09-13T07:07:49Z,bf7e2a70935af7de78mjqt,va_humidity,50
2026-09-13T07:07:49Z,bf7e2a70935af7de78mjqt,va_temperature,22.2
2026-09-13T07:07:50Z,bf7e2a70935af7de78mjqt,battery_state,middle
2026-09-13T07:11:24Z,bf43cf664d6644420axva3,va_humidity,51
2026-09-13T07:11:24Z,bf43cf664d6644420axva3,va_temperature,21.8
2026-09-13T07:11:25Z,bf43cf664d6644420axva3,battery_state,middle
2026-09-13T07:52:34Z,bf5741c97c96fa85b1d7do,va_temperature,21.9
2026-09-13T07:52:35Z,bf5741c97c96fa85b1d7do,battery_state,middle
2026-09-13T07:52:35Z,bf5741c97c96fa85b1d7do,va_humidity,53
2026-09-13T07:56:01Z,bfd6f4f87fea9d866dvpve,va_humidity,52
2026-09-13T07:56:01Z,bfd6f4f87fea9d866dvpve,va_temperature,22.3
2026-09-13T07:56:02Z,bfd6f4f87fea9d866dvpve,battery_state,middle
2026-09-13T08:00:00Z,zewnatrz,va_humidity,51
2026-09-13T08:00:00Z,zewnatrz,va_temperature,16.3
2026-09-13T08:07:25Z,bf7e2a70935af7de78mjqt,battery_state,middle
2026-09-13T08:07:25Z,bf7e2a70935af7de78mjqt,va_humidity,50
2026-09-13T08:07:25Z,bf7e2a70935af7de78mjqt,va_temperature,22.3
2026-09-13T08:10:50Z,bf43cf664d6644420axva3,va_temperature,21.9
2026-09-13T08:10:51Z,bf43cf664d6644420axva3,battery_state,middle
2026-09-13T08:10:51Z,bf43cf664d6644420axva3,va_humidity,51
2026-09-13T08:51:48Z,bf5741c97c96fa85b1d7do,battery_state,middle
2026-09-13T08:51:48Z,bf5741c97c96fa85b1d7do,va_humidity,53
2026-09-13T08:51:48Z,bf5741c97c96fa85b1d7do,va_temperature,22
2026-09-13T08:55:43Z,bfd6f4f87fea9d866dvpve,battery_state,middle
2026-09-13T08:55:43Z,bfd6f4f87fea9d866dvpve,va_humidity,52
2026-09-13T08:55:43Z,bfd6f4f87fea9d866dvpve,va_temperature,22.3
2026-09-13T09:00:00Z,zewnatrz,va_humidity,45
2026-09-13T09:00:00Z,zewnatrz,va_temperature,17.6
2026-09-13T09:07:01Z,bf7e2a70935af7de78mjqt,battery_state,middle
2026-09-13T09:07:01Z,bf7e2a70935af7de78mjqt,va_humidity,50
2026-09-13T09:07:01Z,bf7e2a70935af7de78mjqt,va_temperature,22.3
2026-09-13T09:10:17Z,bf43cf664d6644420axva3,battery_state,middle
2026-09-13T09:10:17Z,bf43cf664d6644420axva3,va_humidity,50
2026-09-13T09:10:17Z,bf43cf664d6644420axva3,va_temperature,21.9
2026-09-13T09:51:01Z,bf5741c97c96fa85b1d7do,battery_state,middle
2026-09-13T09:51:01Z,bf5741c97c96fa85b1d7do,va_humidity,53
2026-09-13T09:51:01Z,bf5741c97c96fa85b1d7do,va_temperature,22.1
2026-09-13T09:55:24Z,bfd6f4f87fea9d866dvpve,battery_state,middle
2026-09-13T09:55:24Z,bfd6f4f87fea9d866dvpve,va_humidity,52
2026-09-13T09:55:24Z,bfd6f4f87fea9d866dvpve,va_temperature,22.4
2026-09-13T10:00:00Z,zewnatrz,va_humidity,43
2026-09-13T10:00:00Z,zewnatrz,va_temperature,18.7
2026-09-13T10:06:37Z,bf7e2a70935af7de78mjqt,battery_state,middle
2026-09-13T10:06:37Z,bf7e2a70935af7de78mjqt,va_humidity,50
2026-09-13T10:06:37Z,bf7e2a70935af7de78mjqt,va_temperature,22.4
2026-09-13T10:09:43Z,bf43cf664d6644420axva3,battery_state,middle
2026-09-13T10:09:43Z,bf43cf664d6644420axva3,va_humidity,51
2026-09-13T10:09:43Z,bf43cf664d6644420axva3,va_temperature,21.9
2026-09-13T10:50:15Z,bf5741c97c96fa85b1d7do,battery_state,middle
2026-09-13T10:50:15Z,bf5741c97c96fa85b1d7do,va_humidity,53
2026-09-13T10:50:15Z,bf5741c97c96fa85b1d7do,va_temperature,22.2
2026-09-13T10:55:05Z,bfd6f4f87fea9d866dvpve,va_humidity,53
2026-09-13T10:55:05Z,bfd6f4f87fea9d866dvpve,va_temperature,22.4
2026-09-13T10:55:06Z,bfd6f4f87fea9d866dvpve,battery_state,middle
2026-09-13T11:00:00Z,zewnatrz,va_humidity,44
2026-09-13T11:00:00Z,zewnatrz,va_temperature,19.4
2026-09-13T11:06:12Z,bf7e2a70935af7de78mjqt,va_temperature,22.6
2026-09-13T11:06:13Z,bf7e2a70935af7de78mjqt,battery_state,middle
2026-09-13T11:06:13Z,bf7e2a70935af7de78mjqt,va_humidity,50
2026-09-13T11:09:09Z,bf43cf664d6644420axva3,battery_state,middle
2026-09-13T11:09:09Z,bf43cf664d6644420axva3,va_humidity,51
2026-09-13T11:09:09Z,bf43cf664d6644420axva3,va_temperature,22
2026-09-13T11:49:28Z,bf5741c97c96fa85b1d7do,va_temperature,22.3
2026-09-13T11:49:29Z,bf5741c97c96fa85b1d7do,battery_state,middle
2026-09-13T11:49:29Z,bf5741c97c96fa85b1d7do,va_humidity,53
2026-09-13T11:54:46Z,bfd6f4f87fea9d866dvpve,va_humidity,53
2026-09-13T11:54:46Z,bfd6f4f87fea9d866dvpve,va_temperature,22.4
2026-09-13T11:54:47Z,bfd6f4f87fea9d866dvpve,battery_state,middle
2026-09-13T12:00:00Z,zewnatrz,va_humidity,46
2026-09-13T12:00:00Z,zewnatrz,va_temperature,20
2026-09-13T12:05:48Z,bf7e2a70935af7de78mjqt,va_humidity,50
2026-09-13T12:05:48Z,bf7e2a70935af7de78mjqt,va_temperature,22.7
2026-09-13T12:05:49Z,bf7e2a70935af7de78mjqt,battery_state,middle
2026-09-13T12:08:35Z,bf43cf664d6644420axva3,battery_state,middle
2026-09-13T12:08:35Z,bf43cf664d6644420axva3,va_humidity,51
2026-09-13T12:08:35Z,bf43cf664d6644420axva3,va_temperature,22
2026-09-13T12:48:42Z,bf5741c97c96fa85b1d7do,battery_state,middle
2026-09-13T12:48:42Z,bf5741c97c96fa85b1d7do,va_humidity,53
2026-09-13T12:48:42Z,bf5741c97c96fa85b1d7do,va_temperature,22.4
2026-09-13T12:54:28Z,bfd6f4f87fea9d866dvpve,battery_state,middle
2026-09-13T12:54:28Z,bfd6f4f87fea9d866dvpve,va_humidity,53
2026-09-13T12:54:28Z,bfd6f4f87fea9d866dvpve,va_temperature,22.4
2026-09-13T13:00:00Z,zewnatrz,va_humidity,49
2026-09-13T13:00:00Z,zewnatrz,va_temperature,19.7
2026-09-13T13:05:23Z,bf7e2a70935af7de78mjqt,battery_state,middle
2026-09-13T13:05:23Z,bf7e2a70935af7de78mjqt,va_humidity,50
2026-09-13T13:05:23Z,bf7e2a70935af7de78mjqt,va_temperature,22.7
2026-09-13T13:08:00Z,bf43cf664d6644420axva3,va_temperature,22
2026-09-13T13:08:01Z,bf43cf664d6644420axva3,battery_state,middle
2026-09-13T13:08:01Z,bf43cf664d6644420axva3,va_humidity,51
2026-09-13T13:47:55Z,bf5741c97c96fa85b1d7do,battery_state,middle
2026-09-13T13:47:55Z,bf5741c97c96fa85b1d7do,va_humidity,54
2026-09-13T13:47:55Z,bf5741c97c96fa85b1d7do,va_temperature,22.3
2026-09-13T13:54:09Z,bfd6f4f87fea9d866dvpve,battery_state,middle
2026-09-13T13:54:09Z,bfd6f4f87fea9d866dvpve,va_humidity,54
2026-09-13T13:54:09Z,bfd6f4f87fea9d866dvpve,va_temperature,22.4
2026-09-13T14:00:00Z,zewnatrz,va_humidity,57
2026-09-13T14:00:00Z,zewnatrz,va_temperature,19.5
2026-09-13T14:04:58Z,bf7e2a70935af7de78mjqt,battery_state,middle
2026-09-13T14:04:58Z,bf7e2a70935af7de78mjqt,va_humidity,50
2026-09-13T14:04:58Z,bf7e2a70935af7de78mjqt,va_temperature,22.6
2026-09-13T14:07:27Z,bf43cf664d6644420axva3,battery_state,middle
2026-09-13T14:07:27Z,bf43cf664d6644420axva3,va_humidity,51
2026-09-13T14:07:27Z,bf43cf664d6644420axva3,va_temperature,22.1
2026-09-13T14:47:09Z,bf5741c97c96fa85b1d7do,battery_state,middle
2026-09-13T14:47:09Z,bf5741c97c96fa85b1d7do,va_humidity,54
2026-09-13T14:47:09Z,bf5741c97c96fa85b1d7do,va_temperature,22.3
2026-09-13T14:53:51Z,bfd6f4f87fea9d866dvpve,battery_state,middle
2026-09-13T14:53:51Z,bfd6f4f87fea9d866dvpve,va_humidity,54
2026-09-13T14:53:51Z,bfd6f4f87fea9d866dvpve,va_temperature,22.4
2026-09-13T15:00:00Z,zewnatrz,va_humidity,60
2026-09-13T15:00:00Z,zewnatrz,va_temperature,19.1
2026-09-13T15:04:33Z,bf7e2a70935af7de78mjqt,battery_state,middle
2026-09-13T15:04:33Z,bf7e2a70935af7de78mjqt,va_humidity,50
2026-09-13T15:04:33Z,bf7e2a70935af7de78mjqt,va_temperature,22.6
2026-09-13T15:06:54Z,bf43cf664d6644420axva3,battery_state,middle
2026-09-13T15:06:54Z,bf43cf664d6644420axva3,va_humidity,51
2026-09-13T15:06:54Z,bf43cf664d6644420axva3,va_temperature,22.1
2026-09-13T15:46:22Z,bf5741c97c96fa85b1d7do,battery_state,middle
2026-09-13T15:46:22Z,bf5741c97c96fa85b1d7do,va_humidity,55
2026-09-13T15:46:22Z,bf5741c97c96fa85b1d7do,va_temperature,22.3
2026-09-13T15:53:32Z,bfd6f4f87fea9d866dvpve,battery_state,middle
2026-09-13T15:53:32Z,bfd6f4f87fea9d866dvpve,va_humidity,54
2026-09-13T15:53:32Z,bfd6f4f87fea9d866dvpve,va_temperature,22.4
2026-09-13T16:00:00Z,zewnatrz,va_humidity,63
2026-09-13T16:00:00Z,zewnatrz,va_temperature,18.9
2026-09-13T16:04:08Z,bf7e2a70935af7de78mjqt,battery_state,middle
2026-09-13T16:04:08Z,bf7e2a70935af7de78mjqt,va_humidity,50
2026-09-13T16:04:08Z,bf7e2a70935af7de78mjqt,va_temperature,22.5
2026-09-13T16:06:19Z,bf43cf664d6644420axva3,va_temperature,22
2026-09-13T16:06:20Z,bf43cf664d6644420axva3,battery_state,middle
2026-09-13T16:06:20Z,bf43cf664d6644420axva3,va_humidity,52
2026-09-13T16:45:35Z,bf5741c97c96fa85b1d7do,battery_state,middle
2026-09-13T16:45:35Z,bf5741c97c96fa85b1d7do,va_humidity,55
2026-09-13T16:45:35Z,bf5741c97c96fa85b1d7do,va_temperature,22.1
2026-09-13T16:53:13Z,bfd6f4f87fea9d866dvpve,va_humidity,54
2026-09-13T16:53:13Z,bfd6f4f87fea9d866dvpve,va_temperature,22.4
2026-09-13T16:53:14Z,bfd6f4f87fea9d866dvpve,battery_state,middle
2026-09-13T17:00:00Z,zewnatrz,va_humidity,73
2026-09-13T17:00:00Z,zewnatrz,va_temperature,17.8
2026-09-13T17:03:44Z,bf7e2a70935af7de78mjqt,battery_state,middle
2026-09-13T17:03:44Z,bf7e2a70935af7de78mjqt,va_humidity,50
2026-09-13T17:03:44Z,bf7e2a70935af7de78mjqt,va_temperature,22.4
2026-09-13T17:05:45Z,bf43cf664d6644420axva3,battery_state,middle
2026-09-13T17:05:45Z,bf43cf664d6644420axva3,va_humidity,52
2026-09-13T17:05:45Z,bf43cf664d6644420axva3,va_temperature,22
2026-09-13T17:44:48Z,bf5741c97c96fa85b1d7do,va_temperature,22.1
2026-09-13T17:44:49Z,bf5741c97c96fa85b1d7do,battery_state,middle
2026-09-13T17:44:49Z,bf5741c97c96fa85b1d7do,va_humidity,55
2026-09-13T17:52:54Z,bfd6f4f87fea9d866dvpve,va_temperature,22.4
2026-09-13T17:52:55Z,bfd6f4f87fea9d866dvpve,battery_state,middle
2026-09-13T17:52:55Z,bfd6f4f87fea9d866dvpve,va_humidity,55
2026-09-13T18:00:00Z,zewnatrz,va_humidity,76
2026-09-13T18:00:00Z,zewnatrz,va_temperature,17.4
2026-09-13T18:03:19Z,bf7e2a70935af7de78mjqt,va_temperature,22.4
2026-09-13T18:03:20Z,bf7e2a70935af7de78mjqt,battery_state,middle
2026-09-13T18:03:20Z,bf7e2a70935af7de78mjqt,va_humidity,50
2026-09-13T18:05:11Z,bf43cf664d6644420axva3,battery_state,middle
2026-09-13T18:05:11Z,bf43cf664d6644420axva3,va_humidity,52
2026-09-13T18:05:11Z,bf43cf664d6644420axva3,va_temperature,22
2026-09-13T18:44:02Z,bf5741c97c96fa85b1d7do,va_humidity,56
2026-09-13T18:44:02Z,bf5741c97c96fa85b1d7do,va_temperature,22.1
2026-09-13T18:44:03Z,bf5741c97c96fa85b1d7do,battery_state,middle
2026-09-13T18:52:36Z,bfd6f4f87fea9d866dvpve,battery_state,middle
2026-09-13T18:52:36Z,bfd6f4f87fea9d866dvpve,va_humidity,55
2026-09-13T18:52:36Z,bfd6f4f87fea9d866dvpve,va_temperature,22.3
2026-09-13T19:00:00Z,zewnatrz,va_humidity,77
2026-09-13T19:00:00Z,zewnatrz,va_temperature,17.2
2026-09-13T19:02:55Z,bf7e2a70935af7de78mjqt,battery_state,middle
2026-09-13T19:02:55Z,bf7e2a70935af7de78mjqt,va_humidity,50
2026-09-13T19:02:55Z,bf7e2a70935af7de78mjqt,va_temperature,22.3
2026-09-13T19:04:37Z,bf43cf664d6644420axva3,battery_state,middle
2026-09-13T19:04:37Z,bf43cf664d6644420axva3,va_humidity,52
2026-09-13T19:04:37Z,bf43cf664d6644420axva3,va_temperature,21.9
2026-09-13T19:43:16Z,bf5741c97c96fa85b1d7do,va_temperature,22
2026-09-13T19:43:17Z,bf5741c97c96fa85b1d7do,battery_state,middle
2026-09-13T19:43:17Z,bf5741c97c96fa85b1d7do,va_humidity,57
2026-09-13T19:52:17Z,bfd6f4f87fea9d866dvpve,va_humidity,56
2026-09-13T19:52:17Z,bfd6f4f87fea9d866dvpve,va_temperature,22.3
2026-09-13T19:52:18Z,bfd6f4f87fea9d866dvpve,battery_state,middle
2026-09-13T20:00:00Z,zewnatrz,va_humidity,80
2026-09-13T20:00:00Z,zewnatrz,va_temperature,16.9
2026-09-13T20:02:31Z,bf7e2a70935af7de78mjqt,battery_state,middle
2026-09-13T20:02:31Z,bf7e2a70935af7de78mjqt,va_humidity,51
2026-09-13T20:02:31Z,bf7e2a70935af7de78mjqt,va_temperature,22.3
2026-09-13T20:04:03Z,bf43cf664d6644420axva3,battery_state,middle
2026-09-13T20:04:03Z,bf43cf664d6644420axva3,va_humidity,53
2026-09-13T20:04:03Z,bf43cf664d6644420axva3,va_temperature,21.9
2026-09-13T20:42:30Z,bf5741c97c96fa85b1d7do,va_humidity,58
2026-09-13T20:42:30Z,bf5741c97c96fa85b1d7do,va_temperature,22
2026-09-13T20:42:31Z,bf5741c97c96fa85b1d7do,battery_state,middle
2026-09-13T20:51:59Z,bfd6f4f87fea9d866dvpve,battery_state,middle
2026-09-13T20:51:59Z,bfd6f4f87fea9d866dvpve,va_humidity,57
2026-09-13T20:51:59Z,bfd6f4f87fea9d866dvpve,va_temperature,22.3
2026-09-13T21:00:00Z,zewnatrz,va_humidity,84
2026-09-13T21:00:00Z,zewnatrz,va_temperature,16.5
2026-09-13T21:02:07Z,bf7e2a70935af7de78mjqt,va_humidity,51
2026-09-13T21:02:07Z,bf7e2a70935af7de78mjqt,va_temperature,22.2
2026-09-13T21:02:08Z,bf7e2a70935af7de78mjqt,battery_state,middle
2026-09-13T21:03:28Z,bf43cf664d6644420axva3,va_temperature,21.9
2026-09-13T21:03:29Z,bf43cf664d6644420axva3,battery_state,middle
2026-09-13T21:03:29Z,bf43cf664d6644420axva3,va_humidity,53
2026-09-13T21:41:43Z,bf5741c97c96fa85b1d7do,va_temperature,21.9
2026-09-13T21:41:44Z,bf5741c97c96fa85b1d7do,battery_state,middle
2026-09-13T21:41:44Z,bf5741c97c96fa85b1d7do,va_humidity,59
2026-09-13T21:51:41Z,bfd6f4f87fea9d866dvpve,battery_state,middle
2026-09-13T21:51:41Z,bfd6f4f87fea9d866dvpve,va_humidity,58
2026-09-13T21:51:41Z,bfd6f4f87fea9d866dvpve,va_temperature,22.3
2026-09-13T22:00:00Z,zewnatrz,va_humidity,85
2026-09-13T22:00:00Z,zewnatrz,va_temperature,16.3
2026-09-13T22:01:44Z,bf7e2a70935af7de78mjqt,battery_state,middle
2026-09-13T22:01:44Z,bf7e2a70935af7de78mjqt,va_humidity,51
2026-09-13T22:01:44Z,bf7e2a70935af7de78mjqt,va_temperature,22.2
2026-09-13T22:02:54Z,bf43cf664d6644420axva3,battery_state,middle
2026-09-13T22:02:54Z,bf43cf664d6644420axva3,va_humidity,53
2026-09-13T22:02:54Z,bf43cf664d6644420axva3,va_temperature,21.9
2026-09-13T22:40:57Z,bf5741c97c96fa85b1d7do,battery_state,middle
2026-09-13T22:40:57Z,bf5741c97c96fa85b1d7do,va_humidity,60
2026-09-13T22:40:57Z,bf5741c97c96fa85b1d7do,va_temperature,21.8
2026-09-13T22:51:22Z,bfd6f4f87fea9d866dvpve,va_temperature,22.3
2026-09-13T22:51:23Z,bfd6f4f87fea9d866dvpve,battery_state,middle
2026-09-13T22:51:23Z,bfd6f4f87fea9d866dvpve,va_humidity,58
2026-09-13T23:00:00Z,zewnatrz,va_humidity,82
2026-09-13T23:00:00Z,zewnatrz,va_temperature,16.2
2026-09-13T23:01:20Z,bf7e2a70935af7de78mjqt,battery_state,middle
2026-09-13T23:01:20Z,bf7e2a70935af7de78mjqt,va_humidity,51
2026-09-13T23:01:20Z,bf7e2a70935af7de78mjqt,va_temperature,22.2
2026-09-13T23:02:19Z,bf43cf664d6644420axva3,va_humidity,54
2026-09-13T23:02:19Z,bf43cf664d6644420axva3,va_temperature,21.9
2026-09-13T23:02:20Z,bf43cf664d6644420axva3,battery_state,middle
2026-09-13T23:40:09Z,bf5741c97c96fa85b1d7do,va_humidity,60
2026-09-13T23:40:09Z,bf5741c97c96fa85b1d7do,va_temperature,21.9
2026-09-13T23:40:10Z,bf5741c97c96fa85b1d7do,battery_state,middle
2026-09-13T23:51:04Z,bfd6f4f87fea9d866dvpve,battery_state,middle
2026-09-13T23:51:04Z,bfd6f4f87fea9d866dvpve,va_humidity,58
2026-09-13T23:51:04Z,bfd6f4f87fea9d866dvpve,va_temperature,22.2
2026-09-14T00:00:00Z,zewnatrz,va_humidity,85
2026-09-14T00:00:00Z,zewnatrz,va_temperature,16.1
2026-09-14T00:00:56Z,bf7e2a70935af7de78mjqt,va_humidity,51
2026-09-14T00:00:56Z,bf7e2a70935af7de78mjqt,va_temperature,22.2
2026-09-14T00:00:57Z,bf7e2a70935af7de78mjqt,battery_state,middle
2026-09-14T00:01:45Z,bf43cf664d6644420axva3,va_temperature,21.9
2026-09-14T00:01:46Z,bf43cf664d6644420axva3,battery_state,middle
2026-09-14T00:01:46Z,bf43cf664d6644420axva3,va_humidity,54
2026-09-14T00:39:22Z,bf5741c97c96fa85b1d7do,va_humidity,60
2026-09-14T00:39:22Z,bf5741c97c96fa85b1d7do,va_temperature,21.8
2026-09-14T00:39:23Z,bf5741c97c96fa85b1d7do,battery_state,middle
2026-09-14T00:50:45Z,bfd6f4f87fea9d866dvpve,battery_state,middle
2026-09-14T00:50:45Z,bfd6f4f87fea9d866dvpve,va_humidity,59
2026-09-14T00:50:45Z,bfd6f4f87fea9d866dvpve,va_temperature,22.2
2026-09-14T01:00:00Z,zewnatrz,va_humidity,87
2026-09-14T01:00:00Z,zewnatrz,va_temperature,15.8
2026-09-14T01:00:32Z,bf7e2a70935af7de78mjqt,va_humidity,52
2026-09-14T01:00:32Z,bf7e2a70935af7de78mjqt,va_temperature,22.2
2026-09-14T01:00:33Z,bf7e2a70935af7de78mjqt,battery_state,middle
2026-09-14T01:01:12Z,bf43cf664d6644420axva3,battery_state,middle
2026-09-14T01:01:12Z,bf43cf664d6644420axva3,va_humidity,54
2026-09-14T01:01:12Z,bf43cf664d6644420axva3,va_temperature,21.8
2026-09-14T01:38:36Z,bf5741c97c96fa85b1d7do,battery_state,middle
2026-09-14T01:38:36Z,bf5741c97c96fa85b1d7do,va_humidity,60
2026-09-14T01:38:36Z,bf5741c97c96fa85b1d7do,va_temperature,21.8
2026-09-14T01:50:26Z,bfd6f4f87fea9d866dvpve,va_humidity,59
2026-09-14T01:50:26Z,bfd6f4f87fea9d866dvpve,va_temperature,22.2
2026-09-14T01:50:27Z,bfd6f4f87fea9d866dvpve,battery_state,middle
2026-09-14T02:00:00Z,zewnatrz,va_humidity,87
2026-09-14T02:00:00Z,zewnatrz,va_temperature,15.9
2026-09-14T02:00:08Z,bf7e2a70935af7de78mjqt,va_temperature,22.1
2026-09-14T02:00:09Z,bf7e2a70935af7de78mjqt,battery_state,middle
2026-09-14T02:00:09Z,bf7e2a70935af7de78mjqt,va_humidity,52
2026-09-14T02:00:39Z,bf43cf664d6644420axva3,battery_state,middle
2026-09-14T02:00:39Z,bf43cf664d6644420axva3,va_humidity,55
2026-09-14T02:00:39Z,bf43cf664d6644420axva3,va_temperature,21.8
2026-09-14T02:37:49Z,bf5741c97c96fa85b1d7do,battery_state,middle
2026-09-14T02:37:49Z,bf5741c97c96fa85b1d7do,va_humidity,60
2026-09-14T02:37:49Z,bf5741c97c96fa85b1d7do,va_temperature,21.8
2026-09-14T02:50:08Z,bfd6f4f87fea9d866dvpve,va_humidity,58
2026-09-14T02:50:08Z,bfd6f4f87fea9d866dvpve,va_temperature,22.2
2026-09-14T02:50:09Z,bfd6f4f87fea9d866dvpve,battery_state,middle
2026-09-14T02:59:45Z,bf7e2a70935af7de78mjqt,battery_state,middle
2026-09-14T02:59:45Z,bf7e2a70935af7de78mjqt,va_humidity,52
2026-09-14T02:59:45Z,bf7e2a70935af7de78mjqt,va_temperature,22.1
2026-09-14T03:00:00Z,zewnatrz,va_humidity,86
2026-09-14T03:00:00Z,zewnatrz,va_temperature,15.9
2026-09-14T03:00:05Z,bf43cf664d6644420axva3,battery_state,middle
2026-09-14T03:00:05Z,bf43cf664d6644420axva3,va_humidity,55
2026-09-14T03:00:05Z,bf43cf664d6644420axva3,va_temperature,21.8
2026-09-14T03:37:02Z,bf5741c97c96fa85b1d7do,battery_state,middle
2026-09-14T03:37:02Z,bf5741c97c96fa85b1d7do,va_humidity,60
2026-09-14T03:37:02Z,bf5741c97c96fa85b1d7do,va_temperature,21.8
2026-09-14T03:49:50Z,bfd6f4f87fea9d866dvpve,va_humidity,59
2026-09-14T03:49:50Z,bfd6f4f87fea9d866dvpve,va_temperature,22.2
2026-09-14T03:49:51Z,bfd6f4f87fea9d866dvpve,battery_state,middle
2026-09-14T03:59:21Z,bf7e2a70935af7de78mjqt,battery_state,middle
2026-09-14T03:59:21Z,bf7e2a70935af7de78mjqt,va_humidity,53
2026-09-14T03:59:21Z,bf7e2a70935af7de78mjqt,va_temperature,22.1
2026-09-14T03:59:32Z,bf43cf664d6644420axva3,battery_state,middle
2026-09-14T03:59:32Z,bf43cf664d6644420axva3,va_humidity,55
2026-09-14T03:59:32Z,bf43cf664d6644420axva3,va_temperature,21.8
2026-09-14T04:00:00Z,zewnatrz,va_humidity,87
2026-09-14T04:00:00Z,zewnatrz,va_temperature,15.5
2026-09-14T04:36:15Z,bf5741c97c96fa85b1d7do,battery_state,middle
2026-09-14T04:36:15Z,bf5741c97c96fa85b1d7do,va_humidity,60
2026-09-14T04:36:15Z,bf5741c97c96fa85b1d7do,va_temperature,21.8
2026-09-14T04:49:32Z,bfd6f4f87fea9d866dvpve,battery_state,middle
2026-09-14T04:49:32Z,bfd6f4f87fea9d866dvpve,va_humidity,59
2026-09-14T04:49:32Z,bfd6f4f87fea9d866dvpve,va_temperature,22.2
2026-09-14T04:58:58Z,bf43cf664d6644420axva3,va_humidity,55
2026-09-14T04:58:58Z,bf43cf664d6644420axva3,va_temperature,21.8
2026-09-14T04:58:58Z,bf7e2a70935af7de78mjqt,battery_state,middle
2026-09-14T04:58:58Z,bf7e2a70935af7de78mjqt,va_humidity,53
2026-09-14T04:58:58Z,bf7e2a70935af7de78mjqt,va_temperature,22.1
2026-09-14T04:58:59Z,bf43cf664d6644420axva3,battery_state,middle
2026-09-14T05:00:00Z,zewnatrz,va_humidity,83
2026-09-14T05:00:00Z,zewnatrz,va_temperature,15.9
2026-09-14T05:35:28Z,bf5741c97c96fa85b1d7do,va_temperature,21.8
2026-09-14T05:35:29Z,bf5741c97c96fa85b1d7do,battery_state,middle
2026-09-14T05:35:29Z,bf5741c97c96fa85b1d7do,va_humidity,61
2026-09-14T05:49:13Z,bfd6f4f87fea9d866dvpve,battery_state,middle
2026-09-14T05:49:13Z,bfd6f4f87fea9d866dvpve,va_humidity,59
2026-09-14T05:49:13Z,bfd6f4f87fea9d866dvpve,va_temperature,22.2
2026-09-14T05:58:25Z,bf43cf664d6644420axva3,battery_state,middle
2026-09-14T05:58:25Z,bf43cf664d6644420axva3,va_humidity,55
2026-09-14T05:58:25Z,bf43cf664d6644420axva3,va_temperature,21.8
2026-09-14T05:58:34Z,bf7e2a70935af7de78mjqt,battery_state,middle
2026-09-14T05:58:34Z,bf7e2a70935af7de78mjqt,va_humidity,53
2026-09-14T05:58:34Z,bf7e2a70935af7de78mjqt,va_temperature,22.1
2026-09-14T06:00:00Z,zewnatrz,va_humidity,81
2026-09-14T06:00:00Z,zewnatrz,va_temperature,16.3
2026-09-14T06:34:42Z,bf5741c97c96fa85b1d7do,va_humidity,60
2026-09-14T06:34:42Z,bf5741c97c96fa85b1d7do,va_temperature,21.8
2026-09-14T06:34:43Z,bf5741c97c96fa85b1d7do,battery_state,middle
2026-09-14T06:48:55Z,bfd6f4f87fea9d866dvpve,battery_state,middle
2026-09-14T06:48:55Z,bfd6f4f87fea9d866dvpve,va_humidity,59
2026-09-14T06:48:55Z,bfd6f4f87fea9d866dvpve,va_temperature,22.2
2026-09-14T06:57:51Z,bf43cf664d6644420axva3,battery_state,middle
2026-09-14T06:57:51Z,bf43cf664d6644420axva3,va_humidity,55
2026-09-14T06:57:51Z,bf43cf664d6644420axva3,va_temperature,21.8
2026-09-14T06:58:10Z,bf7e2a70935af7de78mjqt,battery_state,middle
2026-09-14T06:58:10Z,bf7e2a70935af7de78mjqt,va_humidity,53
2026-09-14T06:58:10Z,bf7e2a70935af7de78mjqt,va_temperature,22.1
2026-09-14T07:00:00Z,zewnatrz,va_humidity,1
2026-09-14T07:00:00Z,zewnatrz,va_temperature,16.5
2026-09-14T07:33:55Z,bf5741c97c96fa85b1d7do,va_temperature,21.9
2026-09-14T07:33:56Z,bf5741c97c96fa85b1d7do,battery_state,middle
2026-09-14T07:33:56Z,bf5741c97c96fa85b1d7do,va_humidity,61
2026-09-14T07:48:36Z,bfd6f4f87fea9d866dvpve,battery_state,middle
2026-09-14T07:48:36Z,bfd6f4f87fea9d866dvpve,va_humidity,59
2026-09-14T07:48:36Z,bfd6f4f87fea9d866dvpve,va_temperature,22.2
2026-09-14T07:57:18Z,bf43cf664d6644420axva3,battery_state,middle
2026-09-14T07:57:18Z,bf43cf664d6644420axva3,va_humidity,55
2026-09-14T07:57:18Z,bf43cf664d6644420axva3,va_temperature,21.8
2026-09-14T07:57:46Z,bf7e2a70935af7de78mjqt,va_humidity,53
2026-09-14T07:57:46Z,bf7e2a70935af7de78mjqt,va_temperature,22.1
2026-09-14T07:57:47Z,bf7e2a70935af7de78mjqt,battery_state,middle
2026-09-14T08:00:00Z,zewnatrz,va_humidity,1
2026-09-14T08:00:00Z,zewnatrz,va_temperature,17.1
2026-09-14T08:33:09Z,bf5741c97c96fa85b1d7do,battery_state,middle
2026-09-14T08:33:09Z,bf5741c97c96fa85b1d7do,va_humidity,60
2026-09-14T08:33:09Z,bf5741c97c96fa85b1d7do,va_temperature,22.1
2026-09-14T08:48:18Z,bfd6f4f87fea9d866dvpve,battery_state,middle
2026-09-14T08:48:18Z,bfd6f4f87fea9d866dvpve,va_humidity,60
2026-09-14T08:48:18Z,bfd6f4f87fea9d866dvpve,va_temperature,22.2
2026-09-14T08:56:44Z,bf43cf664d6644420axva3,va_temperature,21.8
2026-09-14T08:56:45Z,bf43cf664d6644420axva3,battery_state,middle
2026-09-14T08:56:45Z,bf43cf664d6644420axva3,va_humidity,56
2026-09-14T08:57:23Z,bf7e2a70935af7de78mjqt,va_humidity,53
2026-09-14T08:57:23Z,bf7e2a70935af7de78mjqt,va_temperature,22.1
2026-09-14T08:57:24Z,bf7e2a70935af7de78mjqt,battery_state,middle
2026-09-14T09:00:00Z,zewnatrz,va_humidity,1
2026-09-14T09:00:00Z,zewnatrz,va_temperature,17.4
2026-09-14T09:32:22Z,bf5741c97c96fa85b1d7do,battery_state,middle
2026-09-14T09:32:22Z,bf5741c97c96fa85b1d7do,va_humidity,60
2026-09-14T09:32:22Z,bf5741c97c96fa85b1d7do,va_temperature,22.2
2026-09-14T09:48:00Z,bfd6f4f87fea9d866dvpve,battery_state,middle
2026-09-14T09:48:00Z,bfd6f4f87fea9d866dvpve,va_humidity,60
2026-09-14T09:48:00Z,bfd6f4f87fea9d866dvpve,va_temperature,22.3
2026-09-14T09:56:11Z,bf43cf664d6644420axva3,battery_state,middle
2026-09-14T09:56:11Z,bf43cf664d6644420axva3,va_humidity,56
2026-09-14T09:56:11Z,bf43cf664d6644420axva3,va_temperature,21.9
2026-09-14T09:57:00Z,bf7e2a70935af7de78mjqt,battery_state,middle
2026-09-14T09:57:00Z,bf7e2a70935af7de78mjqt,va_humidity,54
2026-09-14T09:57:00Z,bf7e2a70935af7de78mjqt,va_temperature,22.2
2026-09-14T10:00:00Z,zewnatrz,va_humidity,1
2026-09-14T10:00:00Z,zewnatrz,va_temperature,18.1
2026-09-14T10:31:35Z,bf5741c97c96fa85b1d7do,battery_state,middle
2026-09-14T10:31:35Z,bf5741c97c96fa85b1d7do,va_humidity,60
2026-09-14T10:31:35Z,bf5741c97c96fa85b1d7do,va_temperature,22.2
2026-09-14T10:47:42Z,bfd6f4f87fea9d866dvpve,battery_state,middle
2026-09-14T10:47:42Z,bfd6f4f87fea9d866dvpve,va_humidity,60
2026-09-14T10:47:42Z,bfd6f4f87fea9d866dvpve,va_temperature,22.3
2026-09-14T10:55:38Z,bf43cf664d6644420axva3,battery_state,middle
2026-09-14T10:55:38Z,bf43cf664d6644420axva3,va_humidity,56
2026-09-14T10:55:38Z,bf43cf664d6644420axva3,va_temperature,21.9
2026-09-14T10:56:36Z,bf7e2a70935af7de78mjqt,va_temperature,22.2
2026-09-14T10:56:37Z,bf7e2a70935af7de78mjqt,battery_state,middle
2026-09-14T10:56:37Z,bf7e2a70935af7de78mjqt,va_humidity,54
2026-09-14T11:00:00Z,zewnatrz,va_humidity,1
2026-09-14T11:00:00Z,zewnatrz,va_temperature,18.3
2026-09-14T11:30:49Z,bf5741c97c96fa85b1d7do,battery_state,middle
2026-09-14T11:30:49Z,bf5741c97c96fa85b1d7do,va_humidity,60
2026-09-14T11:30:49Z,bf5741c97c96fa85b1d7do,va_temperature,22.3
2026-09-14T11:47:24Z,bfd6f4f87fea9d866dvpve,battery_state,middle
2026-09-14T11:47:24Z,bfd6f4f87fea9d866dvpve,va_humidity,60
2026-09-14T11:47:24Z,bfd6f4f87fea9d866dvpve,va_temperature,22.3
2026-09-14T11:55:04Z,bf43cf664d6644420axva3,battery_state,middle
2026-09-14T11:55:04Z,bf43cf664d6644420axva3,va_humidity,56
2026-09-14T11:55:04Z,bf43cf664d6644420axva3,va_temperature,21.9
2026-09-14T11:56:13Z,bf7e2a70935af7de78mjqt,va_humidity,54
2026-09-14T11:56:13Z,bf7e2a70935af7de78mjqt,va_temperature,22.3
2026-09-14T11:56:14Z,bf7e2a70935af7de78mjqt,battery_state,middle
2026-09-14T12:00:00Z,zewnatrz,va_humidity,1
2026-09-14T12:00:00Z,zewnatrz,va_temperature,18.3
2026-09-14T12:26:18Z,bf43cf664d6644420axva3,va_humidity,56
2026-09-14T12:26:18Z,bf43cf664d6644420axva3,va_temperature,21.9
2026-09-14T12:26:19Z,bf43cf664d6644420axva3,battery_state,middle
2026-09-14T12:30:02Z,bf5741c97c96fa85b1d7do,battery_state,middle
2026-09-14T12:30:02Z,bf5741c97c96fa85b1d7do,va_humidity,60
2026-09-14T12:30:02Z,bf5741c97c96fa85b1d7do,va_temperature,22.3
2026-09-14T12:47:06Z,bfd6f4f87fea9d866dvpve,battery_state,middle
2026-09-14T12:47:06Z,bfd6f4f87fea9d866dvpve,va_humidity,60
2026-09-14T12:47:06Z,bfd6f4f87fea9d866dvpve,va_temperature,22.3
2026-09-14T12:54:31Z,bf43cf664d6644420axva3,battery_state,middle
2026-09-14T12:54:31Z,bf43cf664d6644420axva3,va_humidity,56
2026-09-14T12:54:31Z,bf43cf664d6644420axva3,va_temperature,21.9
2026-09-14T12:55:50Z,bf7e2a70935af7de78mjqt,va_temperature,22.3
2026-09-14T12:55:51Z,bf7e2a70935af7de78mjqt,battery_state,middle
2026-09-14T12:55:51Z,bf7e2a70935af7de78mjqt,va_humidity,54
2026-09-14T13:00:00Z,zewnatrz,va_humidity,1
2026-09-14T13:00:00Z,zewnatrz,va_temperature,18.5
2026-09-14T13:29:15Z,bf5741c97c96fa85b1d7do,battery_state,middle
2026-09-14T13:29:15Z,bf5741c97c96fa85b1d7do,va_humidity,61
2026-09-14T13:29:15Z,bf5741c97c96fa85b1d7do,va_temperature,22.3
2026-09-14T13:46:48Z,bfd6f4f87fea9d866dvpve,battery_state,middle
2026-09-14T13:46:48Z,bfd6f4f87fea9d866dvpve,va_humidity,60
2026-09-14T13:46:48Z,bfd6f4f87fea9d866dvpve,va_temperature,22.3
2026-09-14T13:53:57Z,bf43cf664d6644420axva3,battery_state,middle
2026-09-14T13:53:57Z,bf43cf664d6644420axva3,va_humidity,56
2026-09-14T13:53:57Z,bf43cf664d6644420axva3,va_temperature,21.9
2026-09-14T13:55:27Z,bf7e2a70935af7de78mjqt,va_temperature,22.3
2026-09-14T13:55:28Z,bf7e2a70935af7de78mjqt,battery_state,middle
2026-09-14T13:55:28Z,bf7e2a70935af7de78mjqt,va_humidity,54
2026-09-14T14:00:00Z,zewnatrz,va_humidity,1
2026-09-14T14:00:00Z,zewnatrz,va_temperature,18.3
2026-09-14T14:28:28Z,bf5741c97c96fa85b1d7do,battery_state,middle
2026-09-14T14:28:28Z,bf5741c97c96fa85b1d7do,va_humidity,62
2026-09-14T14:28:28Z,bf5741c97c96fa85b1d7do,va_temperature,22.2
2026-09-14T14:46:30Z,bfd6f4f87fea9d866dvpve,battery_state,middle
2026-09-14T14:46:30Z,bfd6f4f87fea9d866dvpve,va_humidity,61
2026-09-14T14:46:30Z,bfd6f4f87fea9d866dvpve,va_temperature,22.3
2026-09-14T14:53:23Z,bf43cf664d6644420axva3,battery_state,middle
2026-09-14T14:53:23Z,bf43cf664d6644420axva3,va_humidity,56
2026-09-14T14:53:23Z,bf43cf664d6644420axva3,va_temperature,22
2026-09-14T14:55:05Z,bf7e2a70935af7de78mjqt,battery_state,middle
2026-09-14T14:55:05Z,bf7e2a70935af7de78mjqt,va_humidity,54
2026-09-14T14:55:05Z,bf7e2a70935af7de78mjqt,va_temperature,22.3
2026-09-14T15:00:00Z,zewnatrz,va_humidity,85
2026-09-14T15:00:00Z,zewnatrz,va_temperature,17.8
2026-09-14T15:27:41Z,bf5741c97c96fa85b1d7do,battery_state,middle
2026-09-14T15:27:41Z,bf5741c97c96fa85b1d7do,va_humidity,62
2026-09-14T15:27:41Z,bf5741c97c96fa85b1d7do,va_temperature,22.1
2026-09-14T15:46:13Z,bfd6f4f87fea9d866dvpve,battery_state,middle
2026-09-14T15:46:13Z,bfd6f4f87fea9d866dvpve,va_humidity,62
2026-09-14T15:46:13Z,bfd6f4f87fea9d866dvpve,va_temperature,22.3
2026-09-14T15:52:49Z,bf43cf664d6644420axva3,battery_state,middle
2026-09-14T15:52:49Z,bf43cf664d6644420axva3,va_humidity,56
2026-09-14T15:52:49Z,bf43cf664d6644420axva3,va_temperature,22
2026-09-14T15:54:41Z,bf7e2a70935af7de78mjqt,va_humidity,54
2026-09-14T15:54:41Z,bf7e2a70935af7de78mjqt,va_temperature,22.2
2026-09-14T15:54:42Z,bf7e2a70935af7de78mjqt,battery_state,middle
2026-09-14T16:00:00Z,zewnatrz,va_humidity,86
2026-09-14T16:00:00Z,zewnatrz,va_temperature,17.9
2026-09-14T16:26:54Z,bf5741c97c96fa85b1d7do,va_humidity,62
2026-09-14T16:26:54Z,bf5741c97c96fa85b1d7do,va_temperature,22.2
2026-09-14T16:26:55Z,bf5741c97c96fa85b1d7do,battery_state,middle
2026-09-14T16:45:56Z,bfd6f4f87fea9d866dvpve,battery_state,middle
2026-09-14T16:45:56Z,bfd6f4f87fea9d866dvpve,va_humidity,61
2026-09-14T16:45:56Z,bfd6f4f87fea9d866dvpve,va_temperature,22.3
2026-09-14T16:52:15Z,bf43cf664d6644420axva3,battery_state,middle
2026-09-14T16:52:15Z,bf43cf664d6644420axva3,va_humidity,57
2026-09-14T16:52:15Z,bf43cf664d6644420axva3,va_temperature,21.9
2026-09-14T16:54:18Z,bf7e2a70935af7de78mjqt,battery_state,middle
2026-09-14T16:54:18Z,bf7e2a70935af7de78mjqt,va_humidity,55
2026-09-14T16:54:18Z,bf7e2a70935af7de78mjqt,va_temperature,22.2
2026-09-14T17:00:00Z,zewnatrz,va_humidity,89
2026-09-14T17:00:00Z,zewnatrz,va_temperature,17.4
2026-09-14T17:26:08Z,bf5741c97c96fa85b1d7do,battery_state,middle
2026-09-14T17:26:08Z,bf5741c97c96fa85b1d7do,va_humidity,62
2026-09-14T17:26:08Z,bf5741c97c96fa85b1d7do,va_temperature,22.1
2026-09-14T17:45:39Z,bfd6f4f87fea9d866dvpve,battery_state,middle
2026-09-14T17:45:39Z,bfd6f4f87fea9d866dvpve,va_humidity,62
2026-09-14T17:45:39Z,bfd6f4f87fea9d866dvpve,va_temperature,22.3
2026-09-14T17:51:41Z,bf43cf664d6644420axva3,battery_state,middle
2026-09-14T17:51:41Z,bf43cf664d6644420axva3,va_humidity,57
2026-09-14T17:51:41Z,bf43cf664d6644420axva3,va_temperature,21.9
2026-09-14T17:53:54Z,bf7e2a70935af7de78mjqt,battery_state,middle
2026-09-14T17:53:54Z,bf7e2a70935af7de78mjqt,va_humidity,55
2026-09-14T17:53:54Z,bf7e2a70935af7de78mjqt,va_temperature,22.2
2026-09-14T18:00:00Z,zewnatrz,va_humidity,90
2026-09-14T18:00:00Z,zewnatrz,va_temperature,17.1
2026-09-14T18:25:21Z,bf5741c97c96fa85b1d7do,battery_state,middle
2026-09-14T18:25:21Z,bf5741c97c96fa85b1d7do,va_humidity,62
2026-09-14T18:25:21Z,bf5741c97c96fa85b1d7do,va_temperature,22
2026-09-14T18:45:21Z,bfd6f4f87fea9d866dvpve,battery_state,middle
2026-09-14T18:45:21Z,bfd6f4f87fea9d866dvpve,va_humidity,61
2026-09-14T18:45:21Z,bfd6f4f87fea9d866dvpve,va_temperature,22.3
2026-09-14T18:51:07Z,bf43cf664d6644420axva3,battery_state,middle
2026-09-14T18:51:07Z,bf43cf664d6644420axva3,va_humidity,57
2026-09-14T18:51:07Z,bf43cf664d6644420axva3,va_temperature,21.9
2026-09-14T18:53:31Z,bf7e2a70935af7de78mjqt,battery_state,middle
2026-09-14T18:53:31Z,bf7e2a70935af7de78mjqt,va_humidity,55
2026-09-14T18:53:31Z,bf7e2a70935af7de78mjqt,va_temperature,22.2
2026-09-14T19:00:00Z,zewnatrz,va_humidity,91
2026-09-14T19:00:00Z,zewnatrz,va_temperature,17.1
2026-09-14T19:24:34Z,bf5741c97c96fa85b1d7do,battery_state,middle
2026-09-14T19:24:34Z,bf5741c97c96fa85b1d7do,va_humidity,62
2026-09-14T19:24:34Z,bf5741c97c96fa85b1d7do,va_temperature,22
2026-09-14T19:45:03Z,bfd6f4f87fea9d866dvpve,battery_state,middle
2026-09-14T19:45:03Z,bfd6f4f87fea9d866dvpve,va_humidity,61
2026-09-14T19:45:03Z,bfd6f4f87fea9d866dvpve,va_temperature,22.2
2026-09-14T19:50:33Z,bf43cf664d6644420axva3,battery_state,middle
2026-09-14T19:50:33Z,bf43cf664d6644420axva3,va_humidity,57
2026-09-14T19:50:33Z,bf43cf664d6644420axva3,va_temperature,21.9
2026-09-14T19:53:08Z,bf7e2a70935af7de78mjqt,battery_state,middle
2026-09-14T19:53:08Z,bf7e2a70935af7de78mjqt,va_humidity,55
2026-09-14T19:53:08Z,bf7e2a70935af7de78mjqt,va_temperature,22.1
2026-09-14T20:00:00Z,zewnatrz,va_humidity,90
2026-09-14T20:00:00Z,zewnatrz,va_temperature,16.8
2026-09-14T20:23:47Z,bf5741c97c96fa85b1d7do,battery_state,middle
2026-09-14T20:23:47Z,bf5741c97c96fa85b1d7do,va_humidity,62
2026-09-14T20:23:47Z,bf5741c97c96fa85b1d7do,va_temperature,21.9
2026-09-14T20:44:46Z,bfd6f4f87fea9d866dvpve,battery_state,middle
2026-09-14T20:44:46Z,bfd6f4f87fea9d866dvpve,va_humidity,62
2026-09-14T20:44:46Z,bfd6f4f87fea9d866dvpve,va_temperature,22.2
2026-09-14T20:49:59Z,bf43cf664d6644420axva3,battery_state,middle
2026-09-14T20:49:59Z,bf43cf664d6644420axva3,va_humidity,57
2026-09-14T20:49:59Z,bf43cf664d6644420axva3,va_temperature,21.8
2026-09-14T20:52:44Z,bf7e2a70935af7de78mjqt,battery_state,middle
2026-09-14T20:52:44Z,bf7e2a70935af7de78mjqt,va_humidity,55
2026-09-14T20:52:44Z,bf7e2a70935af7de78mjqt,va_temperature,22.1
2026-09-14T21:00:00Z,zewnatrz,va_humidity,91
2026-09-14T21:00:00Z,zewnatrz,va_temperature,16.6
2026-09-14T21:23:00Z,bf5741c97c96fa85b1d7do,va_temperature,21.8
2026-09-14T21:23:01Z,bf5741c97c96fa85b1d7do,battery_state,middle
2026-09-14T21:23:01Z,bf5741c97c96fa85b1d7do,va_humidity,63
2026-09-14T21:44:28Z,bfd6f4f87fea9d866dvpve,battery_state,middle
2026-09-14T21:44:28Z,bfd6f4f87fea9d866dvpve,va_humidity,61
2026-09-14T21:44:28Z,bfd6f4f87fea9d866dvpve,va_temperature,22.2
2026-09-14T21:49:25Z,bf43cf664d6644420axva3,va_temperature,21.8
2026-09-14T21:49:26Z,bf43cf664d6644420axva3,battery_state,middle
2026-09-14T21:49:26Z,bf43cf664d6644420axva3,va_humidity,57
2026-09-14T21:52:20Z,bf7e2a70935af7de78mjqt,battery_state,middle
2026-09-14T21:52:20Z,bf7e2a70935af7de78mjqt,va_humidity,55
2026-09-14T21:52:20Z,bf7e2a70935af7de78mjqt,va_temperature,22.1
2026-09-14T22:00:00Z,zewnatrz,va_humidity,90
2026-09-14T22:00:00Z,zewnatrz,va_temperature,16.3
2026-09-14T22:22:13Z,bf5741c97c96fa85b1d7do,va_temperature,21.8
2026-09-14T22:22:14Z,bf5741c97c96fa85b1d7do,battery_state,middle
2026-09-14T22:22:14Z,bf5741c97c96fa85b1d7do,va_humidity,62
2026-09-14T22:44:10Z,bfd6f4f87fea9d866dvpve,va_temperature,22.2
2026-09-14T22:44:11Z,bfd6f4f87fea9d866dvpve,battery_state,middle
2026-09-14T22:44:11Z,bfd6f4f87fea9d866dvpve,va_humidity,61
2026-09-14T22:48:52Z,bf43cf664d6644420axva3,battery_state,middle
2026-09-14T22:48:52Z,bf43cf664d6644420axva3,va_humidity,57
2026-09-14T22:48:52Z,bf43cf664d6644420axva3,va_temperature,21.8
2026-09-14T22:51:57Z,bf7e2a70935af7de78mjqt,battery_state,middle
2026-09-14T22:51:57Z,bf7e2a70935af7de78mjqt,va_humidity,55
2026-09-14T22:51:57Z,bf7e2a70935af7de78mjqt,va_temperature,22
2026-09-14T23:00:00Z,zewnatrz,va_humidity,90
2026-09-14T23:00:00Z,zewnatrz,va_temperature,16.1
2026-09-14T23:21:27Z,bf5741c97c96fa85b1d7do,battery_state,middle
2026-09-14T23:21:27Z,bf5741c97c96fa85b1d7do,va_humidity,62
2026-09-14T23:21:27Z,bf5741c97c96fa85b1d7do,va_temperature,21.7
2026-09-14T23:43:53Z,bfd6f4f87fea9d866dvpve,battery_state,middle
2026-09-14T23:43:53Z,bfd6f4f87fea9d866dvpve,va_humidity,61
2026-09-14T23:43:53Z,bfd6f4f87fea9d866dvpve,va_temperature,22.1
2026-09-14T23:48:19Z,bf43cf664d6644420axva3,battery_state,middle
2026-09-14T23:48:19Z,bf43cf664d6644420axva3,va_humidity,57
2026-09-14T23:48:19Z,bf43cf664d6644420axva3,va_temperature,21.8
2026-09-14T23:51:33Z,bf7e2a70935af7de78mjqt,battery_state,middle
2026-09-14T23:51:33Z,bf7e2a70935af7de78mjqt,va_humidity,55
2026-09-14T23:51:33Z,bf7e2a70935af7de78mjqt,va_temperature,22
2026-09-15T00:00:00Z,zewnatrz,va_humidity,91
2026-09-15T00:00:00Z,zewnatrz,va_temperature,15.6
2026-09-15T00:20:39Z,bf5741c97c96fa85b1d7do,battery_state,middle
2026-09-15T00:20:39Z,bf5741c97c96fa85b1d7do,va_humidity,62
2026-09-15T00:20:39Z,bf5741c97c96fa85b1d7do,va_temperature,21.7
2026-09-15T00:43:35Z,bfd6f4f87fea9d866dvpve,va_humidity,61
2026-09-15T00:43:35Z,bfd6f4f87fea9d866dvpve,va_temperature,22.1
2026-09-15T00:43:36Z,bfd6f4f87fea9d866dvpve,battery_state,middle
2026-09-15T00:47:45Z,bf43cf664d6644420axva3,va_temperature,21.7
2026-09-15T00:47:46Z,bf43cf664d6644420axva3,battery_state,middle
2026-09-15T00:47:46Z,bf43cf664d6644420axva3,va_humidity,57
2026-09-15T00:51:10Z,bf7e2a70935af7de78mjqt,battery_state,middle
2026-09-15T00:51:10Z,bf7e2a70935af7de78mjqt,va_humidity,55
2026-09-15T00:51:10Z,bf7e2a70935af7de78mjqt,va_temperature,22
2026-09-15T01:00:00Z,zewnatrz,va_humidity,93
2026-09-15T01:00:00Z,zewnatrz,va_temperature,15.1
2026-09-15T01:19:52Z,bf5741c97c96fa85b1d7do,battery_state,middle
2026-09-15T01:19:52Z,bf5741c97c96fa85b1d7do,va_humidity,63
2026-09-15T01:19:52Z,bf5741c97c96fa85b1d7do,va_temperature,21.7
2026-09-15T01:43:17Z,bfd6f4f87fea9d866dvpve,battery_state,middle
2026-09-15T01:43:17Z,bfd6f4f87fea9d866dvpve,va_humidity,62
2026-09-15T01:43:17Z,bfd6f4f87fea9d866dvpve,va_temperature,22.1
2026-09-15T01:47:12Z,bf43cf664d6644420axva3,va_humidity,57
2026-09-15T01:47:12Z,bf43cf664d6644420axva3,va_temperature,21.7
2026-09-15T01:47:13Z,bf43cf664d6644420axva3,battery_state,middle
2026-09-15T01:50:47Z,bf7e2a70935af7de78mjqt,battery_state,middle
2026-09-15T01:50:47Z,bf7e2a70935af7de78mjqt,va_humidity,55
2026-09-15T01:50:47Z,bf7e2a70935af7de78mjqt,va_temperature,22
2026-09-15T02:00:00Z,zewnatrz,va_humidity,93
2026-09-15T02:00:00Z,zewnatrz,va_temperature,14.9
2026-09-15T02:19:06Z,bf5741c97c96fa85b1d7do,battery_state,middle
2026-09-15T02:19:06Z,bf5741c97c96fa85b1d7do,va_humidity,63
2026-09-15T02:19:06Z,bf5741c97c96fa85b1d7do,va_temperature,21.7
2026-09-15T02:42:59Z,bfd6f4f87fea9d866dvpve,battery_state,middle
2026-09-15T02:42:59Z,bfd6f4f87fea9d866dvpve,va_humidity,62
2026-09-15T02:42:59Z,bfd6f4f87fea9d866dvpve,va_temperature,22.1
2026-09-15T02:46:39Z,bf43cf664d6644420axva3,battery_state,middle
2026-09-15T02:46:39Z,bf43cf664d6644420axva3,va_humidity,57
2026-09-15T02:46:39Z,bf43cf664d6644420axva3,va_temperature,21.7
2026-09-15T02:50:23Z,bf7e2a70935af7de78mjqt,battery_state,middle
2026-09-15T02:50:23Z,bf7e2a70935af7de78mjqt,va_humidity,55
2026-09-15T02:50:23Z,bf7e2a70935af7de78mjqt,va_temperature,21.9
2026-09-15T03:00:00Z,zewnatrz,va_humidity,95
2026-09-15T03:00:00Z,zewnatrz,va_temperature,14.3
2026-09-15T03:18:19Z,bf5741c97c96fa85b1d7do,battery_state,middle
2026-09-15T03:18:19Z,bf5741c97c96fa85b1d7do,va_humidity,63
2026-09-15T03:18:19Z,bf5741c97c96fa85b1d7do,va_temperature,21.7
2026-09-15T03:42:40Z,bfd6f4f87fea9d866dvpve,va_temperature,22.1
2026-09-15T03:42:41Z,bfd6f4f87fea9d866dvpve,battery_state,middle
2026-09-15T03:42:41Z,bfd6f4f87fea9d866dvpve,va_humidity,62
2026-09-15T03:46:06Z,bf43cf664d6644420axva3,battery_state,middle
2026-09-15T03:46:06Z,bf43cf664d6644420axva3,va_humidity,57
2026-09-15T03:46:06Z,bf43cf664d6644420axva3,va_temperature,21.7
2026-09-15T03:49:59Z,bf7e2a70935af7de78mjqt,va_temperature,21.9
2026-09-15T03:50:00Z,bf7e2a70935af7de78mjqt,battery_state,middle
2026-09-15T03:50:00Z,bf7e2a70935af7de78mjqt,va_humidity,55
2026-09-15T04:00:00Z,zewnatrz,va_humidity,88
2026-09-15T04:00:00Z,zewnatrz,va_temperature,14.2
2026-09-15T04:17:33Z,bf5741c97c96fa85b1d7do,battery_state,middle
2026-09-15T04:17:33Z,bf5741c97c96fa85b1d7do,va_humidity,63
2026-09-15T04:17:33Z,bf5741c97c96fa85b1d7do,va_temperature,21.7
2026-09-15T04:42:22Z,bfd6f4f87fea9d866dvpve,battery_state,middle
2026-09-15T04:42:22Z,bfd6f4f87fea9d866dvpve,va_humidity,62
2026-09-15T04:42:22Z,bfd6f4f87fea9d866dvpve,va_temperature,22
2026-09-15T04:45:33Z,bf43cf664d6644420axva3,battery_state,middle
2026-09-15T04:45:33Z,bf43cf664d6644420axva3,va_humidity,57
2026-09-15T04:45:33Z,bf43cf664d6644420axva3,va_temperature,21.7
2026-09-15T04:49:36Z,bf7e2a70935af7de78mjqt,battery_state,middle
2026-09-15T04:49:36Z,bf7e2a70935af7de78mjqt,va_humidity,55
2026-09-15T04:49:36Z,bf7e2a70935af7de78mjqt,va_temperature,21.9
2026-09-15T05:00:00Z,zewnatrz,va_humidity,87
2026-09-15T05:00:00Z,zewnatrz,va_temperature,14
2026-09-15T05:16:46Z,bf5741c97c96fa85b1d7do,va_humidity,63
2026-09-15T05:16:46Z,bf5741c97c96fa85b1d7do,va_temperature,21.6
2026-09-15T05:16:47Z,bf5741c97c96fa85b1d7do,battery_state,middle
2026-09-15T05:42:04Z,bfd6f4f87fea9d866dvpve,battery_state,middle
2026-09-15T05:42:04Z,bfd6f4f87fea9d866dvpve,va_humidity,62
2026-09-15T05:42:04Z,bfd6f4f87fea9d866dvpve,va_temperature,22
2026-09-15T05:45:00Z,bf43cf664d6644420axva3,battery_state,middle
2026-09-15T05:45:00Z,bf43cf664d6644420axva3,va_humidity,57
2026-09-15T05:45:00Z,bf43cf664d6644420axva3,va_temperature,21.6
2026-09-15T05:49:12Z,bf7e2a70935af7de78mjqt,va_temperature,21.9
2026-09-15T05:49:13Z,bf7e2a70935af7de78mjqt,battery_state,middle
2026-09-15T05:49:13Z,bf7e2a70935af7de78mjqt,va_humidity,55
2026-09-15T06:00:00Z,zewnatrz,va_humidity,84
2026-09-15T06:00:00Z,zewnatrz,va_temperature,14.4
2026-09-15T06:15:59Z,bf5741c97c96fa85b1d7do,battery_state,middle
2026-09-15T06:15:59Z,bf5741c97c96fa85b1d7do,va_humidity,63
2026-09-15T06:15:59Z,bf5741c97c96fa85b1d7do,va_temperature,21.7
2026-09-15T06:41:45Z,bfd6f4f87fea9d866dvpve,va_humidity,62
2026-09-15T06:41:45Z,bfd6f4f87fea9d866dvpve,va_temperature,22
2026-09-15T06:41:46Z,bfd6f4f87fea9d866dvpve,battery_state,middle
2026-09-15T06:44:28Z,bf43cf664d6644420axva3,battery_state,middle
2026-09-15T06:44:28Z,bf43cf664d6644420axva3,va_humidity,58
2026-09-15T06:44:28Z,bf43cf664d6644420axva3,va_temperature,21.6
2026-09-15T06:48:49Z,bf7e2a70935af7de78mjqt,battery_state,middle
2026-09-15T06:48:49Z,bf7e2a70935af7de78mjqt,va_humidity,55
2026-09-15T06:48:49Z,bf7e2a70935af7de78mjqt,va_temperature,21.9
2026-09-15T07:00:00Z,zewnatrz,va_humidity,80
2026-09-15T07:00:00Z,zewnatrz,va_temperature,15.1
2026-09-15T07:15:12Z,bf5741c97c96fa85b1d7do,battery_state,middle
2026-09-15T07:15:12Z,bf5741c97c96fa85b1d7do,va_humidity,64
2026-09-15T07:15:12Z,bf5741c97c96fa85b1d7do,va_temperature,21.7
2026-09-15T07:41:27Z,bfd6f4f87fea9d866dvpve,battery_state,middle
2026-09-15T07:41:27Z,bfd6f4f87fea9d866dvpve,va_humidity,62
2026-09-15T07:41:27Z,bfd6f4f87fea9d866dvpve,va_temperature,22
2026-09-15T07:43:55Z,bf43cf664d6644420axva3,battery_state,middle
2026-09-15T07:43:55Z,bf43cf664d6644420axva3,va_humidity,58
2026-09-15T07:43:55Z,bf43cf664d6644420axva3,va_temperature,21.7
2026-09-15T07:48:26Z,bf7e2a70935af7de78mjqt,battery_state,middle
2026-09-15T07:48:26Z,bf7e2a70935af7de78mjqt,va_humidity,56
2026-09-15T07:48:26Z,bf7e2a70935af7de78mjqt,va_temperature,21.9
2026-09-15T08:00:00Z,zewnatrz,va_humidity,72
2026-09-15T08:00:00Z,zewnatrz,va_temperature,16.5
2026-09-15T08:14:26Z,bf5741c97c96fa85b1d7do,battery_state,middle
2026-09-15T08:14:26Z,bf5741c97c96fa85b1d7do,va_humidity,63
2026-09-15T08:14:26Z,bf5741c97c96fa85b1d7do,va_temperature,21.8
2026-09-15T08:41:09Z,bfd6f4f87fea9d866dvpve,battery_state,middle
2026-09-15T08:41:09Z,bfd6f4f87fea9d866dvpve,va_humidity,62
2026-09-15T08:41:09Z,bfd6f4f87fea9d866dvpve,va_temperature,22
2026-09-15T08:43:21Z,bf43cf664d6644420axva3,battery_state,middle
2026-09-15T08:43:21Z,bf43cf664d6644420axva3,va_humidity,58
2026-09-15T08:43:21Z,bf43cf664d6644420axva3,va_temperature,21.7
2026-09-15T08:48:02Z,bf7e2a70935af7de78mjqt,va_humidity,56
2026-09-15T08:48:02Z,bf7e2a70935af7de78mjqt,va_temperature,22
2026-09-15T08:48:03Z,bf7e2a70935af7de78mjqt,battery_state,middle
2026-09-15T09:00:00Z,zewnatrz,va_humidity,66
2026-09-15T09:00:00Z,zewnatrz,va_temperature,17.5
2026-09-15T09:13:39Z,bf5741c97c96fa85b1d7do,va_humidity,63
2026-09-15T09:13:39Z,bf5741c97c96fa85b1d7do,va_temperature,21.9
2026-09-15T09:13:40Z,bf5741c97c96fa85b1d7do,battery_state,middle
2026-09-15T09:40:50Z,bfd6f4f87fea9d866dvpve,battery_state,middle
2026-09-15T09:40:50Z,bfd6f4f87fea9d866dvpve,va_humidity,62
2026-09-15T09:40:50Z,bfd6f4f87fea9d866dvpve,va_temperature,22.1
2026-09-15T09:42:48Z,bf43cf664d6644420axva3,battery_state,middle
2026-09-15T09:42:48Z,bf43cf664d6644420axva3,va_humidity,58
2026-09-15T09:42:48Z,bf43cf664d6644420axva3,va_temperature,21.7
2026-09-15T09:47:39Z,bf7e2a70935af7de78mjqt,battery_state,middle
2026-09-15T09:47:39Z,bf7e2a70935af7de78mjqt,va_humidity,57
2026-09-15T09:47:39Z,bf7e2a70935af7de78mjqt,va_temperature,22.2
2026-09-15T10:00:00Z,zewnatrz,va_humidity,59
2026-09-15T10:00:00Z,zewnatrz,va_temperature,18.6
2026-09-15T10:12:52Z,bf5741c97c96fa85b1d7do,va_temperature,22
2026-09-15T10:12:53Z,bf5741c97c96fa85b1d7do,battery_state,middle
2026-09-15T10:12:53Z,bf5741c97c96fa85b1d7do,va_humidity,62
2026-09-15T10:40:31Z,bfd6f4f87fea9d866dvpve,battery_state,middle
2026-09-15T10:40:31Z,bfd6f4f87fea9d866dvpve,va_humidity,62
2026-09-15T10:40:31Z,bfd6f4f87fea9d866dvpve,va_temperature,22.1
2026-09-15T10:42:14Z,bf43cf664d6644420axva3,battery_state,middle
2026-09-15T10:42:14Z,bf43cf664d6644420axva3,va_humidity,58
2026-09-15T10:42:14Z,bf43cf664d6644420axva3,va_temperature,21.8
2026-09-15T10:47:15Z,bf7e2a70935af7de78mjqt,battery_state,middle
2026-09-15T10:47:15Z,bf7e2a70935af7de78mjqt,va_humidity,56
2026-09-15T10:47:15Z,bf7e2a70935af7de78mjqt,va_temperature,22.3
2026-09-15T11:00:00Z,zewnatrz,va_humidity,51
2026-09-15T11:00:00Z,zewnatrz,va_temperature,19.6
2026-09-15T11:12:06Z,bf5741c97c96fa85b1d7do,battery_state,middle
2026-09-15T11:12:06Z,bf5741c97c96fa85b1d7do,va_humidity,62
2026-09-15T11:12:06Z,bf5741c97c96fa85b1d7do,va_temperature,22
2026-09-15T11:40:12Z,bfd6f4f87fea9d866dvpve,va_humidity,62
2026-09-15T11:40:12Z,bfd6f4f87fea9d866dvpve,va_temperature,22.1
2026-09-15T11:40:13Z,bfd6f4f87fea9d866dvpve,battery_state,middle
2026-09-15T11:41:41Z,bf43cf664d6644420axva3,battery_state,middle
2026-09-15T11:41:41Z,bf43cf664d6644420axva3,va_humidity,58
2026-09-15T11:41:41Z,bf43cf664d6644420axva3,va_temperature,21.8
2026-09-15T11:46:51Z,bf7e2a70935af7de78mjqt,battery_state,middle
2026-09-15T11:46:51Z,bf7e2a70935af7de78mjqt,va_humidity,56
2026-09-15T11:46:51Z,bf7e2a70935af7de78mjqt,va_temperature,22.5
2026-09-15T12:00:00Z,zewnatrz,va_humidity,44
2026-09-15T12:00:00Z,zewnatrz,va_temperature,20.5
2026-09-15T12:11:19Z,bf5741c97c96fa85b1d7do,battery_state,middle
2026-09-15T12:11:19Z,bf5741c97c96fa85b1d7do,va_humidity,62
2026-09-15T12:11:19Z,bf5741c97c96fa85b1d7do,va_temperature,22.2
2026-09-15T12:39:54Z,bfd6f4f87fea9d866dvpve,battery_state,middle
2026-09-15T12:39:54Z,bfd6f4f87fea9d866dvpve,va_humidity,62
2026-09-15T12:39:54Z,bfd6f4f87fea9d866dvpve,va_temperature,22.2
2026-09-15T12:41:06Z,bf43cf664d6644420axva3,va_humidity,58
2026-09-15T12:41:06Z,bf43cf664d6644420axva3,va_temperature,21.8
2026-09-15T12:41:07Z,bf43cf664d6644420axva3,battery_state,middle
2026-09-15T12:46:27Z,bf7e2a70935af7de78mjqt,battery_state,middle
2026-09-15T12:46:27Z,bf7e2a70935af7de78mjqt,va_humidity,56
2026-09-15T12:46:27Z,bf7e2a70935af7de78mjqt,va_temperature,22.6
2026-09-15T13:00:00Z,zewnatrz,va_humidity,41
2026-09-15T13:00:00Z,zewnatrz,va_temperature,21
2026-09-15T13:10:32Z,bf5741c97c96fa85b1d7do,battery_state,middle
2026-09-15T13:10:32Z,bf5741c97c96fa85b1d7do,va_humidity,61
2026-09-15T13:10:32Z,bf5741c97c96fa85b1d7do,va_temperature,22.1
2026-09-15T13:39:35Z,bfd6f4f87fea9d866dvpve,va_humidity,61
2026-09-15T13:39:35Z,bfd6f4f87fea9d866dvpve,va_temperature,22.2
2026-09-15T13:39:36Z,bfd6f4f87fea9d866dvpve,battery_state,middle
2026-09-15T13:40:33Z,bf43cf664d6644420axva3,battery_state,middle
2026-09-15T13:40:33Z,bf43cf664d6644420axva3,va_humidity,57
2026-09-15T13:40:33Z,bf43cf664d6644420axva3,va_temperature,21.8
2026-09-15T13:46:03Z,bf7e2a70935af7de78mjqt,va_humidity,56
2026-09-15T13:46:03Z,bf7e2a70935af7de78mjqt,va_temperature,22.6
2026-09-15T13:46:04Z,bf7e2a70935af7de78mjqt,battery_state,middle
2026-09-15T14:00:00Z,zewnatrz,va_humidity,40
2026-09-15T14:00:00Z,zewnatrz,va_temperature,21
2026-09-15T14:09:45Z,bf5741c97c96fa85b1d7do,va_humidity,61
2026-09-15T14:09:45Z,bf5741c97c96fa85b1d7do,va_temperature,22.1
2026-09-15T14:09:46Z,bf5741c97c96fa85b1d7do,battery_state,middle
2026-09-15T14:39:17Z,bfd6f4f87fea9d866dvpve,battery_state,middle
2026-09-15T14:39:17Z,bfd6f4f87fea9d866dvpve,va_humidity,61
2026-09-15T14:39:17Z,bfd6f4f87fea9d866dvpve,va_temperature,22.2
2026-09-15T14:40:00Z,bf43cf664d6644420axva3,battery_state,middle
2026-09-15T14:40:00Z,bf43cf664d6644420axva3,va_humidity,57
2026-09-15T14:40:00Z,bf43cf664d6644420axva3,va_temperature,21.9
2026-09-15T14:45:40Z,bf7e2a70935af7de78mjqt,battery_state,middle
2026-09-15T14:45:40Z,bf7e2a70935af7de78mjqt,va_humidity,56
2026-09-15T14:45:40Z,bf7e2a70935af7de78mjqt,va_temperature,22.6
2026-09-15T15:00:00Z,zewnatrz,va_humidity,42
2026-09-15T15:00:00Z,zewnatrz,va_temperature,21
2026-09-15T15:08:58Z,bf5741c97c96fa85b1d7do,va_temperature,22.2
2026-09-15T15:08:59Z,bf5741c97c96fa85b1d7do,battery_state,middle
2026-09-15T15:08:59Z,bf5741c97c96fa85b1d7do,va_humidity,60
2026-09-15T15:38:58Z,bfd6f4f87fea9d866dvpve,battery_state,middle
2026-09-15T15:38:58Z,bfd6f4f87fea9d866dvpve,va_humidity,61
2026-09-15T15:38:58Z,bfd6f4f87fea9d866dvpve,va_temperature,22.2
2026-09-15T15:39:26Z,bf43cf664d6644420axva3,va_temperature,21.8
2026-09-15T15:39:27Z,bf43cf664d6644420axva3,battery_state,middle
2026-09-15T15:39:27Z,bf43cf664d6644420axva3,va_humidity,57
2026-09-15T15:45:15Z,bf7e2a70935af7de78mjqt,va_temperature,22.6
2026-09-15T15:45:16Z,bf7e2a70935af7de78mjqt,battery_state,middle
2026-09-15T15:45:16Z,bf7e2a70935af7de78mjqt,va_humidity,56
2026-09-15T16:00:00Z,zewnatrz,va_humidity,43
2026-09-15T16:00:00Z,zewnatrz,va_temperature,20.7
2026-09-15T16:08:11Z,bf5741c97c96fa85b1d7do,va_humidity,60
2026-09-15T16:08:11Z,bf5741c97c96fa85b1d7do,va_temperature,22.1
2026-09-15T16:08:12Z,bf5741c97c96fa85b1d7do,battery_state,middle
2026-09-15T16:38:39Z,bfd6f4f87fea9d866dvpve,va_temperature,22.2
2026-09-15T16:38:40Z,bfd6f4f87fea9d866dvpve,battery_state,middle
2026-09-15T16:38:40Z,bfd6f4f87fea9d866dvpve,va_humidity,60
2026-09-15T16:38:53Z,bf43cf664d6644420axva3,battery_state,middle
2026-09-15T16:38:53Z,bf43cf664d6644420axva3,va_humidity,57
2026-09-15T16:38:53Z,bf43cf664d6644420axva3,va_temperature,21.8
2026-09-15T16:44:51Z,bf7e2a70935af7de78mjqt,va_humidity,56
2026-09-15T16:44:51Z,bf7e2a70935af7de78mjqt,va_temperature,22.5
2026-09-15T16:44:52Z,bf7e2a70935af7de78mjqt,battery_state,middle
2026-09-15T17:00:00Z,zewnatrz,va_humidity,45
2026-09-15T17:00:00Z,zewnatrz,va_temperature,19.8
2026-09-15T17:07:24Z,bf5741c97c96fa85b1d7do,va_temperature,22
2026-09-15T17:07:25Z,bf5741c97c96fa85b1d7do,battery_state,middle
2026-09-15T17:07:25Z,bf5741c97c96fa85b1d7do,va_humidity,60
2026-09-15T17:38:19Z,bf43cf664d6644420axva3,va_humidity,57
2026-09-15T17:38:19Z,bf43cf664d6644420axva3,va_temperature,21.8
2026-09-15T17:38:20Z,bf43cf664d6644420axva3,battery_state,middle
2026-09-15T17:38:21Z,bfd6f4f87fea9d866dvpve,battery_state,middle
2026-09-15T17:38:21Z,bfd6f4f87fea9d866dvpve,va_humidity,60
2026-09-15T17:38:21Z,bfd6f4f87fea9d866dvpve,va_temperature,22.2
2026-09-15T17:44:27Z,bf7e2a70935af7de78mjqt,va_humidity,55
2026-09-15T17:44:27Z,bf7e2a70935af7de78mjqt,va_temperature,22.4
2026-09-15T17:44:28Z,bf7e2a70935af7de78mjqt,battery_state,middle
2026-09-15T18:00:00Z,zewnatrz,va_humidity,46
2026-09-15T18:00:00Z,zewnatrz,va_temperature,19.3
2026-09-15T18:06:37Z,bf5741c97c96fa85b1d7do,va_humidity,60
2026-09-15T18:06:37Z,bf5741c97c96fa85b1d7do,va_temperature,22
2026-09-15T18:06:38Z,bf5741c97c96fa85b1d7do,battery_state,middle
2026-09-15T18:37:46Z,bf43cf664d6644420axva3,battery_state,middle
2026-09-15T18:37:46Z,bf43cf664d6644420axva3,va_humidity,57
2026-09-15T18:37:46Z,bf43cf664d6644420axva3,va_temperature,21.8
2026-09-15T18:38:02Z,bfd6f4f87fea9d866dvpve,battery_state,middle
2026-09-15T18:38:02Z,bfd6f4f87fea9d866dvpve,va_humidity,60
2026-09-15T18:38:02Z,bfd6f4f87fea9d866dvpve,va_temperature,22.2
2026-09-15T18:44:03Z,bf7e2a70935af7de78mjqt,battery_state,middle
2026-09-15T18:44:03Z,bf7e2a70935af7de78mjqt,va_humidity,55
2026-09-15T18:44:03Z,bf7e2a70935af7de78mjqt,va_temperature,22.3
2026-09-15T19:00:00Z,zewnatrz,va_humidity,49
2026-09-15T19:00:00Z,zewnatrz,va_temperature,18.3
2026-09-15T19:05:50Z,bf5741c97c96fa85b1d7do,va_temperature,21.9
2026-09-15T19:05:51Z,bf5741c97c96fa85b1d7do,battery_state,middle
2026-09-15T19:05:51Z,bf5741c97c96fa85b1d7do,va_humidity,60
2026-09-15T19:37:13Z,bf43cf664d6644420axva3,va_temperature,21.8
2026-09-15T19:37:14Z,bf43cf664d6644420axva3,battery_state,middle
2026-09-15T19:37:14Z,bf43cf664d6644420axva3,va_humidity,57
2026-09-15T19:37:44Z,bfd6f4f87fea9d866dvpve,battery_state,middle
2026-09-15T19:37:44Z,bfd6f4f87fea9d866dvpve,va_humidity,60
2026-09-15T19:37:44Z,bfd6f4f87fea9d866dvpve,va_temperature,22.1
2026-09-15T19:43:39Z,bf7e2a70935af7de78mjqt,battery_state,middle
2026-09-15T19:43:39Z,bf7e2a70935af7de78mjqt,va_humidity,55
2026-09-15T19:43:39Z,bf7e2a70935af7de78mjqt,va_temperature,22.3
2026-09-15T20:00:00Z,zewnatrz,va_humidity,49
2026-09-15T20:00:00Z,zewnatrz,va_temperature,17.4
2026-09-15T20:05:03Z,bf5741c97c96fa85b1d7do,va_humidity,60
2026-09-15T20:05:03Z,bf5741c97c96fa85b1d7do,va_temperature,21.8
2026-09-15T20:05:04Z,bf5741c97c96fa85b1d7do,battery_state,middle
2026-09-15T20:36:40Z,bf43cf664d6644420axva3,va_humidity,57
2026-09-15T20:36:40Z,bf43cf664d6644420axva3,va_temperature,21.7
2026-09-15T20:36:41Z,bf43cf664d6644420axva3,battery_state,middle
2026-09-15T20:43:15Z,bf7e2a70935af7de78mjqt,battery_state,middle
2026-09-15T20:43:15Z,bf7e2a70935af7de78mjqt,va_humidity,55
2026-09-15T20:43:15Z,bf7e2a70935af7de78mjqt,va_temperature,22.2
2026-09-15T21:00:00Z,zewnatrz,va_humidity,52
2026-09-15T21:00:00Z,zewnatrz,va_temperature,16.6
2026-09-15T21:04:16Z,bf5741c97c96fa85b1d7do,va_temperature,21.8
2026-09-15T21:04:17Z,bf5741c97c96fa85b1d7do,battery_state,middle
2026-09-15T21:04:17Z,bf5741c97c96fa85b1d7do,va_humidity,60
2026-09-15T21:36:07Z,bf43cf664d6644420axva3,battery_state,middle
2026-09-15T21:36:07Z,bf43cf664d6644420axva3,va_humidity,57
2026-09-15T21:36:07Z,bf43cf664d6644420axva3,va_temperature,21.7
2026-09-15T21:37:15Z,bfd6f4f87fea9d866dvpve,va_humidity,59
2026-09-15T21:37:15Z,bfd6f4f87fea9d866dvpve,va_temperature,22.1
2026-09-15T21:37:16Z,bfd6f4f87fea9d866dvpve,battery_state,middle
2026-09-15T21:42:50Z,bf7e2a70935af7de78mjqt,va_temperature,22.2
2026-09-15T21:42:51Z,bf7e2a70935af7de78mjqt,battery_state,middle
2026-09-15T21:42:51Z,bf7e2a70935af7de78mjqt,va_humidity,55
2026-09-15T22:00:00Z,zewnatrz,va_humidity,65
2026-09-15T22:00:00Z,zewnatrz,va_temperature,15.6
2026-09-15T22:03:29Z,bf5741c97c96fa85b1d7do,va_humidity,60
2026-09-15T22:03:29Z,bf5741c97c96fa85b1d7do,va_temperature,21.7
2026-09-15T22:03:30Z,bf5741c97c96fa85b1d7do,battery_state,middle
2026-09-15T22:35:33Z,bf43cf664d6644420axva3,battery_state,middle
2026-09-15T22:35:33Z,bf43cf664d6644420axva3,va_humidity,57
2026-09-15T22:35:33Z,bf43cf664d6644420axva3,va_temperature,21.7
2026-09-15T22:36:57Z,bfd6f4f87fea9d866dvpve,va_temperature,22.1
2026-09-15T22:36:58Z,bfd6f4f87fea9d866dvpve,battery_state,middle
2026-09-15T22:36:58Z,bfd6f4f87fea9d866dvpve,va_humidity,60
2026-09-15T22:42:26Z,bf7e2a70935af7de78mjqt,battery_state,middle
2026-09-15T22:42:26Z,bf7e2a70935af7de78mjqt,va_humidity,55
2026-09-15T22:42:26Z,bf7e2a70935af7de78mjqt,va_temperature,22.1
2026-09-15T23:00:00Z,zewnatrz,va_humidity,70
2026-09-15T23:00:00Z,zewnatrz,va_temperature,15
2026-09-15T23:02:43Z,bf5741c97c96fa85b1d7do,battery_state,middle
2026-09-15T23:02:43Z,bf5741c97c96fa85b1d7do,va_humidity,60
2026-09-15T23:02:43Z,bf5741c97c96fa85b1d7do,va_temperature,21.7
2026-09-15T23:34:59Z,bf43cf664d6644420axva3,va_temperature,21.6
2026-09-15T23:35:00Z,bf43cf664d6644420axva3,battery_state,middle
2026-09-15T23:35:00Z,bf43cf664d6644420axva3,va_humidity,57
2026-09-15T23:36:40Z,bfd6f4f87fea9d866dvpve,battery_state,middle
2026-09-15T23:36:40Z,bfd6f4f87fea9d866dvpve,va_humidity,60
2026-09-15T23:36:40Z,bfd6f4f87fea9d866dvpve,va_temperature,22.1
2026-09-15T23:42:02Z,bf7e2a70935af7de78mjqt,battery_state,middle
2026-09-15T23:42:02Z,bf7e2a70935af7de78mjqt,va_humidity,55
2026-09-15T23:42:02Z,bf7e2a70935af7de78mjqt,va_temperature,22.1
2026-09-16T00:00:00Z,zewnatrz,va_humidity,73
2026-09-16T00:00:00Z,zewnatrz,va_temperature,14.4
2026-09-16T00:01:55Z,bf5741c97c96fa85b1d7do,va_temperature,21.6
2026-09-16T00:01:56Z,bf5741c97c96fa85b1d7do,battery_state,middle
2026-09-16T00:01:56Z,bf5741c97c96fa85b1d7do,va_humidity,60
2026-09-16T00:34:26Z,bf43cf664d6644420axva3,battery_state,middle
2026-09-16T00:34:26Z,bf43cf664d6644420axva3,va_humidity,57
2026-09-16T00:34:26Z,bf43cf664d6644420axva3,va_temperature,21.6
2026-09-16T00:36:22Z,bfd6f4f87fea9d866dvpve,va_temperature,22
2026-09-16T00:36:23Z,bfd6f4f87fea9d866dvpve,battery_state,middle
2026-09-16T00:36:23Z,bfd6f4f87fea9d866dvpve,va_humidity,60
2026-09-16T00:41:38Z,bf7e2a70935af7de78mjqt,battery_state,middle
2026-09-16T00:41:38Z,bf7e2a70935af7de78mjqt,va_humidity,55
2026-09-16T00:41:38Z,bf7e2a70935af7de78mjqt,va_temperature,22
2026-09-16T01:00:00Z,zewnatrz,va_humidity,75
2026-09-16T01:00:00Z,zewnatrz,va_temperature,13.9
2026-09-16T01:01:09Z,bf5741c97c96fa85b1d7do,battery_state,middle
2026-09-16T01:01:09Z,bf5741c97c96fa85b1d7do,va_humidity,60
2026-09-16T01:01:09Z,bf5741c97c96fa85b1d7do,va_temperature,21.5
2026-09-16T01:33:53Z,bf43cf664d6644420axva3,battery_state,middle
2026-09-16T01:33:53Z,bf43cf664d6644420axva3,va_humidity,56
2026-09-16T01:33:53Z,bf43cf664d6644420axva3,va_temperature,21.6
2026-09-16T01:36:05Z,bfd6f4f87fea9d866dvpve,battery_state,middle
2026-09-16T01:36:05Z,bfd6f4f87fea9d866dvpve,va_humidity,60
2026-09-16T01:36:05Z,bfd6f4f87fea9d866dvpve,va_temperature,22
2026-09-16T01:41:14Z,bf7e2a70935af7de78mjqt,va_humidity,55
2026-09-16T01:41:14Z,bf7e2a70935af7de78mjqt,va_temperature,22
2026-09-16T01:41:15Z,bf7e2a70935af7de78mjqt,battery_state,middle
2026-09-16T02:00:00Z,zewnatrz,va_humidity,76
2026-09-16T02:00:00Z,zewnatrz,va_temperature,13.7
2026-09-16T02:00:23Z,bf5741c97c96fa85b1d7do,battery_state,middle
2026-09-16T02:00:23Z,bf5741c97c96fa85b1d7do,va_humidity,60
2026-09-16T02:00:23Z,bf5741c97c96fa85b1d7do,va_temperature,21.5
2026-09-16T02:33:19Z,bf43cf664d6644420axva3,va_humidity,56
2026-09-16T02:33:19Z,bf43cf664d6644420axva3,va_temperature,21.6
2026-09-16T02:33:20Z,bf43cf664d6644420axva3,battery_state,middle
2026-09-16T02:35:48Z,bfd6f4f87fea9d866dvpve,battery_state,middle
2026-09-16T02:35:48Z,bfd6f4f87fea9d866dvpve,va_humidity,60
2026-09-16T02:35:48Z,bfd6f4f87fea9d866dvpve,va_temperature,21.9
2026-09-16T02:40:50Z,bf7e2a70935af7de78mjqt,va_temperature,22
2026-09-16T02:40:51Z,bf7e2a70935af7de78mjqt,battery_state,middle
2026-09-16T02:40:51Z,bf7e2a70935af7de78mjqt,va_humidity,55
2026-09-16T02:59:37Z,bf5741c97c96fa85b1d7do,battery_state,middle
2026-09-16T02:59:37Z,bf5741c97c96fa85b1d7do,va_humidity,60
2026-09-16T02:59:37Z,bf5741c97c96fa85b1d7do,va_temperature,21.5
2026-09-16T03:00:00Z,zewnatrz,va_humidity,78
2026-09-16T03:00:00Z,zewnatrz,va_temperature,13.2
2026-09-16T03:32:46Z,bf43cf664d6644420axva3,battery_state,middle
2026-09-16T03:32:46Z,bf43cf664d6644420axva3,va_humidity,56
2026-09-16T03:32:46Z,bf43cf664d6644420axva3,va_temperature,21.5
2026-09-16T03:35:31Z,bfd6f4f87fea9d866dvpve,battery_state,middle
2026-09-16T03:35:31Z,bfd6f4f87fea9d866dvpve,va_humidity,59
2026-09-16T03:35:31Z,bfd6f4f87fea9d866dvpve,va_temperature,21.9
2026-09-16T03:40:26Z,bf7e2a70935af7de78mjqt,va_temperature,21.9
2026-09-16T03:40:27Z,bf7e2a70935af7de78mjqt,battery_state,middle
2026-09-16T03:40:27Z,bf7e2a70935af7de78mjqt,va_humidity,55
2026-09-16T03:58:51Z,bf5741c97c96fa85b1d7do,battery_state,middle
2026-09-16T03:58:51Z,bf5741c97c96fa85b1d7do,va_humidity,60
2026-09-16T03:58:51Z,bf5741c97c96fa85b1d7do,va_temperature,21.4
2026-09-16T04:00:00Z,zewnatrz,va_humidity,78
2026-09-16T04:00:00Z,zewnatrz,va_temperature,12.9
2026-09-16T04:32:12Z,bf43cf664d6644420axva3,va_temperature,21.5
2026-09-16T04:32:13Z,bf43cf664d6644420axva3,battery_state,middle
2026-09-16T04:32:13Z,bf43cf664d6644420axva3,va_humidity,56
2026-09-16T04:35:14Z,bfd6f4f87fea9d866dvpve,battery_state,middle
2026-09-16T04:35:14Z,bfd6f4f87fea9d866dvpve,va_humidity,59
2026-09-16T04:35:14Z,bfd6f4f87fea9d866dvpve,va_temperature,21.9
2026-09-16T04:40:03Z,bf7e2a70935af7de78mjqt,battery_state,middle
2026-09-16T04:40:03Z,bf7e2a70935af7de78mjqt,va_humidity,55
2026-09-16T04:40:03Z,bf7e2a70935af7de78mjqt,va_temperature,21.9
2026-09-16T04:58:05Z,bf5741c97c96fa85b1d7do,battery_state,middle
2026-09-16T04:58:05Z,bf5741c97c96fa85b1d7do,va_humidity,60
2026-09-16T04:58:05Z,bf5741c97c96fa85b1d7do,va_temperature,21.4
2026-09-16T05:00:00Z,zewnatrz,va_humidity,75
2026-09-16T05:00:00Z,zewnatrz,va_temperature,13.3
2026-09-16T05:31:39Z,bf43cf664d6644420axva3,va_humidity,56
2026-09-16T05:31:39Z,bf43cf664d6644420axva3,va_temperature,21.4
2026-09-16T05:31:40Z,bf43cf664d6644420axva3,battery_state,middle
2026-09-16T05:34:56Z,bfd6f4f87fea9d866dvpve,battery_state,middle
2026-09-16T05:34:56Z,bfd6f4f87fea9d866dvpve,va_humidity,59
2026-09-16T05:34:56Z,bfd6f4f87fea9d866dvpve,va_temperature,21.9
2026-09-16T05:39:39Z,bf7e2a70935af7de78mjqt,battery_state,middle
2026-09-16T05:39:39Z,bf7e2a70935af7de78mjqt,va_humidity,55
2026-09-16T05:39:39Z,bf7e2a70935af7de78mjqt,va_temperature,21.9
2026-09-16T05:57:18Z,bf5741c97c96fa85b1d7do,va_temperature,21.4
2026-09-16T05:57:19Z,bf5741c97c96fa85b1d7do,battery_state,middle
2026-09-16T05:57:19Z,bf5741c97c96fa85b1d7do,va_humidity,60
2026-09-16T06:00:00Z,zewnatrz,va_humidity,66
2026-09-16T06:00:00Z,zewnatrz,va_temperature,15.1
2026-09-16T06:31:06Z,bf43cf664d6644420axva3,battery_state,middle
2026-09-16T06:31:06Z,bf43cf664d6644420axva3,va_humidity,56
2026-09-16T06:31:06Z,bf43cf664d6644420axva3,va_temperature,21.4
2026-09-16T06:34:39Z,bfd6f4f87fea9d866dvpve,battery_state,middle
2026-09-16T06:34:39Z,bfd6f4f87fea9d866dvpve,va_humidity,59
2026-09-16T06:34:39Z,bfd6f4f87fea9d866dvpve,va_temperature,21.9
2026-09-16T06:39:15Z,bf7e2a70935af7de78mjqt,battery_state,middle
2026-09-16T06:39:15Z,bf7e2a70935af7de78mjqt,va_humidity,55
2026-09-16T06:39:15Z,bf7e2a70935af7de78mjqt,va_temperature,21.9
2026-09-16T06:56:32Z,bf5741c97c96fa85b1d7do,va_humidity,60
2026-09-16T06:56:32Z,bf5741c97c96fa85b1d7do,va_temperature,21.4
2026-09-16T06:56:33Z,bf5741c97c96fa85b1d7do,battery_state,middle
2026-09-16T07:00:00Z,zewnatrz,va_humidity,58
2026-09-16T07:00:00Z,zewnatrz,va_temperature,17.2
2026-09-16T07:30:33Z,bf43cf664d6644420axva3,battery_state,middle
2026-09-16T07:30:33Z,bf43cf664d6644420axva3,va_humidity,56
2026-09-16T07:30:33Z,bf43cf664d6644420axva3,va_temperature,21.4
2026-09-16T07:34:22Z,bfd6f4f87fea9d866dvpve,battery_state,middle
2026-09-16T07:34:22Z,bfd6f4f87fea9d866dvpve,va_humidity,59
2026-09-16T07:34:22Z,bfd6f4f87fea9d866dvpve,va_temperature,21.8
2026-09-16T07:38:52Z,bf7e2a70935af7de78mjqt,battery_state,middle
2026-09-16T07:38:52Z,bf7e2a70935af7de78mjqt,va_humidity,55
2026-09-16T07:38:52Z,bf7e2a70935af7de78mjqt,va_temperature,21.9
2026-09-16T07:55:46Z,bf5741c97c96fa85b1d7do,battery_state,middle
2026-09-16T07:55:46Z,bf5741c97c96fa85b1d7do,va_humidity,60
2026-09-16T07:55:46Z,bf5741c97c96fa85b1d7do,va_temperature,21.6
2026-09-16T08:00:00Z,zewnatrz,va_humidity,54
2026-09-16T08:00:00Z,zewnatrz,va_temperature,19.1
2026-09-16T08:29:59Z,bf43cf664d6644420axva3,va_temperature,21.5
2026-09-16T08:30:00Z,bf43cf664d6644420axva3,battery_state,middle
2026-09-16T08:30:00Z,bf43cf664d6644420axva3,va_humidity,56
2026-09-16T08:34:04Z,bfd6f4f87fea9d866dvpve,va_temperature,21.9
2026-09-16T08:34:05Z,bfd6f4f87fea9d866dvpve,battery_state,middle
2026-09-16T08:34:05Z,bfd6f4f87fea9d866dvpve,va_humidity,59
2026-09-16T08:38:28Z,bf7e2a70935af7de78mjqt,battery_state,middle
2026-09-16T08:38:28Z,bf7e2a70935af7de78mjqt,va_humidity,55
2026-09-16T08:38:28Z,bf7e2a70935af7de78mjqt,va_temperature,22.1
2026-09-16T08:40:53Z,bfd6f4f87fea9d866dvpve,battery_state,middle
2026-09-16T08:40:53Z,bfd6f4f87fea9d866dvpve,va_humidity,59
2026-09-16T08:40:53Z,bfd6f4f87fea9d866dvpve,va_temperature,21.9
2026-09-16T08:54:59Z,bf5741c97c96fa85b1d7do,va_temperature,21.6
2026-09-16T08:55:00Z,bf5741c97c96fa85b1d7do,battery_state,middle
2026-09-16T08:55:00Z,bf5741c97c96fa85b1d7do,va_humidity,60
2026-09-16T09:00:00Z,zewnatrz,va_humidity,50
2026-09-16T09:00:00Z,zewnatrz,va_temperature,21
2026-09-16T09:29:25Z,bf43cf664d6644420axva3,va_temperature,21.5
2026-09-16T09:29:26Z,bf43cf664d6644420axva3,battery_state,middle
2026-09-16T09:29:26Z,bf43cf664d6644420axva3,va_humidity,56
2026-09-16T09:33:48Z,bfd6f4f87fea9d866dvpve,battery_state,middle
2026-09-16T09:33:48Z,bfd6f4f87fea9d866dvpve,va_humidity,59
2026-09-16T09:33:48Z,bfd6f4f87fea9d866dvpve,va_temperature,21.9
2026-09-16T09:38:04Z,bf7e2a70935af7de78mjqt,va_humidity,55
2026-09-16T09:38:04Z,bf7e2a70935af7de78mjqt,va_temperature,22.3
2026-09-16T09:38:05Z,bf7e2a70935af7de78mjqt,battery_state,middle
2026-09-16T09:54:13Z,bf5741c97c96fa85b1d7do,va_humidity,60
2026-09-16T09:54:13Z,bf5741c97c96fa85b1d7do,va_temperature,21.7
2026-09-16T09:54:14Z,bf5741c97c96fa85b1d7do,battery_state,middle
2026-09-16T10:00:00Z,zewnatrz,va_humidity,46
2026-09-16T10:00:00Z,zewnatrz,va_temperature,22.8
2026-09-16T10:28:52Z,bf43cf664d6644420axva3,va_humidity,57
2026-09-16T10:28:52Z,bf43cf664d6644420axva3,va_temperature,21.5
2026-09-16T10:28:53Z,bf43cf664d6644420axva3,battery_state,middle
2026-09-16T10:33:30Z,bfd6f4f87fea9d866dvpve,va_temperature,21.9
2026-09-16T10:33:31Z,bfd6f4f87fea9d866dvpve,battery_state,middle
2026-09-16T10:33:31Z,bfd6f4f87fea9d866dvpve,va_humidity,60
2026-09-16T10:37:40Z,bf7e2a70935af7de78mjqt,va_humidity,55
2026-09-16T10:37:40Z,bf7e2a70935af7de78mjqt,va_temperature,22.5
2026-09-16T10:37:41Z,bf7e2a70935af7de78mjqt,battery_state,middle
2026-09-16T10:53:27Z,bf5741c97c96fa85b1d7do,battery_state,middle
2026-09-16T10:53:27Z,bf5741c97c96fa85b1d7do,va_humidity,59
2026-09-16T10:53:27Z,bf5741c97c96fa85b1d7do,va_temperature,21.9
2026-09-16T11:00:00Z,zewnatrz,va_humidity,46
2026-09-16T11:00:00Z,zewnatrz,va_temperature,23.8
2026-09-16T11:28:19Z,bf43cf664d6644420axva3,va_temperature,21.6
2026-09-16T11:33:12Z,bfd6f4f87fea9d866dvpve,va_humidity,60
2026-09-16T11:33:12Z,bfd6f4f87fea9d866dvpve,va_temperature,22
2026-09-16T11:33:13Z,bfd6f4f87fea9d866dvpve,battery_state,middle
2026-09-16T11:37:16Z,bf7e2a70935af7de78mjqt,battery_state,middle
2026-09-16T11:37:16Z,bf7e2a70935af7de78mjqt,va_humidity,55
2026-09-16T11:37:16Z,bf7e2a70935af7de78mjqt,va_temperature,22.7
2026-09-16T11:52:40Z,bf5741c97c96fa85b1d7do,va_temperature,22
2026-09-16T11:52:41Z,bf5741c97c96fa85b1d7do,battery_state,middle
2026-09-16T11:52:41Z,bf5741c97c96fa85b1d7do,va_humidity,59
2026-09-16T12:00:00Z,zewnatrz,va_humidity,41
2026-09-16T12:00:00Z,zewnatrz,va_temperature,25.3
2026-09-16T12:27:45Z,bf43cf664d6644420axva3,va_humidity,57
2026-09-16T12:27:45Z,bf43cf664d6644420axva3,va_temperature,21.7
2026-09-16T12:27:46Z,bf43cf664d6644420axva3,battery_state,middle
2026-09-16T12:32:54Z,bfd6f4f87fea9d866dvpve,battery_state,middle
2026-09-16T12:32:54Z,bfd6f4f87fea9d866dvpve,va_humidity,60
2026-09-16T12:32:54Z,bfd6f4f87fea9d866dvpve,va_temperature,22
2026-09-16T12:36:52Z,bf7e2a70935af7de78mjqt,battery_state,middle
2026-09-16T12:36:52Z,bf7e2a70935af7de78mjqt,va_humidity,55
2026-09-16T12:36:52Z,bf7e2a70935af7de78mjqt,va_temperature,22.9
2026-09-16T12:51:54Z,bf5741c97c96fa85b1d7do,battery_state,middle
2026-09-16T12:51:54Z,bf5741c97c96fa85b1d7do,va_humidity,59
2026-09-16T12:51:54Z,bf5741c97c96fa85b1d7do,va_temperature,22
2026-09-16T13:00:00Z,zewnatrz,va_humidity,38
2026-09-16T13:00:00Z,zewnatrz,va_temperature,25.5
2026-09-16T13:27:12Z,bf43cf664d6644420axva3,va_humidity,57
2026-09-16T13:27:12Z,bf43cf664d6644420axva3,va_temperature,21.7
2026-09-16T13:27:13Z,bf43cf664d6644420axva3,battery_state,middle
2026-09-16T13:32:35Z,bfd6f4f87fea9d866dvpve,va_humidity,60
2026-09-16T13:32:35Z,bfd6f4f87fea9d866dvpve,va_temperature,22.1
2026-09-16T13:32:36Z,bfd6f4f87fea9d866dvpve,battery_state,middle
2026-09-16T13:36:28Z,bf7e2a70935af7de78mjqt,battery_state,middle
2026-09-16T13:36:28Z,bf7e2a70935af7de78mjqt,va_humidity,54
2026-09-16T13:36:28Z,bf7e2a70935af7de78mjqt,va_temperature,22.9
2026-09-16T13:51:08Z,bf5741c97c96fa85b1d7do,battery_state,middle
2026-09-16T13:51:08Z,bf5741c97c96fa85b1d7do,va_humidity,59
2026-09-16T13:51:08Z,bf5741c97c96fa85b1d7do,va_temperature,22.2
2026-09-16T14:00:00Z,zewnatrz,va_humidity,41
2026-09-16T14:00:00Z,zewnatrz,va_temperature,24.7
2026-09-16T14:26:39Z,bf43cf664d6644420axva3,va_humidity,57
2026-09-16T14:26:39Z,bf43cf664d6644420axva3,va_temperature,21.8
2026-09-16T14:26:40Z,bf43cf664d6644420axva3,battery_state,middle
2026-09-16T14:32:17Z,bfd6f4f87fea9d866dvpve,battery_state,middle
2026-09-16T14:32:17Z,bfd6f4f87fea9d866dvpve,va_humidity,60
2026-09-16T14:32:17Z,bfd6f4f87fea9d866dvpve,va_temperature,22.1
2026-09-16T14:36:03Z,bf7e2a70935af7de78mjqt,va_humidity,54
2026-09-16T14:36:03Z,bf7e2a70935af7de78mjqt,va_temperature,22.8
2026-09-16T14:36:04Z,bf7e2a70935af7de78mjqt,battery_state,middle
2026-09-16T14:50:22Z,bf5741c97c96fa85b1d7do,battery_state,middle
2026-09-16T14:50:22Z,bf5741c97c96fa85b1d7do,va_humidity,60
2026-09-16T14:50:22Z,bf5741c97c96fa85b1d7do,va_temperature,22.1
2026-09-16T15:00:00Z,zewnatrz,va_humidity,43
2026-09-16T15:00:00Z,zewnatrz,va_temperature,24.3
2026-09-16T15:26:06Z,bf43cf664d6644420axva3,battery_state,middle
2026-09-16T15:26:06Z,bf43cf664d6644420axva3,va_humidity,57
2026-09-16T15:26:06Z,bf43cf664d6644420axva3,va_temperature,21.7
2026-09-16T15:31:59Z,bfd6f4f87fea9d866dvpve,battery_state,middle
2026-09-16T15:31:59Z,bfd6f4f87fea9d866dvpve,va_humidity,60
2026-09-16T15:31:59Z,bfd6f4f87fea9d866dvpve,va_temperature,22.1
2026-09-16T15:35:39Z,bf7e2a70935af7de78mjqt,battery_state,middle
2026-09-16T15:35:39Z,bf7e2a70935af7de78mjqt,va_humidity,54
2026-09-16T15:35:39Z,bf7e2a70935af7de78mjqt,va_temperature,22.7
2026-09-16T15:49:36Z,bf5741c97c96fa85b1d7do,battery_state,middle
2026-09-16T15:49:36Z,bf5741c97c96fa85b1d7do,va_humidity,60
2026-09-16T15:49:36Z,bf5741c97c96fa85b1d7do,va_temperature,22.1
2026-09-16T16:00:00Z,zewnatrz,va_humidity,47
2026-09-16T16:00:00Z,zewnatrz,va_temperature,23.6
2026-09-16T16:25:33Z,bf43cf664d6644420axva3,va_humidity,57
2026-09-16T16:25:33Z,bf43cf664d6644420axva3,va_temperature,21.7
2026-09-16T16:25:34Z,bf43cf664d6644420axva3,battery_state,middle
2026-09-16T16:31:40Z,bfd6f4f87fea9d866dvpve,va_humidity,60
2026-09-16T16:31:40Z,bfd6f4f87fea9d866dvpve,va_temperature,22.1
2026-09-16T16:31:41Z,bfd6f4f87fea9d866dvpve,battery_state,middle
2026-09-16T16:34:34Z,bf43cf664d6644420axva3,battery_state,middle
2026-09-16T16:34:34Z,bf43cf664d6644420axva3,va_humidity,57
2026-09-16T16:34:34Z,bf43cf664d6644420axva3,va_temperature,21.7
2026-09-16T16:35:14Z,bf7e2a70935af7de78mjqt,va_temperature,22.6
2026-09-16T16:35:15Z,bf7e2a70935af7de78mjqt,battery_state,middle
2026-09-16T16:35:15Z,bf7e2a70935af7de78mjqt,va_humidity,55
2026-09-16T16:48:50Z,bf5741c97c96fa85b1d7do,battery_state,middle
2026-09-16T16:48:50Z,bf5741c97c96fa85b1d7do,va_humidity,60
2026-09-16T16:48:50Z,bf5741c97c96fa85b1d7do,va_temperature,22
2026-09-16T17:00:00Z,zewnatrz,va_humidity,50
2026-09-16T17:00:00Z,zewnatrz,va_temperature,22.7
2026-09-16T17:25:00Z,bf43cf664d6644420axva3,va_temperature,21.7
2026-09-16T17:25:01Z,bf43cf664d6644420axva3,battery_state,middle
2026-09-16T17:25:01Z,bf43cf664d6644420axva3,va_humidity,57
2026-09-16T17:31:22Z,bfd6f4f87fea9d866dvpve,battery_state,middle
2026-09-16T17:31:22Z,bfd6f4f87fea9d866dvpve,va_humidity,60
2026-09-16T17:31:22Z,bfd6f4f87fea9d866dvpve,va_temperature,22.1
2026-09-16T17:34:50Z,bf7e2a70935af7de78mjqt,battery_state,middle
2026-09-16T17:34:50Z,bf7e2a70935af7de78mjqt,va_humidity,55
2026-09-16T17:34:50Z,bf7e2a70935af7de78mjqt,va_temperature,22.5
2026-09-16T17:48:05Z,bf5741c97c96fa85b1d7do,battery_state,middle
2026-09-16T17:48:05Z,bf5741c97c96fa85b1d7do,va_humidity,61
2026-09-16T17:48:05Z,bf5741c97c96fa85b1d7do,va_temperature,21.9
2026-09-16T18:00:00Z,zewnatrz,va_humidity,52
2026-09-16T18:00:00Z,zewnatrz,va_temperature,22.6
2026-09-16T18:24:28Z,bf43cf664d6644420axva3,battery_state,middle
2026-09-16T18:24:28Z,bf43cf664d6644420axva3,va_humidity,57
2026-09-16T18:24:28Z,bf43cf664d6644420axva3,va_temperature,21.7
2026-09-16T18:31:04Z,bfd6f4f87fea9d866dvpve,battery_state,middle
2026-09-16T18:31:04Z,bfd6f4f87fea9d866dvpve,va_humidity,60
2026-09-16T18:31:04Z,bfd6f4f87fea9d866dvpve,va_temperature,22.1
2026-09-16T18:34:26Z,bf7e2a70935af7de78mjqt,va_humidity,55
2026-09-16T18:34:26Z,bf7e2a70935af7de78mjqt,va_temperature,22.5
2026-09-16T18:34:27Z,bf7e2a70935af7de78mjqt,battery_state,middle
2026-09-16T18:47:19Z,bf5741c97c96fa85b1d7do,va_humidity,61
2026-09-16T18:47:19Z,bf5741c97c96fa85b1d7do,va_temperature,21.9
2026-09-16T18:47:20Z,bf5741c97c96fa85b1d7do,battery_state,middle
2026-09-16T19:00:00Z,zewnatrz,va_humidity,55
2026-09-16T19:00:00Z,zewnatrz,va_temperature,21.6
2026-09-16T19:23:55Z,bf43cf664d6644420axva3,battery_state,middle
2026-09-16T19:23:55Z,bf43cf664d6644420axva3,va_humidity,56
2026-09-16T19:23:55Z,bf43cf664d6644420axva3,va_temperature,21.7
2026-09-16T19:30:45Z,bfd6f4f87fea9d866dvpve,battery_state,middle
2026-09-16T19:30:45Z,bfd6f4f87fea9d866dvpve,va_humidity,61
2026-09-16T19:30:45Z,bfd6f4f87fea9d866dvpve,va_temperature,22.1
2026-09-16T19:34:03Z,bf7e2a70935af7de78mjqt,battery_state,middle
2026-09-16T19:34:03Z,bf7e2a70935af7de78mjqt,va_humidity,55
2026-09-16T19:34:03Z,bf7e2a70935af7de78mjqt,va_temperature,22.4
2026-09-16T19:46:34Z,bf5741c97c96fa85b1d7do,battery_state,middle
2026-09-16T19:46:34Z,bf5741c97c96fa85b1d7do,va_humidity,62
2026-09-16T19:46:34Z,bf5741c97c96fa85b1d7do,va_temperature,21.9
2026-09-16T20:00:00Z,zewnatrz,va_humidity,58
2026-09-16T20:00:00Z,zewnatrz,va_temperature,20.9
2026-09-16T20:23:21Z,bf43cf664d6644420axva3,battery_state,middle
2026-09-16T20:23:21Z,bf43cf664d6644420axva3,va_humidity,57
2026-09-16T20:23:21Z,bf43cf664d6644420axva3,va_temperature,21.7
2026-09-16T20:30:26Z,bfd6f4f87fea9d866dvpve,va_temperature,22
2026-09-16T20:30:27Z,bfd6f4f87fea9d866dvpve,battery_state,middle
2026-09-16T20:30:27Z,bfd6f4f87fea9d866dvpve,va_humidity,61
2026-09-16T20:33:39Z,bf7e2a70935af7de78mjqt,battery_state,middle
2026-09-16T20:33:39Z,bf7e2a70935af7de78mjqt,va_humidity,55
2026-09-16T20:33:39Z,bf7e2a70935af7de78mjqt,va_temperature,22.4
2026-09-16T20:45:49Z,bf5741c97c96fa85b1d7do,battery_state,middle
2026-09-16T20:45:49Z,bf5741c97c96fa85b1d7do,va_humidity,62
2026-09-16T20:45:49Z,bf5741c97c96fa85b1d7do,va_temperature,21.8
2026-09-16T21:00:00Z,zewnatrz,va_humidity,59
2026-09-16T21:00:00Z,zewnatrz,va_temperature,21.1
2026-09-16T21:22:47Z,bf43cf664d6644420axva3,va_humidity,57
2026-09-16T21:22:47Z,bf43cf664d6644420axva3,va_temperature,21.7
2026-09-16T21:22:48Z,bf43cf664d6644420axva3,battery_state,middle
2026-09-16T21:30:08Z,bfd6f4f87fea9d866dvpve,va_humidity,61
2026-09-16T21:30:08Z,bfd6f4f87fea9d866dvpve,va_temperature,22
2026-09-16T21:30:09Z,bfd6f4f87fea9d866dvpve,battery_state,middle
2026-09-16T21:33:15Z,bf7e2a70935af7de78mjqt,va_temperature,22.4
2026-09-16T21:33:16Z,bf7e2a70935af7de78mjqt,battery_state,middle
2026-09-16T21:33:16Z,bf7e2a70935af7de78mjqt,va_humidity,55
2026-09-16T21:45:03Z,bf5741c97c96fa85b1d7do,battery_state,middle
2026-09-16T21:45:03Z,bf5741c97c96fa85b1d7do,va_humidity,64
2026-09-16T21:45:03Z,bf5741c97c96fa85b1d7do,va_temperature,21.9
2026-09-16T22:00:00Z,zewnatrz,va_humidity,72
2026-09-16T22:00:00Z,zewnatrz,va_temperature,19.8
2026-09-16T22:22:14Z,bf43cf664d6644420axva3,battery_state,middle
2026-09-16T22:22:14Z,bf43cf664d6644420axva3,va_humidity,57
2026-09-16T22:22:14Z,bf43cf664d6644420axva3,va_temperature,21.7
2026-09-16T22:29:50Z,bfd6f4f87fea9d866dvpve,va_temperature,22.1
2026-09-16T22:29:51Z,bfd6f4f87fea9d866dvpve,battery_state,middle
2026-09-16T22:29:51Z,bfd6f4f87fea9d866dvpve,va_humidity,62
2026-09-16T22:32:52Z,bf7e2a70935af7de78mjqt,battery_state,middle
2026-09-16T22:32:52Z,bf7e2a70935af7de78mjqt,va_humidity,56
2026-09-16T22:32:52Z,bf7e2a70935af7de78mjqt,va_temperature,22.4
2026-09-16T22:44:18Z,bf5741c97c96fa85b1d7do,battery_state,middle
2026-09-16T22:44:18Z,bf5741c97c96fa85b1d7do,va_humidity,64
2026-09-16T22:44:18Z,bf5741c97c96fa85b1d7do,va_temperature,21.8
2026-09-16T23:00:00Z,zewnatrz,va_humidity,83
2026-09-16T23:00:00Z,zewnatrz,va_temperature,18.5
2026-09-16T23:21:40Z,bf43cf664d6644420axva3,battery_state,middle
2026-09-16T23:21:40Z,bf43cf664d6644420axva3,va_humidity,57
2026-09-16T23:21:40Z,bf43cf664d6644420axva3,va_temperature,21.7
2026-09-16T23:29:32Z,bfd6f4f87fea9d866dvpve,battery_state,middle
2026-09-16T23:29:32Z,bfd6f4f87fea9d866dvpve,va_humidity,64
2026-09-16T23:29:32Z,bfd6f4f87fea9d866dvpve,va_temperature,22
2026-09-16T23:32:29Z,bf7e2a70935af7de78mjqt,battery_state,middle
2026-09-16T23:32:29Z,bf7e2a70935af7de78mjqt,va_humidity,56
2026-09-16T23:32:29Z,bf7e2a70935af7de78mjqt,va_temperature,22.4
2026-09-16T23:43:33Z,bf5741c97c96fa85b1d7do,battery_state,middle
2026-09-16T23:43:33Z,bf5741c97c96fa85b1d7do,va_humidity,65
2026-09-16T23:43:33Z,bf5741c97c96fa85b1d7do,va_temperature,21.8
2026-09-17T00:00:00Z,zewnatrz,va_humidity,84
2026-09-17T00:00:00Z,zewnatrz,va_temperature,18.5
2026-09-17T00:13:24Z,bf43cf664d6644420axva3,battery_state,middle
2026-09-17T00:13:24Z,bf43cf664d6644420axva3,va_humidity,57
2026-09-17T00:21:06Z,bf43cf664d6644420axva3,battery_state,middle
2026-09-17T00:21:06Z,bf43cf664d6644420axva3,va_humidity,57
2026-09-17T00:21:06Z,bf43cf664d6644420axva3,va_temperature,21.7
2026-09-17T00:29:14Z,bfd6f4f87fea9d866dvpve,battery_state,middle
2026-09-17T00:29:14Z,bfd6f4f87fea9d866dvpve,va_humidity,63
2026-09-17T00:29:14Z,bfd6f4f87fea9d866dvpve,va_temperature,22
2026-09-17T00:31:48Z,bf43cf664d6644420axva3,va_temperature,21.7
2026-09-17T00:31:49Z,bf43cf664d6644420axva3,battery_state,middle
2026-09-17T00:31:49Z,bf43cf664d6644420axva3,va_humidity,58
2026-09-17T00:32:05Z,bf7e2a70935af7de78mjqt,va_temperature,22.4
2026-09-17T00:32:06Z,bf7e2a70935af7de78mjqt,battery_state,middle
2026-09-17T00:32:06Z,bf7e2a70935af7de78mjqt,va_humidity,56
2026-09-17T00:32:06Z,bf7e2a70935af7de78mjqt,va_temperature,22.4
2026-09-17T00:42:48Z,bf5741c97c96fa85b1d7do,battery_state,middle
2026-09-17T00:42:48Z,bf5741c97c96fa85b1d7do,va_humidity,65
2026-09-17T00:42:48Z,bf5741c97c96fa85b1d7do,va_temperature,21.8
2026-09-17T01:00:00Z,zewnatrz,va_humidity,89
2026-09-17T01:00:00Z,zewnatrz,va_temperature,18
2026-09-17T01:20:33Z,bf43cf664d6644420axva3,battery_state,middle
2026-09-17T01:20:33Z,bf43cf664d6644420axva3,va_humidity,58
2026-09-17T01:20:33Z,bf43cf664d6644420axva3,va_temperature,21.6
2026-09-17T01:28:56Z,bfd6f4f87fea9d866dvpve,battery_state,middle
2026-09-17T01:28:56Z,bfd6f4f87fea9d866dvpve,va_humidity,63
2026-09-17T01:28:56Z,bfd6f4f87fea9d866dvpve,va_temperature,22
2026-09-17T01:31:40Z,bf7e2a70935af7de78mjqt,va_humidity,57
2026-09-17T01:31:40Z,bf7e2a70935af7de78mjqt,va_temperature,22.3
2026-09-17T01:31:41Z,bf7e2a70935af7de78mjqt,battery_state,middle
2026-09-17T01:42:02Z,bf5741c97c96fa85b1d7do,battery_state,middle
2026-09-17T01:42:02Z,bf5741c97c96fa85b1d7do,va_humidity,64
2026-09-17T01:42:02Z,bf5741c97c96fa85b1d7do,va_temperature,21.8
2026-09-17T02:00:00Z,zewnatrz,va_humidity,92
2026-09-17T02:00:00Z,zewnatrz,va_temperature,17.7
2026-09-17T02:20:00Z,bf43cf664d6644420axva3,battery_state,middle
2026-09-17T02:20:00Z,bf43cf664d6644420axva3,va_humidity,58
2026-09-17T02:20:00Z,bf43cf664d6644420axva3,va_temperature,21.7
2026-09-17T02:28:37Z,bfd6f4f87fea9d866dvpve,va_temperature,22
2026-09-17T02:28:38Z,bfd6f4f87fea9d866dvpve,battery_state,middle
2026-09-17T02:28:38Z,bfd6f4f87fea9d866dvpve,va_humidity,63
2026-09-17T02:31:17Z,bf7e2a70935af7de78mjqt,battery_state,middle
2026-09-17T02:31:17Z,bf7e2a70935af7de78mjqt,va_humidity,57
2026-09-17T02:31:17Z,bf7e2a70935af7de78mjqt,va_temperature,22.3
2026-09-17T02:41:16Z,bf5741c97c96fa85b1d7do,va_humidity,64
2026-09-17T02:41:16Z,bf5741c97c96fa85b1d7do,va_temperature,21.8
2026-09-17T02:41:17Z,bf5741c97c96fa85b1d7do,battery_state,middle
2026-09-17T03:00:00Z,zewnatrz,va_humidity,89
2026-09-17T03:00:00Z,zewnatrz,va_temperature,16.8
2026-09-17T03:19:26Z,bf43cf664d6644420axva3,va_humidity,58
2026-09-17T03:19:26Z,bf43cf664d6644420axva3,va_temperature,21.7
2026-09-17T03:19:27Z,bf43cf664d6644420axva3,battery_state,middle
2026-09-17T03:28:20Z,bfd6f4f87fea9d866dvpve,battery_state,middle
2026-09-17T03:28:20Z,bfd6f4f87fea9d866dvpve,va_humidity,63
2026-09-17T03:28:20Z,bfd6f4f87fea9d866dvpve,va_temperature,22
2026-09-17T03:30:53Z,bf7e2a70935af7de78mjqt,va_temperature,22.3
2026-09-17T03:30:54Z,bf7e2a70935af7de78mjqt,battery_state,middle
2026-09-17T03:30:54Z,bf7e2a70935af7de78mjqt,va_humidity,57
2026-09-17T03:40:31Z,bf5741c97c96fa85b1d7do,battery_state,middle
2026-09-17T03:40:31Z,bf5741c97c96fa85b1d7do,va_humidity,64
2026-09-17T03:40:31Z,bf5741c97c96fa85b1d7do,va_temperature,21.8
2026-09-17T04:00:00Z,zewnatrz,va_humidity,89
2026-09-17T04:00:00Z,zewnatrz,va_temperature,15.7
2026-09-17T04:18:53Z,bf43cf664d6644420axva3,va_humidity,59
2026-09-17T04:18:53Z,bf43cf664d6644420axva3,va_temperature,21.7
2026-09-17T04:18:54Z,bf43cf664d6644420axva3,battery_state,middle
2026-09-17T04:28:02Z,bfd6f4f87fea9d866dvpve,battery_state,middle
2026-09-17T04:28:02Z,bfd6f4f87fea9d866dvpve,va_humidity,63
2026-09-17T04:28:02Z,bfd6f4f87fea9d866dvpve,va_temperature,22
2026-09-17T04:30:30Z,bf7e2a70935af7de78mjqt,battery_state,middle
2026-09-17T04:30:30Z,bf7e2a70935af7de78mjqt,va_humidity,57
2026-09-17T04:30:30Z,bf7e2a70935af7de78mjqt,va_temperature,22.3
2026-09-17T04:39:45Z,bf5741c97c96fa85b1d7do,battery_state,middle
2026-09-17T04:39:45Z,bf5741c97c96fa85b1d7do,va_humidity,64
2026-09-17T04:39:45Z,bf5741c97c96fa85b1d7do,va_temperature,21.7
2026-09-17T05:00:00Z,zewnatrz,va_humidity,86
2026-09-17T05:00:00Z,zewnatrz,va_temperature,15
2026-09-17T05:18:20Z,bf43cf664d6644420axva3,battery_state,middle
2026-09-17T05:18:20Z,bf43cf664d6644420axva3,va_humidity,59
2026-09-17T05:18:20Z,bf43cf664d6644420axva3,va_temperature,21.6
2026-09-17T05:27:43Z,bfd6f4f87fea9d866dvpve,va_humidity,63
2026-09-17T05:27:43Z,bfd6f4f87fea9d866dvpve,va_temperature,22
2026-09-17T05:27:44Z,bfd6f4f87fea9d866dvpve,battery_state,middle
2026-09-17T05:30:06Z,bf7e2a70935af7de78mjqt,va_humidity,57
2026-09-17T05:30:06Z,bf7e2a70935af7de78mjqt,va_temperature,22.3
2026-09-17T05:30:07Z,bf7e2a70935af7de78mjqt,battery_state,middle
2026-09-17T05:38:59Z,bf5741c97c96fa85b1d7do,battery_state,middle
2026-09-17T05:38:59Z,bf5741c97c96fa85b1d7do,va_humidity,64
2026-09-17T05:38:59Z,bf5741c97c96fa85b1d7do,va_temperature,21.7
2026-09-17T06:00:00Z,zewnatrz,va_humidity,84
2026-09-17T06:00:00Z,zewnatrz,va_temperature,14.9
2026-09-17T06:17:46Z,bf43cf664d6644420axva3,va_temperature,21.6
2026-09-17T06:17:47Z,bf43cf664d6644420axva3,battery_state,middle
2026-09-17T06:17:47Z,bf43cf664d6644420axva3,va_humidity,59
2026-09-17T06:27:25Z,bfd6f4f87fea9d866dvpve,battery_state,middle
2026-09-17T06:27:25Z,bfd6f4f87fea9d866dvpve,va_humidity,62
2026-09-17T06:27:25Z,bfd6f4f87fea9d866dvpve,va_temperature,22
2026-09-17T06:29:43Z,bf7e2a70935af7de78mjqt,battery_state,middle
2026-09-17T06:29:43Z,bf7e2a70935af7de78mjqt,va_humidity,57
2026-09-17T06:29:43Z,bf7e2a70935af7de78mjqt,va_temperature,22.3
2026-09-17T06:38:13Z,bf5741c97c96fa85b1d7do,va_temperature,21.8
2026-09-17T06:38:14Z,bf5741c97c96fa85b1d7do,battery_state,middle
2026-09-17T06:38:14Z,bf5741c97c96fa85b1d7do,va_humidity,63
2026-09-17T07:00:00Z,zewnatrz,va_humidity,84
2026-09-17T07:00:00Z,zewnatrz,va_temperature,14.7
2026-09-17T07:17:13Z,bf43cf664d6644420axva3,battery_state,middle
2026-09-17T07:17:13Z,bf43cf664d6644420axva3,va_humidity,58
2026-09-17T07:17:13Z,bf43cf664d6644420axva3,va_temperature,21.6
2026-09-17T07:27:06Z,bfd6f4f87fea9d866dvpve,battery_state,middle
2026-09-17T07:27:06Z,bfd6f4f87fea9d866dvpve,va_humidity,62
2026-09-17T07:27:06Z,bfd6f4f87fea9d866dvpve,va_temperature,22
2026-09-17T07:29:19Z,bf7e2a70935af7de78mjqt,va_humidity,57
2026-09-17T07:29:19Z,bf7e2a70935af7de78mjqt,va_temperature,22.3
2026-09-17T07:29:20Z,bf7e2a70935af7de78mjqt,battery_state,middle
2026-09-17T07:37:28Z,bf5741c97c96fa85b1d7do,battery_state,middle
2026-09-17T07:37:28Z,bf5741c97c96fa85b1d7do,va_humidity,63
2026-09-17T07:37:28Z,bf5741c97c96fa85b1d7do,va_temperature,21.7
2026-09-17T08:00:00Z,zewnatrz,va_humidity,79
2026-09-17T08:00:00Z,zewnatrz,va_temperature,15.2
2026-09-17T08:16:39Z,bf43cf664d6644420axva3,battery_state,middle
2026-09-17T08:16:39Z,bf43cf664d6644420axva3,va_humidity,58
2026-09-17T08:16:39Z,bf43cf664d6644420axva3,va_temperature,21.6
2026-09-17T08:26:48Z,bfd6f4f87fea9d866dvpve,battery_state,middle
2026-09-17T08:26:48Z,bfd6f4f87fea9d866dvpve,va_humidity,62
2026-09-17T08:26:48Z,bfd6f4f87fea9d866dvpve,va_temperature,22
2026-09-17T08:28:55Z,bf7e2a70935af7de78mjqt,va_temperature,22.3
2026-09-17T08:28:56Z,bf7e2a70935af7de78mjqt,battery_state,middle
2026-09-17T08:28:56Z,bf7e2a70935af7de78mjqt,va_humidity,57
2026-09-17T08:36:42Z,bf5741c97c96fa85b1d7do,battery_state,middle
2026-09-17T08:36:42Z,bf5741c97c96fa85b1d7do,va_humidity,63
2026-09-17T08:36:42Z,bf5741c97c96fa85b1d7do,va_temperature,21.8
2026-09-17T09:00:00Z,zewnatrz,va_humidity,80
2026-09-17T09:00:00Z,zewnatrz,va_temperature,15.5
2026-09-17T09:16:05Z,bf43cf664d6644420axva3,va_humidity,58
2026-09-17T09:16:05Z,bf43cf664d6644420axva3,va_temperature,21.6
2026-09-17T09:16:06Z,bf43cf664d6644420axva3,battery_state,middle
2026-09-17T09:26:29Z,bfd6f4f87fea9d866dvpve,va_humidity,62
2026-09-17T09:26:29Z,bfd6f4f87fea9d866dvpve,va_temperature,22
2026-09-17T09:26:30Z,bfd6f4f87fea9d866dvpve,battery_state,middle
2026-09-17T09:28:32Z,bf7e2a70935af7de78mjqt,battery_state,middle
2026-09-17T09:28:32Z,bf7e2a70935af7de78mjqt,va_humidity,57
2026-09-17T09:28:32Z,bf7e2a70935af7de78mjqt,va_temperature,22.3
2026-09-17T09:35:56Z,bf5741c97c96fa85b1d7do,va_humidity,63
2026-09-17T09:35:56Z,bf5741c97c96fa85b1d7do,va_temperature,21.9
2026-09-17T09:35:57Z,bf5741c97c96fa85b1d7do,battery_state,middle
2026-09-17T09:37:15Z,bf43cf664d6644420axva3,battery_state,middle
2026-09-17T09:37:15Z,bf43cf664d6644420axva3,va_humidity,58
2026-09-17T09:37:15Z,bf43cf664d6644420axva3,va_temperature,21.6
2026-09-17T10:00:00Z,zewnatrz,va_humidity,81
2026-09-17T10:00:00Z,zewnatrz,va_temperature,15.6
2026-09-17T10:15:31Z,bf43cf664d6644420axva3,battery_state,middle
2026-09-17T10:15:31Z,bf43cf664d6644420axva3,va_humidity,58
2026-09-17T10:15:31Z,bf43cf664d6644420axva3,va_temperature,21.6
2026-09-17T10:26:11Z,bfd6f4f87fea9d866dvpve,va_temperature,22
2026-09-17T10:26:12Z,bfd6f4f87fea9d866dvpve,battery_state,middle
2026-09-17T10:26:12Z,bfd6f4f87fea9d866dvpve,va_humidity,62
2026-09-17T10:28:08Z,bf7e2a70935af7de78mjqt,va_temperature,22.3
2026-09-17T10:28:09Z,bf7e2a70935af7de78mjqt,battery_state,middle
2026-09-17T10:28:09Z,bf7e2a70935af7de78mjqt,va_humidity,57
2026-09-17T10:35:10Z,bf5741c97c96fa85b1d7do,va_temperature,21.8
2026-09-17T10:35:11Z,bf5741c97c96fa85b1d7do,battery_state,middle
2026-09-17T10:35:11Z,bf5741c97c96fa85b1d7do,va_humidity,62
2026-09-17T11:00:00Z,zewnatrz,va_humidity,82
2026-09-17T11:00:00Z,zewnatrz,va_temperature,15.6
2026-09-17T11:14:56Z,bf43cf664d6644420axva3,va_humidity,58
2026-09-17T11:14:56Z,bf43cf664d6644420axva3,va_temperature,21.6
2026-09-17T11:14:57Z,bf43cf664d6644420axva3,battery_state,middle
2026-09-17T11:25:54Z,bfd6f4f87fea9d866dvpve,battery_state,middle
2026-09-17T11:25:54Z,bfd6f4f87fea9d866dvpve,va_humidity,62
2026-09-17T11:25:54Z,bfd6f4f87fea9d866dvpve,va_temperature,22
2026-09-17T11:27:45Z,bf7e2a70935af7de78mjqt,battery_state,middle
2026-09-17T11:27:45Z,bf7e2a70935af7de78mjqt,va_humidity,57
2026-09-17T11:27:45Z,bf7e2a70935af7de78mjqt,va_temperature,22.3
2026-09-17T11:31:41Z,bf43cf664d6644420axva3,va_temperature,21.6
2026-09-17T11:31:42Z,bf43cf664d6644420axva3,battery_state,middle
2026-09-17T11:31:42Z,bf43cf664d6644420axva3,va_humidity,58
2026-09-17T11:34:25Z,bf5741c97c96fa85b1d7do,battery_state,middle
2026-09-17T11:34:25Z,bf5741c97c96fa85b1d7do,va_humidity,62
2026-09-17T11:34:25Z,bf5741c97c96fa85b1d7do,va_temperature,21.9
2026-09-17T12:00:00Z,zewnatrz,va_humidity,82
2026-09-17T12:00:00Z,zewnatrz,va_temperature,15.8
2026-09-17T12:14:21Z,bf43cf664d6644420axva3,va_humidity,58
2026-09-17T12:14:21Z,bf43cf664d6644420axva3,va_temperature,21.7
2026-09-17T12:14:22Z,bf43cf664d6644420axva3,battery_state,middle
2026-09-17T12:16:32Z,bf43cf664d6644420axva3,va_temperature,21.6
2026-09-17T12:16:33Z,bf43cf664d6644420axva3,battery_state,middle
2026-09-17T12:16:33Z,bf43cf664d6644420axva3,va_humidity,58
2026-09-17T12:25:35Z,bfd6f4f87fea9d866dvpve,va_humidity,62
2026-09-17T12:25:35Z,bfd6f4f87fea9d866dvpve,va_temperature,22.1
2026-09-17T12:25:36Z,bfd6f4f87fea9d866dvpve,battery_state,middle
2026-09-17T12:27:21Z,bf7e2a70935af7de78mjqt,battery_state,middle
2026-09-17T12:27:21Z,bf7e2a70935af7de78mjqt,va_humidity,57
2026-09-17T12:27:21Z,bf7e2a70935af7de78mjqt,va_temperature,22.4
2026-09-17T12:33:39Z,bf5741c97c96fa85b1d7do,battery_state,middle
2026-09-17T12:33:39Z,bf5741c97c96fa85b1d7do,va_humidity,62
2026-09-17T12:33:39Z,bf5741c97c96fa85b1d7do,va_temperature,21.9
2026-09-17T13:00:00Z,zewnatrz,va_humidity,75
2026-09-17T13:00:00Z,zewnatrz,va_temperature,17.3
2026-09-17T13:13:48Z,bf43cf664d6644420axva3,battery_state,middle
2026-09-17T13:13:48Z,bf43cf664d6644420axva3,va_humidity,58
2026-09-17T13:13:48Z,bf43cf664d6644420axva3,va_temperature,21.7
2026-09-17T13:25:17Z,bfd6f4f87fea9d866dvpve,battery_state,middle
2026-09-17T13:25:17Z,bfd6f4f87fea9d866dvpve,va_humidity,62
2026-09-17T13:25:17Z,bfd6f4f87fea9d866dvpve,va_temperature,22
2026-09-17T13:26:57Z,bf7e2a70935af7de78mjqt,battery_state,middle
2026-09-17T13:26:57Z,bf7e2a70935af7de78mjqt,va_humidity,57
2026-09-17T13:26:57Z,bf7e2a70935af7de78mjqt,va_temperature,22.5
2026-09-17T13:32:53Z,bf5741c97c96fa85b1d7do,va_temperature,21.9
2026-09-17T13:32:54Z,bf5741c97c96fa85b1d7do,battery_state,middle
2026-09-17T13:32:54Z,bf5741c97c96fa85b1d7do,va_humidity,62
2026-09-17T14:00:00Z,zewnatrz,va_humidity,69
2026-09-17T14:00:00Z,zewnatrz,va_temperature,17.8
2026-09-17T14:13:14Z,bf43cf664d6644420axva3,battery_state,middle
2026-09-17T14:13:14Z,bf43cf664d6644420axva3,va_humidity,58
2026-09-17T14:13:14Z,bf43cf664d6644420axva3,va_temperature,21.7
2026-09-17T14:25:00Z,bfd6f4f87fea9d866dvpve,battery_state,middle
2026-09-17T14:25:00Z,bfd6f4f87fea9d866dvpve,va_humidity,62
2026-09-17T14:25:00Z,bfd6f4f87fea9d866dvpve,va_temperature,22.1
2026-09-17T14:26:34Z,bf7e2a70935af7de78mjqt,battery_state,middle
2026-09-17T14:26:34Z,bf7e2a70935af7de78mjqt,va_humidity,57
2026-09-17T14:26:34Z,bf7e2a70935af7de78mjqt,va_temperature,22.6
2026-09-17T14:32:08Z,bf5741c97c96fa85b1d7do,battery_state,middle
2026-09-17T14:32:08Z,bf5741c97c96fa85b1d7do,va_humidity,61
2026-09-17T14:32:08Z,bf5741c97c96fa85b1d7do,va_temperature,22.1
2026-09-17T15:00:00Z,zewnatrz,va_humidity,67
2026-09-17T15:00:00Z,zewnatrz,va_temperature,18
2026-09-17T15:12:40Z,bf43cf664d6644420axva3,battery_state,middle
2026-09-17T15:12:40Z,bf43cf664d6644420axva3,va_humidity,58
2026-09-17T15:12:40Z,bf43cf664d6644420axva3,va_temperature,21.7
2026-09-17T15:24:42Z,bfd6f4f87fea9d866dvpve,battery_state,middle
2026-09-17T15:24:42Z,bfd6f4f87fea9d866dvpve,va_humidity,61
2026-09-17T15:24:42Z,bfd6f4f87fea9d866dvpve,va_temperature,22.1
2026-09-17T15:26:10Z,bf7e2a70935af7de78mjqt,battery_state,middle
2026-09-17T15:26:10Z,bf7e2a70935af7de78mjqt,va_humidity,57
2026-09-17T15:26:10Z,bf7e2a70935af7de78mjqt,va_temperature,22.7
2026-09-17T15:31:22Z,bf5741c97c96fa85b1d7do,battery_state,middle
2026-09-17T15:31:22Z,bf5741c97c96fa85b1d7do,va_humidity,61
2026-09-17T15:31:22Z,bf5741c97c96fa85b1d7do,va_temperature,22
2026-09-17T16:00:00Z,zewnatrz,va_humidity,65
2026-09-17T16:00:00Z,zewnatrz,va_temperature,17.9
2026-09-17T16:12:06Z,bf43cf664d6644420axva3,battery_state,middle
2026-09-17T16:12:06Z,bf43cf664d6644420axva3,va_humidity,58
2026-09-17T16:12:06Z,bf43cf664d6644420axva3,va_temperature,21.7
2026-09-17T16:24:24Z,bfd6f4f87fea9d866dvpve,va_humidity,61
2026-09-17T16:24:24Z,bfd6f4f87fea9d866dvpve,va_temperature,22.1
2026-09-17T16:24:25Z,bfd6f4f87fea9d866dvpve,battery_state,middle
2026-09-17T16:25:46Z,bf7e2a70935af7de78mjqt,battery_state,middle
2026-09-17T16:25:46Z,bf7e2a70935af7de78mjqt,va_humidity,56
2026-09-17T16:25:46Z,bf7e2a70935af7de78mjqt,va_temperature,22.6
2026-09-17T16:30:36Z,bf5741c97c96fa85b1d7do,battery_state,middle
2026-09-17T16:30:36Z,bf5741c97c96fa85b1d7do,va_humidity,61
2026-09-17T16:30:36Z,bf5741c97c96fa85b1d7do,va_temperature,21.9
2026-09-17T17:00:00Z,zewnatrz,va_humidity,68
2026-09-17T17:00:00Z,zewnatrz,va_temperature,17.1
2026-09-17T17:11:32Z,bf43cf664d6644420axva3,battery_state,middle
2026-09-17T17:11:32Z,bf43cf664d6644420axva3,va_humidity,58
2026-09-17T17:11:32Z,bf43cf664d6644420axva3,va_temperature,21.7
2026-09-17T17:24:06Z,bfd6f4f87fea9d866dvpve,va_temperature,22.1
2026-09-17T17:24:07Z,bfd6f4f87fea9d866dvpve,battery_state,middle
2026-09-17T17:24:07Z,bfd6f4f87fea9d866dvpve,va_humidity,61
2026-09-17T17:25:23Z,bf7e2a70935af7de78mjqt,battery_state,middle
2026-09-17T17:25:23Z,bf7e2a70935af7de78mjqt,va_humidity,56
2026-09-17T17:25:23Z,bf7e2a70935af7de78mjqt,va_temperature,22.5
2026-09-17T17:29:50Z,bf5741c97c96fa85b1d7do,battery_state,middle
2026-09-17T17:29:50Z,bf5741c97c96fa85b1d7do,va_humidity,61
2026-09-17T17:29:50Z,bf5741c97c96fa85b1d7do,va_temperature,21.9
2026-09-17T17:36:26Z,bf43cf664d6644420axva3,va_temperature,21.7
2026-09-17T17:36:27Z,bf43cf664d6644420axva3,battery_state,middle
2026-09-17T17:36:27Z,bf43cf664d6644420axva3,va_humidity,58
2026-09-17T18:00:00Z,zewnatrz,va_humidity,72
2026-09-17T18:00:00Z,zewnatrz,va_temperature,16.5
2026-09-17T18:10:59Z,bf43cf664d6644420axva3,battery_state,middle
2026-09-17T18:10:59Z,bf43cf664d6644420axva3,va_humidity,58
2026-09-17T18:10:59Z,bf43cf664d6644420axva3,va_temperature,21.7
2026-09-17T18:23:49Z,bfd6f4f87fea9d866dvpve,battery_state,middle
2026-09-17T18:23:49Z,bfd6f4f87fea9d866dvpve,va_humidity,60
2026-09-17T18:23:49Z,bfd6f4f87fea9d866dvpve,va_temperature,22
2026-09-17T18:24:59Z,bf7e2a70935af7de78mjqt,va_humidity,56
2026-09-17T18:24:59Z,bf7e2a70935af7de78mjqt,va_temperature,22.4
2026-09-17T18:25:00Z,bf7e2a70935af7de78mjqt,battery_state,middle
2026-09-17T18:29:04Z,bf5741c97c96fa85b1d7do,battery_state,middle
2026-09-17T18:29:04Z,bf5741c97c96fa85b1d7do,va_humidity,61
2026-09-17T18:29:04Z,bf5741c97c96fa85b1d7do,va_temperature,21.7
2026-09-17T19:00:00Z,zewnatrz,va_humidity,74
2026-09-17T19:00:00Z,zewnatrz,va_temperature,16
2026-09-17T19:10:26Z,bf43cf664d6644420axva3,battery_state,middle
2026-09-17T19:10:26Z,bf43cf664d6644420axva3,va_humidity,57
2026-09-17T19:10:26Z,bf43cf664d6644420axva3,va_temperature,21.6
2026-09-17T19:23:31Z,bfd6f4f87fea9d866dvpve,battery_state,middle
2026-09-17T19:23:31Z,bfd6f4f87fea9d866dvpve,va_humidity,60
2026-09-17T19:23:31Z,bfd6f4f87fea9d866dvpve,va_temperature,22
2026-09-17T19:24:36Z,bf7e2a70935af7de78mjqt,battery_state,middle
2026-09-17T19:24:36Z,bf7e2a70935af7de78mjqt,va_humidity,56
2026-09-17T19:24:36Z,bf7e2a70935af7de78mjqt,va_temperature,22.4
2026-09-17T19:28:18Z,bf5741c97c96fa85b1d7do,battery_state,middle
2026-09-17T19:28:18Z,bf5741c97c96fa85b1d7do,va_humidity,61
2026-09-17T19:28:18Z,bf5741c97c96fa85b1d7do,va_temperature,21.6
2026-09-17T19:35:16Z,bf43cf664d6644420axva3,battery_state,middle
2026-09-17T19:35:16Z,bf43cf664d6644420axva3,va_humidity,57
2026-09-17T19:35:16Z,bf43cf664d6644420axva3,va_temperature,21.6
2026-09-17T20:00:00Z,zewnatrz,va_humidity,78
2026-09-17T20:00:00Z,zewnatrz,va_temperature,15.3
2026-09-17T20:09:52Z,bf43cf664d6644420axva3,va_humidity,57
2026-09-17T20:09:52Z,bf43cf664d6644420axva3,va_temperature,21.6
2026-09-17T20:09:53Z,bf43cf664d6644420axva3,battery_state,middle
2026-09-17T20:23:13Z,bfd6f4f87fea9d866dvpve,va_temperature,22
2026-09-17T20:23:14Z,bfd6f4f87fea9d866dvpve,battery_state,middle
2026-09-17T20:23:14Z,bfd6f4f87fea9d866dvpve,va_humidity,60
2026-09-17T20:24:12Z,bf7e2a70935af7de78mjqt,va_temperature,22.3
2026-09-17T20:24:13Z,bf7e2a70935af7de78mjqt,battery_state,middle
2026-09-17T20:24:13Z,bf7e2a70935af7de78mjqt,va_humidity,56
2026-09-17T20:27:32Z,bf5741c97c96fa85b1d7do,va_humidity,61
2026-09-17T20:27:32Z,bf5741c97c96fa85b1d7do,va_temperature,21.6
2026-09-17T20:27:33Z,bf5741c97c96fa85b1d7do,battery_state,middle
2026-09-17T21:00:00Z,zewnatrz,va_humidity,81
2026-09-17T21:00:00Z,zewnatrz,va_temperature,14.9
2026-09-17T21:09:18Z,bf43cf664d6644420axva3,va_temperature,21.6
2026-09-17T21:09:19Z,bf43cf664d6644420axva3,battery_state,middle
2026-09-17T21:09:19Z,bf43cf664d6644420axva3,va_humidity,57
2026-09-17T21:15:35Z,bf43cf664d6644420axva3,battery_state,middle
2026-09-17T21:15:35Z,bf43cf664d6644420axva3,va_humidity,57
2026-09-17T21:15:35Z,bf43cf664d6644420axva3,va_temperature,21.5
2026-09-17T21:22:56Z,bfd6f4f87fea9d866dvpve,battery_state,middle
2026-09-17T21:22:56Z,bfd6f4f87fea9d866dvpve,va_humidity,60
2026-09-17T21:22:56Z,bfd6f4f87fea9d866dvpve,va_temperature,22
2026-09-17T21:23:49Z,bf7e2a70935af7de78mjqt,battery_state,middle
2026-09-17T21:23:49Z,bf7e2a70935af7de78mjqt,va_humidity,56
2026-09-17T21:23:49Z,bf7e2a70935af7de78mjqt,va_temperature,22.3
2026-09-17T21:26:46Z,bf5741c97c96fa85b1d7do,va_humidity,61
2026-09-17T21:26:46Z,bf5741c97c96fa85b1d7do,va_temperature,21.5
2026-09-17T21:26:47Z,bf5741c97c96fa85b1d7do,battery_state,middle
2026-09-17T22:00:00Z,zewnatrz,va_humidity,84
2026-09-17T22:00:00Z,zewnatrz,va_temperature,14
2026-09-17T22:08:44Z,bf43cf664d6644420axva3,va_humidity,57
2026-09-17T22:08:44Z,bf43cf664d6644420axva3,va_temperature,21.5
2026-09-17T22:08:45Z,bf43cf664d6644420axva3,battery_state,middle
2026-09-17T22:22:38Z,bfd6f4f87fea9d866dvpve,battery_state,middle
2026-09-17T22:22:38Z,bfd6f4f87fea9d866dvpve,va_humidity,60
2026-09-17T22:22:38Z,bfd6f4f87fea9d866dvpve,va_temperature,21.9
2026-09-17T22:23:26Z,bf7e2a70935af7de78mjqt,battery_state,middle
2026-09-17T22:23:26Z,bf7e2a70935af7de78mjqt,va_humidity,56
2026-09-17T22:23:26Z,bf7e2a70935af7de78mjqt,va_temperature,22.2
2026-09-17T22:26:00Z,bf5741c97c96fa85b1d7do,va_temperature,21.5
2026-09-17T22:26:01Z,bf5741c97c96fa85b1d7do,battery_state,middle
2026-09-17T22:26:01Z,bf5741c97c96fa85b1d7do,va_humidity,61
2026-09-17T23:00:00Z,zewnatrz,va_humidity,85
2026-09-17T23:00:00Z,zewnatrz,va_temperature,13.7
2026-09-17T23:08:11Z,bf43cf664d6644420axva3,va_humidity,57
2026-09-17T23:08:11Z,bf43cf664d6644420axva3,va_temperature,21.5
2026-09-17T23:08:12Z,bf43cf664d6644420axva3,battery_state,middle
2026-09-17T23:22:20Z,bfd6f4f87fea9d866dvpve,battery_state,middle
2026-09-17T23:22:20Z,bfd6f4f87fea9d866dvpve,va_humidity,60
2026-09-17T23:22:20Z,bfd6f4f87fea9d866dvpve,va_temperature,21.9
2026-09-17T23:23:02Z,bf7e2a70935af7de78mjqt,va_temperature,22.2
2026-09-17T23:23:03Z,bf7e2a70935af7de78mjqt,battery_state,middle
2026-09-17T23:23:03Z,bf7e2a70935af7de78mjqt,va_humidity,56
2026-09-17T23:25:15Z,bf5741c97c96fa85b1d7do,battery_state,middle
2026-09-17T23:25:15Z,bf5741c97c96fa85b1d7do,va_humidity,61
2026-09-17T23:25:15Z,bf5741c97c96fa85b1d7do,va_temperature,21.5
2026-09-18T00:00:00Z,zewnatrz,va_humidity,87
2026-09-18T00:00:00Z,zewnatrz,va_temperature,13.2
2026-09-18T00:07:38Z,bf43cf664d6644420axva3,battery_state,middle
2026-09-18T00:07:38Z,bf43cf664d6644420axva3,va_humidity,57
2026-09-18T00:07:38Z,bf43cf664d6644420axva3,va_temperature,21.5
2026-09-18T00:22:02Z,bfd6f4f87fea9d866dvpve,battery_state,middle
2026-09-18T00:22:02Z,bfd6f4f87fea9d866dvpve,va_humidity,60
2026-09-18T00:22:02Z,bfd6f4f87fea9d866dvpve,va_temperature,21.9
2026-09-18T00:22:39Z,bf7e2a70935af7de78mjqt,battery_state,middle
2026-09-18T00:22:39Z,bf7e2a70935af7de78mjqt,va_humidity,56
2026-09-18T00:22:39Z,bf7e2a70935af7de78mjqt,va_temperature,22.1
2026-09-18T00:24:29Z,bf5741c97c96fa85b1d7do,battery_state,middle
2026-09-18T00:24:29Z,bf5741c97c96fa85b1d7do,va_humidity,61
2026-09-18T00:24:29Z,bf5741c97c96fa85b1d7do,va_temperature,21.3
2026-09-18T00:48:36Z,bf43cf664d6644420axva3,va_temperature,21.4
2026-09-18T00:48:37Z,bf43cf664d6644420axva3,battery_state,middle
2026-09-18T00:48:37Z,bf43cf664d6644420axva3,va_humidity,57
2026-09-18T01:00:00Z,zewnatrz,va_humidity,87
2026-09-18T01:00:00Z,zewnatrz,va_temperature,12.9
2026-09-18T01:07:05Z,bf43cf664d6644420axva3,battery_state,middle
2026-09-18T01:07:05Z,bf43cf664d6644420axva3,va_humidity,57
2026-09-18T01:07:05Z,bf43cf664d6644420axva3,va_temperature,21.4
2026-09-18T01:21:44Z,bfd6f4f87fea9d866dvpve,va_temperature,21.8
2026-09-18T01:21:45Z,bfd6f4f87fea9d866dvpve,battery_state,middle
2026-09-18T01:21:45Z,bfd6f4f87fea9d866dvpve,va_humidity,60
2026-09-18T01:22:15Z,bf7e2a70935af7de78mjqt,va_temperature,22.1
2026-09-18T01:22:16Z,bf7e2a70935af7de78mjqt,battery_state,middle
2026-09-18T01:22:16Z,bf7e2a70935af7de78mjqt,va_humidity,56
2026-09-18T01:23:43Z,bf5741c97c96fa85b1d7do,va_temperature,21.3
2026-09-18T01:23:44Z,bf5741c97c96fa85b1d7do,battery_state,middle
2026-09-18T01:23:44Z,bf5741c97c96fa85b1d7do,va_humidity,61
2026-09-18T02:00:00Z,zewnatrz,va_humidity,87
2026-09-18T02:00:00Z,zewnatrz,va_temperature,12.6
2026-09-18T02:06:31Z,bf43cf664d6644420axva3,va_humidity,57
2026-09-18T02:06:31Z,bf43cf664d6644420axva3,va_temperature,21.4
2026-09-18T02:06:32Z,bf43cf664d6644420axva3,battery_state,middle
2026-09-18T02:21:27Z,bfd6f4f87fea9d866dvpve,battery_state,middle
2026-09-18T02:21:27Z,bfd6f4f87fea9d866dvpve,va_humidity,60
2026-09-18T02:21:27Z,bfd6f4f87fea9d866dvpve,va_temperature,21.8
2026-09-18T02:21:51Z,bf7e2a70935af7de78mjqt,va_temperature,22
2026-09-18T02:21:52Z,bf7e2a70935af7de78mjqt,battery_state,middle
2026-09-18T02:21:52Z,bf7e2a70935af7de78mjqt,va_humidity,56
2026-09-18T02:22:58Z,bf5741c97c96fa85b1d7do,battery_state,middle
2026-09-18T02:22:58Z,bf5741c97c96fa85b1d7do,va_humidity,60
2026-09-18T02:22:58Z,bf5741c97c96fa85b1d7do,va_temperature,21.3
2026-09-18T02:59:50Z,bf43cf664d6644420axva3,battery_state,middle
2026-09-18T02:59:50Z,bf43cf664d6644420axva3,va_humidity,57
2026-09-18T02:59:50Z,bf43cf664d6644420axva3,va_temperature,21.4
2026-09-18T03:00:00Z,zewnatrz,va_humidity,87
2026-09-18T03:00:00Z,zewnatrz,va_temperature,12.2
2026-09-18T03:05:59Z,bf43cf664d6644420axva3,battery_state,middle
2026-09-18T03:05:59Z,bf43cf664d6644420axva3,va_humidity,57
2026-09-18T03:05:59Z,bf43cf664d6644420axva3,va_temperature,21.4
2026-09-18T03:21:09Z,bfd6f4f87fea9d866dvpve,battery_state,middle
2026-09-18T03:21:09Z,bfd6f4f87fea9d866dvpve,va_humidity,59
2026-09-18T03:21:09Z,bfd6f4f87fea9d866dvpve,va_temperature,21.8
2026-09-18T03:21:28Z,bf7e2a70935af7de78mjqt,battery_state,middle
2026-09-18T03:21:28Z,bf7e2a70935af7de78mjqt,va_humidity,55
2026-09-18T03:21:28Z,bf7e2a70935af7de78mjqt,va_temperature,22
2026-09-18T03:22:12Z,bf5741c97c96fa85b1d7do,battery_state,middle
2026-09-18T03:22:12Z,bf5741c97c96fa85b1d7do,va_humidity,60
2026-09-18T03:22:12Z,bf5741c97c96fa85b1d7do,va_temperature,21.2
2026-09-18T04:00:00Z,zewnatrz,va_humidity,87
2026-09-18T04:00:00Z,zewnatrz,va_temperature,11.8
2026-09-18T04:05:25Z,bf43cf664d6644420axva3,battery_state,middle
2026-09-18T04:05:25Z,bf43cf664d6644420axva3,va_humidity,57
2026-09-18T04:05:25Z,bf43cf664d6644420axva3,va_temperature,21.3
2026-09-18T04:20:51Z,bfd6f4f87fea9d866dvpve,va_temperature,21.7
2026-09-18T04:20:52Z,bfd6f4f87fea9d866dvpve,battery_state,middle
2026-09-18T04:20:52Z,bfd6f4f87fea9d866dvpve,va_humidity,59
2026-09-18T04:21:04Z,bf7e2a70935af7de78mjqt,va_humidity,55
2026-09-18T04:21:04Z,bf7e2a70935af7de78mjqt,va_temperature,21.9
2026-09-18T04:21:05Z,bf7e2a70935af7de78mjqt,battery_state,middle
2026-09-18T04:21:26Z,bf5741c97c96fa85b1d7do,va_humidity,60
2026-09-18T04:21:26Z,bf5741c97c96fa85b1d7do,va_temperature,21.2
2026-09-18T04:21:27Z,bf5741c97c96fa85b1d7do,battery_state,middle
2026-09-18T04:52:24Z,bf43cf664d6644420axva3,battery_state,middle
2026-09-18T04:52:24Z,bf43cf664d6644420axva3,va_humidity,57
2026-09-18T04:52:24Z,bf43cf664d6644420axva3,va_temperature,21.3
2026-09-18T05:00:00Z,zewnatrz,va_humidity,85
2026-09-18T05:00:00Z,zewnatrz,va_temperature,12
2026-09-18T05:04:51Z,bf43cf664d6644420axva3,va_humidity,57
2026-09-18T05:04:51Z,bf43cf664d6644420axva3,va_temperature,21.3
2026-09-18T05:04:52Z,bf43cf664d6644420axva3,battery_state,middle
2026-09-18T05:20:33Z,bfd6f4f87fea9d866dvpve,va_temperature,21.7
2026-09-18T05:20:34Z,bfd6f4f87fea9d866dvpve,battery_state,middle
2026-09-18T05:20:34Z,bfd6f4f87fea9d866dvpve,va_humidity,58
2026-09-18T05:20:40Z,bf5741c97c96fa85b1d7do,va_humidity,60
2026-09-18T05:20:40Z,bf5741c97c96fa85b1d7do,va_temperature,21.1
2026-09-18T05:20:41Z,bf5741c97c96fa85b1d7do,battery_state,middle
2026-09-18T05:20:41Z,bf7e2a70935af7de78mjqt,battery_state,middle
2026-09-18T05:20:41Z,bf7e2a70935af7de78mjqt,va_humidity,55
2026-09-18T05:20:41Z,bf7e2a70935af7de78mjqt,va_temperature,21.9
2026-09-18T06:00:00Z,zewnatrz,va_humidity,82
2026-09-18T06:00:00Z,zewnatrz,va_temperature,13.2
2026-09-18T06:04:17Z,bf43cf664d6644420axva3,battery_state,middle
2026-09-18T06:04:17Z,bf43cf664d6644420axva3,va_humidity,57
2026-09-18T06:04:17Z,bf43cf664d6644420axva3,va_temperature,21.3
2026-09-18T06:19:54Z,bf5741c97c96fa85b1d7do,battery_state,middle
2026-09-18T06:19:54Z,bf5741c97c96fa85b1d7do,va_humidity,60
2026-09-18T06:19:54Z,bf5741c97c96fa85b1d7do,va_temperature,21.2
2026-09-18T06:20:16Z,bfd6f4f87fea9d866dvpve,battery_state,middle
2026-09-18T06:20:16Z,bfd6f4f87fea9d866dvpve,va_humidity,59
2026-09-18T06:20:16Z,bfd6f4f87fea9d866dvpve,va_temperature,21.7
2026-09-18T06:20:17Z,bf7e2a70935af7de78mjqt,va_humidity,55
2026-09-18T06:20:17Z,bf7e2a70935af7de78mjqt,va_temperature,21.8
2026-09-18T06:20:18Z,bf7e2a70935af7de78mjqt,battery_state,middle
2026-09-18T06:32:36Z,bf43cf664d6644420axva3,va_temperature,21.3
2026-09-18T06:32:37Z,bf43cf664d6644420axva3,battery_state,middle
2026-09-18T06:32:37Z,bf43cf664d6644420axva3,va_humidity,57
2026-09-18T07:00:00Z,zewnatrz,va_humidity,77
2026-09-18T07:00:00Z,zewnatrz,va_temperature,14.8
2026-09-18T07:03:43Z,bf43cf664d6644420axva3,battery_state,middle
2026-09-18T07:03:43Z,bf43cf664d6644420axva3,va_humidity,57
2026-09-18T07:03:43Z,bf43cf664d6644420axva3,va_temperature,21.3
2026-09-18T07:19:08Z,bf5741c97c96fa85b1d7do,battery_state,middle
2026-09-18T07:19:08Z,bf5741c97c96fa85b1d7do,va_humidity,60
2026-09-18T07:19:08Z,bf5741c97c96fa85b1d7do,va_temperature,21.4
2026-09-18T07:19:53Z,bf7e2a70935af7de78mjqt,va_temperature,21.9
2026-09-18T07:19:54Z,bf7e2a70935af7de78mjqt,battery_state,middle
2026-09-18T07:19:54Z,bf7e2a70935af7de78mjqt,va_humidity,55
2026-09-18T07:19:58Z,bfd6f4f87fea9d866dvpve,battery_state,middle
2026-09-18T07:19:58Z,bfd6f4f87fea9d866dvpve,va_humidity,59
2026-09-18T07:19:58Z,bfd6f4f87fea9d866dvpve,va_temperature,21.7
2026-09-18T08:00:00Z,zewnatrz,va_humidity,73
2026-09-18T08:00:00Z,zewnatrz,va_temperature,16.3
2026-09-18T08:03:09Z,bf43cf664d6644420axva3,va_humidity,57
2026-09-18T08:03:09Z,bf43cf664d6644420axva3,va_temperature,21.3
2026-09-18T08:03:10Z,bf43cf664d6644420axva3,battery_state,middle
2026-09-18T08:18:22Z,bf5741c97c96fa85b1d7do,battery_state,middle
2026-09-18T08:18:22Z,bf5741c97c96fa85b1d7do,va_humidity,60
2026-09-18T08:18:22Z,bf5741c97c96fa85b1d7do,va_temperature,21.4
2026-09-18T08:19:30Z,bf7e2a70935af7de78mjqt,va_humidity,55
2026-09-18T08:19:30Z,bf7e2a70935af7de78mjqt,va_temperature,22
2026-09-18T08:19:31Z,bf7e2a70935af7de78mjqt,battery_state,middle
2026-09-18T08:19:40Z,bfd6f4f87fea9d866dvpve,battery_state,middle
2026-09-18T08:19:40Z,bfd6f4f87fea9d866dvpve,va_humidity,59
2026-09-18T08:19:40Z,bfd6f4f87fea9d866dvpve,va_temperature,21.7
2026-09-18T09:00:00Z,zewnatrz,va_humidity,67
2026-09-18T09:00:00Z,zewnatrz,va_temperature,18.1
2026-09-18T09:02:35Z,bf43cf664d6644420axva3,va_humidity,57
2026-09-18T09:02:35Z,bf43cf664d6644420axva3,va_temperature,21.3
2026-09-18T09:02:36Z,bf43cf664d6644420axva3,battery_state,middle
2026-09-18T09:17:36Z,bf5741c97c96fa85b1d7do,battery_state,middle
2026-09-18T09:17:36Z,bf5741c97c96fa85b1d7do,va_humidity,60
2026-09-18T09:17:36Z,bf5741c97c96fa85b1d7do,va_temperature,21.5
2026-09-18T09:19:07Z,bf7e2a70935af7de78mjqt,battery_state,middle
2026-09-18T09:19:07Z,bf7e2a70935af7de78mjqt,va_humidity,55
2026-09-18T09:19:07Z,bf7e2a70935af7de78mjqt,va_temperature,22.2
2026-09-18T09:19:21Z,bfd6f4f87fea9d866dvpve,va_temperature,21.8
2026-09-18T09:19:22Z,bfd6f4f87fea9d866dvpve,battery_state,middle
2026-09-18T09:19:22Z,bfd6f4f87fea9d866dvpve,va_humidity,60
2026-09-18T09:47:17Z,bf43cf664d6644420axva3,va_humidity,57
2026-09-18T09:47:17Z,bf43cf664d6644420axva3,va_temperature,21.4
2026-09-18T09:47:18Z,bf43cf664d6644420axva3,battery_state,middle
2026-09-18T10:00:00Z,zewnatrz,va_humidity,58
2026-09-18T10:00:00Z,zewnatrz,va_temperature,19.8
2026-09-18T10:02:02Z,bf43cf664d6644420axva3,battery_state,middle
2026-09-18T10:02:02Z,bf43cf664d6644420axva3,va_humidity,57
2026-09-18T10:02:02Z,bf43cf664d6644420axva3,va_temperature,21.4
2026-09-18T10:16:50Z,bf5741c97c96fa85b1d7do,battery_state,middle
2026-09-18T10:16:50Z,bf5741c97c96fa85b1d7do,va_humidity,60
2026-09-18T10:16:50Z,bf5741c97c96fa85b1d7do,va_temperature,21.7
2026-09-18T10:18:43Z,bf7e2a70935af7de78mjqt,battery_state,middle
2026-09-18T10:18:43Z,bf7e2a70935af7de78mjqt,va_humidity,55
2026-09-18T10:18:43Z,bf7e2a70935af7de78mjqt,va_temperature,22.4
2026-09-18T10:19:03Z,bfd6f4f87fea9d866dvpve,battery_state,middle
2026-09-18T10:19:03Z,bfd6f4f87fea9d866dvpve,va_humidity,60
2026-09-18T10:19:03Z,bfd6f4f87fea9d866dvpve,va_temperature,21.8
2026-09-18T11:00:00Z,zewnatrz,va_humidity,50
2026-09-18T11:00:00Z,zewnatrz,va_temperature,20.9
2026-09-18T11:01:28Z,bf43cf664d6644420axva3,va_humidity,57
2026-09-18T11:01:28Z,bf43cf664d6644420axva3,va_temperature,21.4
2026-09-18T11:01:29Z,bf43cf664d6644420axva3,battery_state,middle
2026-09-18T11:16:04Z,bf5741c97c96fa85b1d7do,battery_state,middle
2026-09-18T11:16:04Z,bf5741c97c96fa85b1d7do,va_humidity,59
2026-09-18T11:16:04Z,bf5741c97c96fa85b1d7do,va_temperature,21.8
2026-09-18T11:18:19Z,bf7e2a70935af7de78mjqt,battery_state,middle
2026-09-18T11:18:19Z,bf7e2a70935af7de78mjqt,va_humidity,55
2026-09-18T11:18:19Z,bf7e2a70935af7de78mjqt,va_temperature,22.6
2026-09-18T11:18:44Z,bfd6f4f87fea9d866dvpve,battery_state,middle
2026-09-18T11:18:44Z,bfd6f4f87fea9d866dvpve,va_humidity,60
2026-09-18T11:18:44Z,bfd6f4f87fea9d866dvpve,va_temperature,21.9
2026-09-18T12:00:00Z,zewnatrz,va_humidity,45
2026-09-18T12:00:00Z,zewnatrz,va_temperature,21.7
2026-09-18T12:00:55Z,bf43cf664d6644420axva3,battery_state,middle
2026-09-18T12:00:55Z,bf43cf664d6644420axva3,va_humidity,57
2026-09-18T12:00:55Z,bf43cf664d6644420axva3,va_temperature,21.5
2026-09-18T12:15:18Z,bf5741c97c96fa85b1d7do,battery_state,middle
2026-09-18T12:15:18Z,bf5741c97c96fa85b1d7do,va_humidity,59
2026-09-18T12:15:18Z,bf5741c97c96fa85b1d7do,va_temperature,21.8
2026-09-18T12:17:54Z,bf7e2a70935af7de78mjqt,va_humidity,55
2026-09-18T12:17:54Z,bf7e2a70935af7de78mjqt,va_temperature,22.6
2026-09-18T12:17:55Z,bf7e2a70935af7de78mjqt,battery_state,middle
2026-09-18T12:18:25Z,bfd6f4f87fea9d866dvpve,battery_state,middle
2026-09-18T12:18:25Z,bfd6f4f87fea9d866dvpve,va_humidity,59
2026-09-18T12:18:25Z,bfd6f4f87fea9d866dvpve,va_temperature,21.9
2026-09-18T13:00:00Z,zewnatrz,va_humidity,45
2026-09-18T13:00:00Z,zewnatrz,va_temperature,21.8
2026-09-18T13:00:22Z,bf43cf664d6644420axva3,battery_state,middle
2026-09-18T13:00:22Z,bf43cf664d6644420axva3,va_humidity,57
2026-09-18T13:00:22Z,bf43cf664d6644420axva3,va_temperature,21.5
2026-09-18T13:14:31Z,bf5741c97c96fa85b1d7do,va_temperature,21.9
2026-09-18T13:14:32Z,bf5741c97c96fa85b1d7do,battery_state,middle
2026-09-18T13:14:32Z,bf5741c97c96fa85b1d7do,va_humidity,58
2026-09-18T13:17:30Z,bf7e2a70935af7de78mjqt,va_humidity,55
2026-09-18T13:17:30Z,bf7e2a70935af7de78mjqt,va_temperature,22.6
2026-09-18T13:17:31Z,bf7e2a70935af7de78mjqt,battery_state,middle
2026-09-18T13:18:07Z,bfd6f4f87fea9d866dvpve,battery_state,middle
2026-09-18T13:18:07Z,bfd6f4f87fea9d866dvpve,va_humidity,58
2026-09-18T13:18:07Z,bfd6f4f87fea9d866dvpve,va_temperature,21.9
2026-09-18T13:59:48Z,bf43cf664d6644420axva3,va_temperature,21.5
2026-09-18T13:59:49Z,bf43cf664d6644420axva3,battery_state,middle
2026-09-18T13:59:49Z,bf43cf664d6644420axva3,va_humidity,56
2026-09-18T14:00:00Z,zewnatrz,va_humidity,47
2026-09-18T14:00:00Z,zewnatrz,va_temperature,21.6
2026-09-18T14:13:45Z,bf5741c97c96fa85b1d7do,va_humidity,58
2026-09-18T14:13:45Z,bf5741c97c96fa85b1d7do,va_temperature,21.8
2026-09-18T14:13:46Z,bf5741c97c96fa85b1d7do,battery_state,middle
2026-09-18T14:17:06Z,bf7e2a70935af7de78mjqt,va_temperature,22.5
2026-09-18T14:17:07Z,bf7e2a70935af7de78mjqt,battery_state,middle
2026-09-18T14:17:07Z,bf7e2a70935af7de78mjqt,va_humidity,54
2026-09-18T14:17:48Z,bfd6f4f87fea9d866dvpve,va_humidity,58
2026-09-18T14:17:48Z,bfd6f4f87fea9d866dvpve,va_temperature,21.9
2026-09-18T14:17:49Z,bfd6f4f87fea9d866dvpve,battery_state,middle
2026-09-18T14:59:15Z,bf43cf664d6644420axva3,battery_state,middle
2026-09-18T14:59:15Z,bf43cf664d6644420axva3,va_humidity,56
2026-09-18T14:59:15Z,bf43cf664d6644420axva3,va_temperature,21.6
2026-09-18T15:00:00Z,zewnatrz,va_humidity,51
2026-09-18T15:00:00Z,zewnatrz,va_temperature,21.1
2026-09-18T15:12:59Z,bf5741c97c96fa85b1d7do,battery_state,middle
2026-09-18T15:12:59Z,bf5741c97c96fa85b1d7do,va_humidity,58
2026-09-18T15:12:59Z,bf5741c97c96fa85b1d7do,va_temperature,21.8
2026-09-18T15:16:42Z,bf7e2a70935af7de78mjqt,va_temperature,22.5
2026-09-18T15:16:43Z,bf7e2a70935af7de78mjqt,battery_state,middle
2026-09-18T15:16:43Z,bf7e2a70935af7de78mjqt,va_humidity,54
2026-09-18T15:17:30Z,bfd6f4f87fea9d866dvpve,battery_state,middle
2026-09-18T15:17:30Z,bfd6f4f87fea9d866dvpve,va_humidity,58
2026-09-18T15:17:30Z,bfd6f4f87fea9d866dvpve,va_temperature,21.9
2026-09-18T15:22:35Z,bf43cf664d6644420axva3,battery_state,middle
2026-09-18T15:51:04Z,bf43cf664d6644420axva3,battery_state,middle
2026-09-18T15:51:04Z,bf43cf664d6644420axva3,va_humidity,56
2026-09-18T15:51:04Z,bf43cf664d6644420axva3,va_temperature,21.5
2026-09-18T15:58:42Z,bf43cf664d6644420axva3,va_temperature,21.5
2026-09-18T15:58:43Z,bf43cf664d6644420axva3,battery_state,middle
2026-09-18T15:58:43Z,bf43cf664d6644420axva3,va_humidity,56
2026-09-18T16:00:00Z,zewnatrz,va_humidity,47
2026-09-18T16:00:00Z,zewnatrz,va_temperature,20.8
2026-09-18T16:12:12Z,bf5741c97c96fa85b1d7do,va_temperature,21.8
2026-09-18T16:12:13Z,bf5741c97c96fa85b1d7do,battery_state,middle
2026-09-18T16:12:13Z,bf5741c97c96fa85b1d7do,va_humidity,58
2026-09-18T16:16:18Z,bf7e2a70935af7de78mjqt,va_temperature,22.4
2026-09-18T16:16:19Z,bf7e2a70935af7de78mjqt,battery_state,middle
2026-09-18T16:16:19Z,bf7e2a70935af7de78mjqt,va_humidity,54
2026-09-18T16:17:11Z,bfd6f4f87fea9d866dvpve,battery_state,middle
2026-09-18T16:17:11Z,bfd6f4f87fea9d866dvpve,va_humidity,58
2026-09-18T16:17:11Z,bfd6f4f87fea9d866dvpve,va_temperature,21.9
2026-09-18T16:58:09Z,bf43cf664d6644420axva3,battery_state,middle
2026-09-18T16:58:09Z,bf43cf664d6644420axva3,va_humidity,56
2026-09-18T16:58:09Z,bf43cf664d6644420axva3,va_temperature,21.5
2026-09-18T17:00:00Z,zewnatrz,va_humidity,56
2026-09-18T17:00:00Z,zewnatrz,va_temperature,19.6
2026-09-18T17:11:26Z,bf5741c97c96fa85b1d7do,battery_state,middle
2026-09-18T17:11:26Z,bf5741c97c96fa85b1d7do,va_humidity,58
2026-09-18T17:11:26Z,bf5741c97c96fa85b1d7do,va_temperature,21.6
2026-09-18T17:15:55Z,bf7e2a70935af7de78mjqt,battery_state,middle
2026-09-18T17:15:55Z,bf7e2a70935af7de78mjqt,va_humidity,54
2026-09-18T17:15:55Z,bf7e2a70935af7de78mjqt,va_temperature,22.3
2026-09-18T17:16:52Z,bfd6f4f87fea9d866dvpve,va_humidity,58
2026-09-18T17:16:52Z,bfd6f4f87fea9d866dvpve,va_temperature,21.9
2026-09-18T17:16:53Z,bfd6f4f87fea9d866dvpve,battery_state,middle
2026-09-18T17:57:36Z,bf43cf664d6644420axva3,battery_state,middle
2026-09-18T17:57:36Z,bf43cf664d6644420axva3,va_humidity,56
2026-09-18T17:57:36Z,bf43cf664d6644420axva3,va_temperature,21.5
2026-09-18T18:00:00Z,zewnatrz,va_humidity,58
2026-09-18T18:00:00Z,zewnatrz,va_temperature,18.6
2026-09-18T18:10:40Z,bf5741c97c96fa85b1d7do,battery_state,middle
2026-09-18T18:10:40Z,bf5741c97c96fa85b1d7do,va_humidity,58
2026-09-18T18:10:40Z,bf5741c97c96fa85b1d7do,va_temperature,21.5
2026-09-18T18:15:31Z,bf7e2a70935af7de78mjqt,battery_state,middle
2026-09-18T18:15:31Z,bf7e2a70935af7de78mjqt,va_humidity,54
2026-09-18T18:15:31Z,bf7e2a70935af7de78mjqt,va_temperature,22.2
2026-09-18T18:16:33Z,bfd6f4f87fea9d866dvpve,va_temperature,21.9
2026-09-18T18:16:34Z,bfd6f4f87fea9d866dvpve,battery_state,middle
2026-09-18T18:16:34Z,bfd6f4f87fea9d866dvpve,va_humidity,58
2026-09-18T18:57:02Z,bf43cf664d6644420axva3,va_temperature,21.5
2026-09-18T18:57:03Z,bf43cf664d6644420axva3,battery_state,middle
2026-09-18T18:57:03Z,bf43cf664d6644420axva3,va_humidity,56
2026-09-18T19:00:00Z,zewnatrz,va_humidity,61
2026-09-18T19:00:00Z,zewnatrz,va_temperature,18.1
2026-09-18T19:09:53Z,bf5741c97c96fa85b1d7do,va_temperature,21.6
2026-09-18T19:09:54Z,bf5741c97c96fa85b1d7do,battery_state,middle
2026-09-18T19:09:54Z,bf5741c97c96fa85b1d7do,va_humidity,58
2026-09-18T19:15:08Z,bf7e2a70935af7de78mjqt,battery_state,middle
2026-09-18T19:15:08Z,bf7e2a70935af7de78mjqt,va_humidity,54
2026-09-18T19:15:08Z,bf7e2a70935af7de78mjqt,va_temperature,22.2
2026-09-18T19:16:15Z,bfd6f4f87fea9d866dvpve,battery_state,middle
2026-09-18T19:16:15Z,bfd6f4f87fea9d866dvpve,va_humidity,58
2026-09-18T19:16:15Z,bfd6f4f87fea9d866dvpve,va_temperature,21.8
2026-09-18T19:56:29Z,bf43cf664d6644420axva3,va_temperature,21.4
2026-09-18T19:56:30Z,bf43cf664d6644420axva3,battery_state,middle
2026-09-18T19:56:30Z,bf43cf664d6644420axva3,va_humidity,56
2026-09-18T20:00:00Z,zewnatrz,va_humidity,64
2026-09-18T20:00:00Z,zewnatrz,va_temperature,17.8
2026-09-18T20:09:07Z,bf5741c97c96fa85b1d7do,battery_state,middle
2026-09-18T20:09:07Z,bf5741c97c96fa85b1d7do,va_humidity,59
2026-09-18T20:09:07Z,bf5741c97c96fa85b1d7do,va_temperature,21.4
2026-09-18T20:11:30Z,bf43cf664d6644420axva3,battery_state,middle
2026-09-18T20:11:30Z,bf43cf664d6644420axva3,va_humidity,56
2026-09-18T20:11:30Z,bf43cf664d6644420axva3,va_temperature,21.4
2026-09-18T20:14:44Z,bf7e2a70935af7de78mjqt,va_temperature,22.1
2026-09-18T20:14:45Z,bf7e2a70935af7de78mjqt,battery_state,middle
2026-09-18T20:14:45Z,bf7e2a70935af7de78mjqt,va_humidity,54
2026-09-18T20:15:56Z,bfd6f4f87fea9d866dvpve,battery_state,middle
2026-09-18T20:15:56Z,bfd6f4f87fea9d866dvpve,va_humidity,58
2026-09-18T20:15:56Z,bfd6f4f87fea9d866dvpve,va_temperature,21.8
2026-09-18T20:41:55Z,bf43cf664d6644420axva3,battery_state,middle
2026-09-18T20:41:55Z,bf43cf664d6644420axva3,va_humidity,56
2026-09-18T20:41:55Z,bf43cf664d6644420axva3,va_temperature,21.4
2026-09-18T20:55:57Z,bf43cf664d6644420axva3,va_humidity,56
2026-09-18T20:55:57Z,bf43cf664d6644420axva3,va_temperature,21.4
2026-09-18T20:55:58Z,bf43cf664d6644420axva3,battery_state,middle
2026-09-18T21:00:00Z,zewnatrz,va_humidity,68
2026-09-18T21:00:00Z,zewnatrz,va_temperature,17.3
2026-09-18T21:08:21Z,bf5741c97c96fa85b1d7do,battery_state,middle
2026-09-18T21:08:21Z,bf5741c97c96fa85b1d7do,va_humidity,59
2026-09-18T21:08:21Z,bf5741c97c96fa85b1d7do,va_temperature,21.4
2026-09-18T21:14:21Z,bf7e2a70935af7de78mjqt,battery_state,middle
2026-09-18T21:14:21Z,bf7e2a70935af7de78mjqt,va_humidity,54
2026-09-18T21:14:21Z,bf7e2a70935af7de78mjqt,va_temperature,22.1
2026-09-18T21:15:37Z,bfd6f4f87fea9d866dvpve,va_temperature,21.8
2026-09-18T21:15:38Z,bfd6f4f87fea9d866dvpve,battery_state,middle
2026-09-18T21:15:38Z,bfd6f4f87fea9d866dvpve,va_humidity,58
2026-09-18T21:55:24Z,bf43cf664d6644420axva3,battery_state,middle
2026-09-18T21:55:24Z,bf43cf664d6644420axva3,va_humidity,56
2026-09-18T21:55:24Z,bf43cf664d6644420axva3,va_temperature,21.4
2026-09-18T22:00:00Z,zewnatrz,va_humidity,70
2026-09-18T22:00:00Z,zewnatrz,va_temperature,17
2026-09-18T22:07:35Z,bf5741c97c96fa85b1d7do,battery_state,middle
2026-09-18T22:07:35Z,bf5741c97c96fa85b1d7do,va_humidity,59
2026-09-18T22:07:35Z,bf5741c97c96fa85b1d7do,va_temperature,21.4
2026-09-18T22:13:58Z,bf7e2a70935af7de78mjqt,battery_state,middle
2026-09-18T22:13:58Z,bf7e2a70935af7de78mjqt,va_humidity,54
2026-09-18T22:13:58Z,bf7e2a70935af7de78mjqt,va_temperature,22
2026-09-18T22:15:19Z,bfd6f4f87fea9d866dvpve,va_humidity,58
2026-09-18T22:15:19Z,bfd6f4f87fea9d866dvpve,va_temperature,21.8
2026-09-18T22:15:20Z,bfd6f4f87fea9d866dvpve,battery_state,middle
2026-09-18T22:54:51Z,bf43cf664d6644420axva3,va_temperature,21.4
2026-09-18T22:54:52Z,bf43cf664d6644420axva3,battery_state,middle
2026-09-18T22:54:52Z,bf43cf664d6644420axva3,va_humidity,56
2026-09-18T23:00:00Z,zewnatrz,va_humidity,72
2026-09-18T23:00:00Z,zewnatrz,va_temperature,16.7
2026-09-18T23:06:49Z,bf5741c97c96fa85b1d7do,battery_state,middle
2026-09-18T23:06:49Z,bf5741c97c96fa85b1d7do,va_humidity,59
2026-09-18T23:06:49Z,bf5741c97c96fa85b1d7do,va_temperature,21.3
2026-09-18T23:13:34Z,bf7e2a70935af7de78mjqt,battery_state,middle
2026-09-18T23:13:34Z,bf7e2a70935af7de78mjqt,va_humidity,54
2026-09-18T23:13:34Z,bf7e2a70935af7de78mjqt,va_temperature,22
2026-09-18T23:15:01Z,bfd6f4f87fea9d866dvpve,battery_state,middle
2026-09-18T23:15:01Z,bfd6f4f87fea9d866dvpve,va_humidity,58
2026-09-18T23:15:01Z,bfd6f4f87fea9d866dvpve,va_temperature,21.7
2026-09-18T23:54:19Z,bf43cf664d6644420axva3,battery_state,middle
2026-09-18T23:54:19Z,bf43cf664d6644420axva3,va_humidity,56
2026-09-18T23:54:19Z,bf43cf664d6644420axva3,va_temperature,21.3
2026-09-19T00:00:00Z,zewnatrz,va_humidity,74
2026-09-19T00:00:00Z,zewnatrz,va_temperature,16.1
2026-09-19T00:06:03Z,bf5741c97c96fa85b1d7do,battery_state,middle
2026-09-19T00:06:03Z,bf5741c97c96fa85b1d7do,va_humidity,59
2026-09-19T00:06:03Z,bf5741c97c96fa85b1d7do,va_temperature,21.3
2026-09-19T00:08:59Z,bf43cf664d6644420axva3,va_humidity,56
2026-09-19T00:08:59Z,bf43cf664d6644420axva3,va_temperature,21.3
2026-09-19T00:09:00Z,bf43cf664d6644420axva3,battery_state,middle
2026-09-19T00:13:11Z,bf7e2a70935af7de78mjqt,battery_state,middle
2026-09-19T00:13:11Z,bf7e2a70935af7de78mjqt,va_humidity,54
2026-09-19T00:13:11Z,bf7e2a70935af7de78mjqt,va_temperature,22
2026-09-19T00:14:43Z,bfd6f4f87fea9d866dvpve,battery_state,middle
2026-09-19T00:14:43Z,bfd6f4f87fea9d866dvpve,va_humidity,58
2026-09-19T00:14:43Z,bfd6f4f87fea9d866dvpve,va_temperature,21.7
2026-09-19T00:53:47Z,bf43cf664d6644420axva3,battery_state,middle
2026-09-19T00:53:47Z,bf43cf664d6644420axva3,va_humidity,56
2026-09-19T00:53:47Z,bf43cf664d6644420axva3,va_temperature,21.3
2026-09-19T01:00:00Z,zewnatrz,va_humidity,77
2026-09-19T01:00:00Z,zewnatrz,va_temperature,15.3
2026-09-19T01:05:17Z,bf5741c97c96fa85b1d7do,battery_state,middle
2026-09-19T01:05:17Z,bf5741c97c96fa85b1d7do,va_humidity,59
2026-09-19T01:05:17Z,bf5741c97c96fa85b1d7do,va_temperature,21.4
2026-09-19T01:14:25Z,bfd6f4f87fea9d866dvpve,battery_state,middle
2026-09-19T01:14:25Z,bfd6f4f87fea9d866dvpve,va_humidity,58
2026-09-19T01:14:25Z,bfd6f4f87fea9d866dvpve,va_temperature,21.7
2026-09-19T02:00:00Z,zewnatrz,va_humidity,77
2026-09-19T02:00:00Z,zewnatrz,va_temperature,15.3
2026-09-19T02:04:31Z,bf5741c97c96fa85b1d7do,battery_state,middle
2026-09-19T02:04:31Z,bf5741c97c96fa85b1d7do,va_humidity,59
2026-09-19T02:04:31Z,bf5741c97c96fa85b1d7do,va_temperature,21.3
2026-09-19T02:12:32Z,bf7e2a70935af7de78mjqt,battery_state,middle
2026-09-19T02:12:32Z,bf7e2a70935af7de78mjqt,va_humidity,55
2026-09-19T02:12:32Z,bf7e2a70935af7de78mjqt,va_temperature,21.9
2026-09-19T02:14:06Z,bfd6f4f87fea9d866dvpve,va_temperature,21.7
2026-09-19T02:14:07Z,bfd6f4f87fea9d866dvpve,battery_state,middle
2026-09-19T02:14:07Z,bfd6f4f87fea9d866dvpve,va_humidity,58
2026-09-19T02:52:49Z,bf43cf664d6644420axva3,battery_state,middle
2026-09-19T02:52:49Z,bf43cf664d6644420axva3,va_humidity,56
2026-09-19T02:52:49Z,bf43cf664d6644420axva3,va_temperature,21.3
2026-09-19T03:00:00Z,zewnatrz,va_humidity,73
2026-09-19T03:00:00Z,zewnatrz,va_temperature,15.5
2026-09-19T03:03:45Z,bf5741c97c96fa85b1d7do,va_humidity,59
2026-09-19T03:03:45Z,bf5741c97c96fa85b1d7do,va_temperature,21.3
2026-09-19T03:03:46Z,bf5741c97c96fa85b1d7do,battery_state,middle
2026-09-19T03:12:08Z,bf7e2a70935af7de78mjqt,va_humidity,55
2026-09-19T03:12:08Z,bf7e2a70935af7de78mjqt,va_temperature,21.9
2026-09-19T03:12:09Z,bf7e2a70935af7de78mjqt,battery_state,middle
2026-09-19T03:13:48Z,bfd6f4f87fea9d866dvpve,battery_state,middle
2026-09-19T03:13:48Z,bfd6f4f87fea9d866dvpve,va_humidity,59
2026-09-19T03:13:48Z,bfd6f4f87fea9d866dvpve,va_temperature,21.7
2026-09-19T03:42:47Z,bf43cf664d6644420axva3,battery_state,middle
2026-09-19T03:42:47Z,bf43cf664d6644420axva3,va_humidity,56
2026-09-19T03:52:16Z,bf43cf664d6644420axva3,va_temperature,21.2
2026-09-19T03:52:17Z,bf43cf664d6644420axva3,battery_state,middle
2026-09-19T03:52:17Z,bf43cf664d6644420axva3,va_humidity,56
2026-09-19T04:00:00Z,zewnatrz,va_humidity,75
2026-09-19T04:00:00Z,zewnatrz,va_temperature,14.8
2026-09-19T04:02:59Z,bf5741c97c96fa85b1d7do,battery_state,middle
2026-09-19T04:02:59Z,bf5741c97c96fa85b1d7do,va_humidity,59
2026-09-19T04:02:59Z,bf5741c97c96fa85b1d7do,va_temperature,21.2
2026-09-19T04:11:45Z,bf7e2a70935af7de78mjqt,battery_state,middle
2026-09-19T04:11:45Z,bf7e2a70935af7de78mjqt,va_humidity,55
2026-09-19T04:11:45Z,bf7e2a70935af7de78mjqt,va_temperature,21.8
2026-09-19T04:13:29Z,bfd6f4f87fea9d866dvpve,battery_state,middle
2026-09-19T04:13:29Z,bfd6f4f87fea9d866dvpve,va_humidity,59
2026-09-19T04:13:29Z,bfd6f4f87fea9d866dvpve,va_temperature,21.6
2026-09-19T04:51:44Z,bf43cf664d6644420axva3,battery_state,middle
2026-09-19T04:51:44Z,bf43cf664d6644420axva3,va_humidity,56
2026-09-19T04:51:44Z,bf43cf664d6644420axva3,va_temperature,21.2
2026-09-19T05:00:00Z,zewnatrz,va_humidity,77
2026-09-19T05:00:00Z,zewnatrz,va_temperature,14.6
2026-09-19T05:02:12Z,bf5741c97c96fa85b1d7do,va_temperature,21.1
2026-09-19T05:02:13Z,bf5741c97c96fa85b1d7do,battery_state,middle
2026-09-19T05:02:13Z,bf5741c97c96fa85b1d7do,va_humidity,60
2026-09-19T05:11:21Z,bf7e2a70935af7de78mjqt,battery_state,middle
2026-09-19T05:11:21Z,bf7e2a70935af7de78mjqt,va_humidity,55
2026-09-19T05:11:21Z,bf7e2a70935af7de78mjqt,va_temperature,21.8
2026-09-19T05:13:10Z,bfd6f4f87fea9d866dvpve,va_temperature,21.6
2026-09-19T05:13:11Z,bfd6f4f87fea9d866dvpve,battery_state,middle
2026-09-19T05:13:11Z,bfd6f4f87fea9d866dvpve,va_humidity,58
2026-09-19T05:37:22Z,bf43cf664d6644420axva3,va_temperature,21.2
2026-09-19T05:37:23Z,bf43cf664d6644420axva3,battery_state,middle
2026-09-19T05:37:23Z,bf43cf664d6644420axva3,va_humidity,56
2026-09-19T05:51:11Z,bf43cf664d6644420axva3,va_humidity,56
2026-09-19T05:51:11Z,bf43cf664d6644420axva3,va_temperature,21.2
2026-09-19T05:51:12Z,bf43cf664d6644420axva3,battery_state,middle
2026-09-19T06:00:00Z,zewnatrz,va_humidity,75
2026-09-19T06:00:00Z,zewnatrz,va_temperature,15.4
2026-09-19T06:01:26Z,bf5741c97c96fa85b1d7do,va_humidity,60
2026-09-19T06:01:26Z,bf5741c97c96fa85b1d7do,va_temperature,21.2
2026-09-19T06:01:27Z,bf5741c97c96fa85b1d7do,battery_state,middle
2026-09-19T06:10:58Z,bf7e2a70935af7de78mjqt,battery_state,middle
2026-09-19T06:10:58Z,bf7e2a70935af7de78mjqt,va_humidity,55
2026-09-19T06:10:58Z,bf7e2a70935af7de78mjqt,va_temperature,21.8
2026-09-19T06:12:52Z,bfd6f4f87fea9d866dvpve,battery_state,middle
2026-09-19T06:12:52Z,bfd6f4f87fea9d866dvpve,va_humidity,58
2026-09-19T06:12:52Z,bfd6f4f87fea9d866dvpve,va_temperature,21.6
2026-09-19T06:50:37Z,bf43cf664d6644420axva3,va_humidity,56
2026-09-19T06:50:37Z,bf43cf664d6644420axva3,va_temperature,21.2
2026-09-19T06:50:38Z,bf43cf664d6644420axva3,battery_state,middle
2026-09-19T07:00:00Z,zewnatrz,va_humidity,68
2026-09-19T07:00:00Z,zewnatrz,va_temperature,16.7
2026-09-19T07:00:40Z,bf5741c97c96fa85b1d7do,battery_state,middle
2026-09-19T07:00:40Z,bf5741c97c96fa85b1d7do,va_humidity,60
2026-09-19T07:00:40Z,bf5741c97c96fa85b1d7do,va_temperature,21.3
2026-09-19T07:10:34Z,bf7e2a70935af7de78mjqt,va_humidity,55
2026-09-19T07:10:34Z,bf7e2a70935af7de78mjqt,va_temperature,21.9
2026-09-19T07:10:35Z,bf7e2a70935af7de78mjqt,battery_state,middle
2026-09-19T07:12:33Z,bfd6f4f87fea9d866dvpve,battery_state,middle
2026-09-19T07:12:33Z,bfd6f4f87fea9d866dvpve,va_humidity,59
2026-09-19T07:12:33Z,bfd6f4f87fea9d866dvpve,va_temperature,21.6
2026-09-19T07:50:05Z,bf43cf664d6644420axva3,battery_state,middle
2026-09-19T07:50:05Z,bf43cf664d6644420axva3,va_humidity,56
2026-09-19T07:50:05Z,bf43cf664d6644420axva3,va_temperature,21.2
2026-09-19T07:59:54Z,bf5741c97c96fa85b1d7do,va_humidity,60
2026-09-19T07:59:54Z,bf5741c97c96fa85b1d7do,va_temperature,21.3
2026-09-19T07:59:55Z,bf5741c97c96fa85b1d7do,battery_state,middle
2026-09-19T08:00:00Z,zewnatrz,va_humidity,62
2026-09-19T08:00:00Z,zewnatrz,va_temperature,17.7
2026-09-19T08:10:11Z,bf7e2a70935af7de78mjqt,battery_state,middle
2026-09-19T08:10:11Z,bf7e2a70935af7de78mjqt,va_humidity,55
2026-09-19T08:10:11Z,bf7e2a70935af7de78mjqt,va_temperature,22
2026-09-19T08:12:14Z,bfd6f4f87fea9d866dvpve,va_temperature,21.6
2026-09-19T08:12:15Z,bfd6f4f87fea9d866dvpve,battery_state,middle
2026-09-19T08:12:15Z,bfd6f4f87fea9d866dvpve,va_humidity,59
2026-09-19T08:49:32Z,bf43cf664d6644420axva3,battery_state,middle
2026-09-19T08:49:32Z,bf43cf664d6644420axva3,va_humidity,57
2026-09-19T08:49:32Z,bf43cf664d6644420axva3,va_temperature,21.2
2026-09-19T08:59:08Z,bf5741c97c96fa85b1d7do,va_humidity,59
2026-09-19T08:59:08Z,bf5741c97c96fa85b1d7do,va_temperature,21.4
2026-09-19T08:59:09Z,bf5741c97c96fa85b1d7do,battery_state,middle
2026-09-19T09:00:00Z,zewnatrz,va_humidity,57
2026-09-19T09:00:00Z,zewnatrz,va_temperature,19.1
2026-09-19T09:09:47Z,bf7e2a70935af7de78mjqt,battery_state,middle
2026-09-19T09:09:47Z,bf7e2a70935af7de78mjqt,va_humidity,55
2026-09-19T09:09:47Z,bf7e2a70935af7de78mjqt,va_temperature,22.1
2026-09-19T09:11:56Z,bfd6f4f87fea9d866dvpve,battery_state,middle
2026-09-19T09:11:56Z,bfd6f4f87fea9d866dvpve,va_humidity,59
2026-09-19T09:11:56Z,bfd6f4f87fea9d866dvpve,va_temperature,21.7
2026-09-19T09:48:59Z,bf43cf664d6644420axva3,battery_state,middle
2026-09-19T09:48:59Z,bf43cf664d6644420axva3,va_humidity,57
2026-09-19T09:48:59Z,bf43cf664d6644420axva3,va_temperature,21.3
2026-09-19T09:58:22Z,bf5741c97c96fa85b1d7do,va_temperature,21.5
2026-09-19T09:58:23Z,bf5741c97c96fa85b1d7do,battery_state,middle
2026-09-19T09:58:23Z,bf5741c97c96fa85b1d7do,va_humidity,59
2026-09-19T10:00:00Z,zewnatrz,va_humidity,49
2026-09-19T10:00:00Z,zewnatrz,va_temperature,20.5
2026-09-19T10:09:23Z,bf7e2a70935af7de78mjqt,va_humidity,55
2026-09-19T10:09:23Z,bf7e2a70935af7de78mjqt,va_temperature,22.3
2026-09-19T10:09:24Z,bf7e2a70935af7de78mjqt,battery_state,middle
2026-09-19T10:11:36Z,bfd6f4f87fea9d866dvpve,va_temperature,21.7
2026-09-19T10:11:37Z,bfd6f4f87fea9d866dvpve,battery_state,middle
2026-09-19T10:11:37Z,bfd6f4f87fea9d866dvpve,va_humidity,59
2026-09-19T10:48:26Z,bf43cf664d6644420axva3,battery_state,middle
2026-09-19T10:48:26Z,bf43cf664d6644420axva3,va_humidity,57
2026-09-19T10:48:26Z,bf43cf664d6644420axva3,va_temperature,21.3
2026-09-19T10:57:36Z,bf5741c97c96fa85b1d7do,va_temperature,21.6
2026-09-19T10:57:37Z,bf5741c97c96fa85b1d7do,battery_state,middle
2026-09-19T10:57:37Z,bf5741c97c96fa85b1d7do,va_humidity,58
2026-09-19T11:00:00Z,zewnatrz,va_humidity,42
2026-09-19T11:00:00Z,zewnatrz,va_temperature,21.6
2026-09-19T11:09:00Z,bf7e2a70935af7de78mjqt,battery_state,middle
2026-09-19T11:09:00Z,bf7e2a70935af7de78mjqt,va_humidity,55
2026-09-19T11:09:00Z,bf7e2a70935af7de78mjqt,va_temperature,22.5
2026-09-19T11:11:17Z,bfd6f4f87fea9d866dvpve,va_temperature,21.7
2026-09-19T11:11:18Z,bfd6f4f87fea9d866dvpve,battery_state,middle
2026-09-19T11:11:18Z,bfd6f4f87fea9d866dvpve,va_humidity,58
2026-09-19T11:47:53Z,bf43cf664d6644420axva3,battery_state,middle
2026-09-19T11:47:53Z,bf43cf664d6644420axva3,va_humidity,56
2026-09-19T11:47:53Z,bf43cf664d6644420axva3,va_temperature,21.4
2026-09-19T11:56:51Z,bf5741c97c96fa85b1d7do,battery_state,middle
2026-09-19T11:56:51Z,bf5741c97c96fa85b1d7do,va_humidity,58
2026-09-19T11:56:51Z,bf5741c97c96fa85b1d7do,va_temperature,21.8
2026-09-19T12:00:00Z,zewnatrz,va_humidity,37
2026-09-19T12:00:00Z,zewnatrz,va_temperature,22.2
2026-09-19T12:08:35Z,bf7e2a70935af7de78mjqt,va_temperature,22.6
2026-09-19T12:08:36Z,bf7e2a70935af7de78mjqt,battery_state,middle
2026-09-19T12:08:36Z,bf7e2a70935af7de78mjqt,va_humidity,54
2026-09-19T12:10:59Z,bfd6f4f87fea9d866dvpve,va_humidity,59
2026-09-19T12:10:59Z,bfd6f4f87fea9d866dvpve,va_temperature,21.8
2026-09-19T12:11:00Z,bfd6f4f87fea9d866dvpve,battery_state,middle
2026-09-19T12:38:31Z,bf43cf664d6644420axva3,va_humidity,56
2026-09-19T12:38:31Z,bf43cf664d6644420axva3,va_temperature,21.4
2026-09-19T12:38:32Z,bf43cf664d6644420axva3,battery_state,middle
2026-09-19T12:47:21Z,bf43cf664d6644420axva3,battery_state,middle
2026-09-19T12:47:21Z,bf43cf664d6644420axva3,va_humidity,56
2026-09-19T12:47:21Z,bf43cf664d6644420axva3,va_temperature,21.4
2026-09-19T12:56:05Z,bf5741c97c96fa85b1d7do,va_humidity,58
2026-09-19T12:56:05Z,bf5741c97c96fa85b1d7do,va_temperature,21.8
2026-09-19T12:56:06Z,bf5741c97c96fa85b1d7do,battery_state,middle
2026-09-19T13:00:00Z,zewnatrz,va_humidity,36
2026-09-19T13:00:00Z,zewnatrz,va_temperature,22.6
2026-09-19T13:08:11Z,bf7e2a70935af7de78mjqt,va_temperature,22.7
2026-09-19T13:08:12Z,bf7e2a70935af7de78mjqt,battery_state,middle
2026-09-19T13:08:12Z,bf7e2a70935af7de78mjqt,va_humidity,54
2026-09-19T13:10:41Z,bfd6f4f87fea9d866dvpve,va_temperature,21.8
2026-09-19T13:10:42Z,bfd6f4f87fea9d866dvpve,battery_state,middle
2026-09-19T13:10:42Z,bfd6f4f87fea9d866dvpve,va_humidity,59
2026-09-19T13:46:49Z,bf43cf664d6644420axva3,battery_state,middle
2026-09-19T13:46:49Z,bf43cf664d6644420axva3,va_humidity,56
2026-09-19T13:46:49Z,bf43cf664d6644420axva3,va_temperature,21.5
2026-09-19T13:55:19Z,bf5741c97c96fa85b1d7do,battery_state,middle
2026-09-19T13:55:19Z,bf5741c97c96fa85b1d7do,va_humidity,58
2026-09-19T13:55:19Z,bf5741c97c96fa85b1d7do,va_temperature,21.8
2026-09-19T14:00:00Z,zewnatrz,va_humidity,37
2026-09-19T14:00:00Z,zewnatrz,va_temperature,22.8
2026-09-19T14:07:47Z,bf7e2a70935af7de78mjqt,va_temperature,22.6
2026-09-19T14:07:48Z,bf7e2a70935af7de78mjqt,battery_state,middle
2026-09-19T14:07:48Z,bf7e2a70935af7de78mjqt,va_humidity,54
2026-09-19T14:10:23Z,bfd6f4f87fea9d866dvpve,va_temperature,21.8
2026-09-19T14:10:24Z,bfd6f4f87fea9d866dvpve,battery_state,middle
2026-09-19T14:10:24Z,bfd6f4f87fea9d866dvpve,va_humidity,59
2026-09-19T14:35:07Z,bf43cf664d6644420axva3,battery_state,middle
2026-09-19T14:35:07Z,bf43cf664d6644420axva3,va_humidity,56
2026-09-19T14:35:07Z,bf43cf664d6644420axva3,va_temperature,21.5
2026-09-19T14:45:33Z,bf43cf664d6644420axva3,battery_state,middle
2026-09-19T14:45:33Z,bf43cf664d6644420axva3,va_humidity,56
2026-09-19T14:45:33Z,bf43cf664d6644420axva3,va_temperature,21.5
2026-09-19T14:46:15Z,bf43cf664d6644420axva3,battery_state,middle
2026-09-19T14:46:15Z,bf43cf664d6644420axva3,va_humidity,56
2026-09-19T14:46:15Z,bf43cf664d6644420axva3,va_temperature,21.5
2026-09-19T14:54:33Z,bf5741c97c96fa85b1d7do,battery_state,middle
2026-09-19T14:54:33Z,bf5741c97c96fa85b1d7do,va_humidity,58
2026-09-19T14:54:33Z,bf5741c97c96fa85b1d7do,va_temperature,21.8
2026-09-19T15:00:00Z,zewnatrz,va_humidity,41
2026-09-19T15:00:00Z,zewnatrz,va_temperature,22.6
2026-09-19T15:07:23Z,bf7e2a70935af7de78mjqt,va_humidity,54
2026-09-19T15:07:23Z,bf7e2a70935af7de78mjqt,va_temperature,22.6
2026-09-19T15:07:24Z,bf7e2a70935af7de78mjqt,battery_state,middle
2026-09-19T15:10:05Z,bfd6f4f87fea9d866dvpve,va_temperature,21.8
2026-09-19T15:10:06Z,bfd6f4f87fea9d866dvpve,battery_state,middle
2026-09-19T15:10:06Z,bfd6f4f87fea9d866dvpve,va_humidity,58
2026-09-19T15:45:42Z,bf43cf664d6644420axva3,battery_state,middle
2026-09-19T15:45:42Z,bf43cf664d6644420axva3,va_humidity,56
2026-09-19T15:45:42Z,bf43cf664d6644420axva3,va_temperature,21.5
2026-09-19T15:53:47Z,bf5741c97c96fa85b1d7do,va_temperature,21.7
2026-09-19T15:53:48Z,bf5741c97c96fa85b1d7do,battery_state,middle
2026-09-19T15:53:48Z,bf5741c97c96fa85b1d7do,va_humidity,58
2026-09-19T16:00:00Z,zewnatrz,va_humidity,45
2026-09-19T16:00:00Z,zewnatrz,va_temperature,22.2
2026-09-19T16:06:59Z,bf7e2a70935af7de78mjqt,battery_state,middle
2026-09-19T16:06:59Z,bf7e2a70935af7de78mjqt,va_humidity,54
2026-09-19T16:06:59Z,bf7e2a70935af7de78mjqt,va_temperature,22.5
2026-09-19T16:09:48Z,bfd6f4f87fea9d866dvpve,battery_state,middle
2026-09-19T16:09:48Z,bfd6f4f87fea9d866dvpve,va_humidity,58
2026-09-19T16:09:48Z,bfd6f4f87fea9d866dvpve,va_temperature,21.9
2026-09-19T16:45:09Z,bf43cf664d6644420axva3,battery_state,middle
2026-09-19T16:45:09Z,bf43cf664d6644420axva3,va_humidity,56
2026-09-19T16:45:09Z,bf43cf664d6644420axva3,va_temperature,21.5
2026-09-19T16:53:01Z,bf5741c97c96fa85b1d7do,va_temperature,21.6
2026-09-19T16:53:02Z,bf5741c97c96fa85b1d7do,battery_state,middle
2026-09-19T16:53:02Z,bf5741c97c96fa85b1d7do,va_humidity,58
2026-09-19T17:00:00Z,zewnatrz,va_humidity,51
2026-09-19T17:00:00Z,zewnatrz,va_temperature,21
2026-09-19T17:06:35Z,bf7e2a70935af7de78mjqt,battery_state,middle
2026-09-19T17:06:35Z,bf7e2a70935af7de78mjqt,va_humidity,54
2026-09-19T17:06:35Z,bf7e2a70935af7de78mjqt,va_temperature,22.5
2026-09-19T17:09:29Z,bfd6f4f87fea9d866dvpve,va_humidity,58
2026-09-19T17:09:29Z,bfd6f4f87fea9d866dvpve,va_temperature,21.8
2026-09-19T17:09:30Z,bfd6f4f87fea9d866dvpve,battery_state,middle
2026-09-19T17:44:36Z,bf43cf664d6644420axva3,battery_state,middle
2026-09-19T17:44:36Z,bf43cf664d6644420axva3,va_humidity,56
2026-09-19T17:44:36Z,bf43cf664d6644420axva3,va_temperature,21.4
2026-09-19T17:52:15Z,bf5741c97c96fa85b1d7do,battery_state,middle
2026-09-19T17:52:15Z,bf5741c97c96fa85b1d7do,va_humidity,58
2026-09-19T17:52:15Z,bf5741c97c96fa85b1d7do,va_temperature,21.6
2026-09-19T18:00:00Z,zewnatrz,va_humidity,54
2026-09-19T18:00:00Z,zewnatrz,va_temperature,20.1
2026-09-19T18:06:10Z,bf7e2a70935af7de78mjqt,va_temperature,22.3
2026-09-19T18:06:11Z,bf7e2a70935af7de78mjqt,battery_state,middle
2026-09-19T18:06:11Z,bf7e2a70935af7de78mjqt,va_humidity,54
2026-09-19T18:09:11Z,bfd6f4f87fea9d866dvpve,battery_state,middle
2026-09-19T18:09:11Z,bfd6f4f87fea9d866dvpve,va_humidity,58
2026-09-19T18:09:11Z,bfd6f4f87fea9d866dvpve,va_temperature,21.8
2026-09-19T18:44:03Z,bf43cf664d6644420axva3,battery_state,middle
2026-09-19T18:44:03Z,bf43cf664d6644420axva3,va_humidity,56
2026-09-19T18:44:03Z,bf43cf664d6644420axva3,va_temperature,21.4
2026-09-19T18:51:30Z,bf5741c97c96fa85b1d7do,battery_state,middle
2026-09-19T18:51:30Z,bf5741c97c96fa85b1d7do,va_humidity,58
2026-09-19T18:51:30Z,bf5741c97c96fa85b1d7do,va_temperature,21.5
2026-09-19T19:00:00Z,zewnatrz,va_humidity,57
2026-09-19T19:00:00Z,zewnatrz,va_temperature,19.2
2026-09-19T19:05:46Z,bf7e2a70935af7de78mjqt,battery_state,middle
2026-09-19T19:05:46Z,bf7e2a70935af7de78mjqt,va_humidity,54
2026-09-19T19:05:46Z,bf7e2a70935af7de78mjqt,va_temperature,22.3
2026-09-19T19:08:53Z,bfd6f4f87fea9d866dvpve,va_temperature,21.8
2026-09-19T19:08:54Z,bfd6f4f87fea9d866dvpve,battery_state,middle
2026-09-19T19:08:54Z,bfd6f4f87fea9d866dvpve,va_humidity,58
2026-09-19T19:43:30Z,bf43cf664d6644420axva3,battery_state,middle
2026-09-19T19:43:30Z,bf43cf664d6644420axva3,va_humidity,56
2026-09-19T19:43:30Z,bf43cf664d6644420axva3,va_temperature,21.4
2026-09-19T19:50:44Z,bf5741c97c96fa85b1d7do,battery_state,middle
2026-09-19T19:50:44Z,bf5741c97c96fa85b1d7do,va_humidity,59
2026-09-19T19:50:44Z,bf5741c97c96fa85b1d7do,va_temperature,21.5
2026-09-19T20:00:00Z,zewnatrz,va_humidity,58
2026-09-19T20:00:00Z,zewnatrz,va_temperature,19
2026-09-19T20:05:22Z,bf7e2a70935af7de78mjqt,battery_state,middle
2026-09-19T20:05:22Z,bf7e2a70935af7de78mjqt,va_humidity,54
2026-09-19T20:05:22Z,bf7e2a70935af7de78mjqt,va_temperature,22.2
2026-09-19T20:08:35Z,bfd6f4f87fea9d866dvpve,battery_state,middle
2026-09-19T20:08:35Z,bfd6f4f87fea9d866dvpve,va_humidity,58
2026-09-19T20:08:35Z,bfd6f4f87fea9d866dvpve,va_temperature,21.8
2026-09-19T20:42:57Z,bf43cf664d6644420axva3,battery_state,middle
2026-09-19T20:42:57Z,bf43cf664d6644420axva3,va_humidity,56
2026-09-19T20:42:57Z,bf43cf664d6644420axva3,va_temperature,21.4
2026-09-19T20:49:58Z,bf5741c97c96fa85b1d7do,battery_state,middle
2026-09-19T20:49:58Z,bf5741c97c96fa85b1d7do,va_humidity,59
2026-09-19T20:49:58Z,bf5741c97c96fa85b1d7do,va_temperature,21.5
2026-09-19T21:00:00Z,zewnatrz,va_humidity,61
2026-09-19T21:00:00Z,zewnatrz,va_temperature,18
2026-09-19T21:04:58Z,bf7e2a70935af7de78mjqt,battery_state,middle
2026-09-19T21:04:58Z,bf7e2a70935af7de78mjqt,va_humidity,54
2026-09-19T21:04:58Z,bf7e2a70935af7de78mjqt,va_temperature,22.2
2026-09-19T21:08:16Z,bfd6f4f87fea9d866dvpve,battery_state,middle
2026-09-19T21:08:16Z,bfd6f4f87fea9d866dvpve,va_humidity,58
2026-09-19T21:08:16Z,bfd6f4f87fea9d866dvpve,va_temperature,21.7
2026-09-19T21:42:24Z,bf43cf664d6644420axva3,battery_state,middle
2026-09-19T21:42:24Z,bf43cf664d6644420axva3,va_humidity,56
2026-09-19T21:42:24Z,bf43cf664d6644420axva3,va_temperature,21.4
2026-09-19T21:49:11Z,bf5741c97c96fa85b1d7do,va_temperature,21.4
2026-09-19T21:49:12Z,bf5741c97c96fa85b1d7do,battery_state,middle
2026-09-19T21:49:12Z,bf5741c97c96fa85b1d7do,va_humidity,59
2026-09-19T22:00:00Z,zewnatrz,va_humidity,62
2026-09-19T22:00:00Z,zewnatrz,va_temperature,17.6
2026-09-19T22:04:34Z,bf7e2a70935af7de78mjqt,battery_state,middle
2026-09-19T22:04:34Z,bf7e2a70935af7de78mjqt,va_humidity,54
2026-09-19T22:04:34Z,bf7e2a70935af7de78mjqt,va_temperature,22.1
2026-09-19T22:07:57Z,bfd6f4f87fea9d866dvpve,battery_state,middle
2026-09-19T22:07:57Z,bfd6f4f87fea9d866dvpve,va_humidity,58
2026-09-19T22:07:57Z,bfd6f4f87fea9d866dvpve,va_temperature,21.7
2026-09-19T22:41:51Z,bf43cf664d6644420axva3,battery_state,middle
2026-09-19T22:41:51Z,bf43cf664d6644420axva3,va_humidity,56
2026-09-19T22:41:51Z,bf43cf664d6644420axva3,va_temperature,21.3
2026-09-19T22:48:24Z,bf5741c97c96fa85b1d7do,va_temperature,21.4
2026-09-19T22:48:25Z,bf5741c97c96fa85b1d7do,battery_state,middle
2026-09-19T22:48:25Z,bf5741c97c96fa85b1d7do,va_humidity,59
2026-09-19T23:00:00Z,zewnatrz,va_humidity,62
2026-09-19T23:00:00Z,zewnatrz,va_temperature,17.3
2026-09-19T23:04:10Z,bf7e2a70935af7de78mjqt,va_humidity,54
2026-09-19T23:04:10Z,bf7e2a70935af7de78mjqt,va_temperature,22.1
2026-09-19T23:04:11Z,bf7e2a70935af7de78mjqt,battery_state,middle
2026-09-19T23:07:39Z,bfd6f4f87fea9d866dvpve,battery_state,middle
2026-09-19T23:07:39Z,bfd6f4f87fea9d866dvpve,va_humidity,58
2026-09-19T23:07:39Z,bfd6f4f87fea9d866dvpve,va_temperature,21.7
2026-09-19T23:30:24Z,bf43cf664d6644420axva3,battery_state,middle
2026-09-19T23:30:24Z,bf43cf664d6644420axva3,va_humidity,56
2026-09-19T23:30:24Z,bf43cf664d6644420axva3,va_temperature,21.3
2026-09-19T23:41:18Z,bf43cf664d6644420axva3,va_humidity,56
2026-09-19T23:41:18Z,bf43cf664d6644420axva3,va_temperature,21.3
2026-09-19T23:41:19Z,bf43cf664d6644420axva3,battery_state,middle
2026-09-19T23:47:38Z,bf5741c97c96fa85b1d7do,va_humidity,59
2026-09-19T23:47:38Z,bf5741c97c96fa85b1d7do,va_temperature,21.4
2026-09-19T23:47:39Z,bf5741c97c96fa85b1d7do,battery_state,middle
2026-09-20T00:00:00Z,zewnatrz,va_humidity,62
2026-09-20T00:00:00Z,zewnatrz,va_temperature,16.9
2026-09-20T00:03:46Z,bf7e2a70935af7de78mjqt,battery_state,middle
2026-09-20T00:03:46Z,bf7e2a70935af7de78mjqt,va_humidity,54
2026-09-20T00:03:46Z,bf7e2a70935af7de78mjqt,va_temperature,22
2026-09-20T00:07:20Z,bfd6f4f87fea9d866dvpve,battery_state,middle
2026-09-20T00:07:20Z,bfd6f4f87fea9d866dvpve,va_humidity,58
2026-09-20T00:07:20Z,bfd6f4f87fea9d866dvpve,va_temperature,21.7
2026-09-20T00:40:45Z,bf43cf664d6644420axva3,battery_state,middle
2026-09-20T00:40:45Z,bf43cf664d6644420axva3,va_humidity,56
2026-09-20T00:40:45Z,bf43cf664d6644420axva3,va_temperature,21.3
2026-09-20T00:46:52Z,bf5741c97c96fa85b1d7do,va_humidity,59
2026-09-20T00:46:52Z,bf5741c97c96fa85b1d7do,va_temperature,21.3
2026-09-20T00:46:53Z,bf5741c97c96fa85b1d7do,battery_state,middle
2026-09-20T01:00:00Z,zewnatrz,va_humidity,62
2026-09-20T01:00:00Z,zewnatrz,va_temperature,16.6
2026-09-20T01:03:23Z,bf7e2a70935af7de78mjqt,battery_state,middle
2026-09-20T01:03:23Z,bf7e2a70935af7de78mjqt,va_humidity,54
2026-09-20T01:03:23Z,bf7e2a70935af7de78mjqt,va_temperature,22
2026-09-20T01:07:02Z,bfd6f4f87fea9d866dvpve,battery_state,middle
2026-09-20T01:07:02Z,bfd6f4f87fea9d866dvpve,va_humidity,58
2026-09-20T01:07:02Z,bfd6f4f87fea9d866dvpve,va_temperature,21.7
2026-09-20T01:40:12Z,bf43cf664d6644420axva3,va_humidity,56
2026-09-20T01:40:12Z,bf43cf664d6644420axva3,va_temperature,21.3
2026-09-20T01:40:13Z,bf43cf664d6644420axva3,battery_state,middle
2026-09-20T01:46:06Z,bf5741c97c96fa85b1d7do,va_humidity,59
2026-09-20T01:46:06Z,bf5741c97c96fa85b1d7do,va_temperature,21.2
2026-09-20T01:46:07Z,bf5741c97c96fa85b1d7do,battery_state,middle
2026-09-20T02:00:00Z,zewnatrz,va_humidity,64
2026-09-20T02:00:00Z,zewnatrz,va_temperature,15.9
2026-09-20T02:02:59Z,bf7e2a70935af7de78mjqt,battery_state,middle
2026-09-20T02:02:59Z,bf7e2a70935af7de78mjqt,va_humidity,54
2026-09-20T02:02:59Z,bf7e2a70935af7de78mjqt,va_temperature,22
2026-09-20T02:06:43Z,bfd6f4f87fea9d866dvpve,va_humidity,58
2026-09-20T02:06:43Z,bfd6f4f87fea9d866dvpve,va_temperature,21.7
2026-09-20T02:06:44Z,bfd6f4f87fea9d866dvpve,battery_state,middle
2026-09-20T02:23:46Z,bf43cf664d6644420axva3,battery_state,middle
2026-09-20T02:23:46Z,bf43cf664d6644420axva3,va_humidity,56
2026-09-20T02:23:46Z,bf43cf664d6644420axva3,va_temperature,21.3
2026-09-20T02:39:39Z,bf43cf664d6644420axva3,va_humidity,56
2026-09-20T02:39:39Z,bf43cf664d6644420axva3,va_temperature,21.2
2026-09-20T02:39:40Z,bf43cf664d6644420axva3,battery_state,middle
2026-09-20T02:45:20Z,bf5741c97c96fa85b1d7do,va_humidity,58
2026-09-20T02:45:20Z,bf5741c97c96fa85b1d7do,va_temperature,21.3
2026-09-20T02:45:21Z,bf5741c97c96fa85b1d7do,battery_state,middle
2026-09-20T03:00:00Z,zewnatrz,va_humidity,64
2026-09-20T03:00:00Z,zewnatrz,va_temperature,15.7
2026-09-20T03:02:35Z,bf7e2a70935af7de78mjqt,va_temperature,21.9
2026-09-20T03:02:36Z,bf7e2a70935af7de78mjqt,battery_state,middle
2026-09-20T03:02:36Z,bf7e2a70935af7de78mjqt,va_humidity,54
2026-09-20T03:06:25Z,bfd6f4f87fea9d866dvpve,battery_state,middle
2026-09-20T03:06:25Z,bfd6f4f87fea9d866dvpve,va_humidity,58
2026-09-20T03:06:25Z,bfd6f4f87fea9d866dvpve,va_temperature,21.6
2026-09-20T03:33:12Z,bf43cf664d6644420axva3,va_temperature,21.2
2026-09-20T03:33:13Z,bf43cf664d6644420axva3,battery_state,middle
2026-09-20T03:33:13Z,bf43cf664d6644420axva3,va_humidity,56
2026-09-20T03:39:06Z,bf43cf664d6644420axva3,battery_state,middle
2026-09-20T03:39:06Z,bf43cf664d6644420axva3,va_humidity,56
2026-09-20T03:39:06Z,bf43cf664d6644420axva3,va_temperature,21.2
2026-09-20T03:44:34Z,bf5741c97c96fa85b1d7do,battery_state,middle
2026-09-20T03:44:34Z,bf5741c97c96fa85b1d7do,va_humidity,58
2026-09-20T03:44:34Z,bf5741c97c96fa85b1d7do,va_temperature,21.2
2026-09-20T04:00:00Z,zewnatrz,va_humidity,65
2026-09-20T04:00:00Z,zewnatrz,va_temperature,15.2
2026-09-20T04:02:12Z,bf7e2a70935af7de78mjqt,battery_state,middle
2026-09-20T04:02:12Z,bf7e2a70935af7de78mjqt,va_humidity,54
2026-09-20T04:02:12Z,bf7e2a70935af7de78mjqt,va_temperature,21.9
2026-09-20T04:06:06Z,bfd6f4f87fea9d866dvpve,battery_state,middle
2026-09-20T04:06:06Z,bfd6f4f87fea9d866dvpve,va_humidity,58
2026-09-20T04:06:06Z,bfd6f4f87fea9d866dvpve,va_temperature,21.6
2026-09-20T04:38:32Z,bf43cf664d6644420axva3,va_humidity,55
2026-09-20T04:38:32Z,bf43cf664d6644420axva3,va_temperature,21.2
2026-09-20T04:38:33Z,bf43cf664d6644420axva3,battery_state,middle
2026-09-20T04:43:48Z,bf5741c97c96fa85b1d7do,va_temperature,21.2
2026-09-20T04:43:49Z,bf5741c97c96fa85b1d7do,battery_state,middle
2026-09-20T04:43:49Z,bf5741c97c96fa85b1d7do,va_humidity,58
2026-09-20T05:00:00Z,zewnatrz,va_humidity,64
2026-09-20T05:00:00Z,zewnatrz,va_temperature,15.3
2026-09-20T05:01:48Z,bf7e2a70935af7de78mjqt,va_temperature,21.9
2026-09-20T05:01:49Z,bf7e2a70935af7de78mjqt,battery_state,middle
2026-09-20T05:01:49Z,bf7e2a70935af7de78mjqt,va_humidity,54
2026-09-20T05:04:47Z,bf43cf664d6644420axva3,battery_state,middle
2026-09-20T05:04:47Z,bf43cf664d6644420axva3,va_humidity,55
2026-09-20T05:04:47Z,bf43cf664d6644420axva3,va_temperature,21.2
2026-09-20T05:05:47Z,bfd6f4f87fea9d866dvpve,va_temperature,21.6
2026-09-20T05:05:48Z,bfd6f4f87fea9d866dvpve,battery_state,middle
2026-09-20T05:05:48Z,bfd6f4f87fea9d866dvpve,va_humidity,58
2026-09-20T05:37:58Z,bf43cf664d6644420axva3,battery_state,middle
2026-09-20T05:37:58Z,bf43cf664d6644420axva3,va_humidity,56
2026-09-20T05:37:58Z,bf43cf664d6644420axva3,va_temperature,21.2
2026-09-20T05:43:03Z,bf5741c97c96fa85b1d7do,battery_state,middle
2026-09-20T05:43:03Z,bf5741c97c96fa85b1d7do,va_humidity,58
2026-09-20T05:43:03Z,bf5741c97c96fa85b1d7do,va_temperature,21.3
2026-09-20T05:51:53Z,bf43cf664d6644420axva3,va_humidity,55
2026-09-20T05:51:53Z,bf43cf664d6644420axva3,va_temperature,21.2
2026-09-20T05:51:54Z,bf43cf664d6644420axva3,battery_state,middle
2026-09-20T06:00:00Z,zewnatrz,va_humidity,60
2026-09-20T06:00:00Z,zewnatrz,va_temperature,16.3
2026-09-20T06:01:25Z,bf7e2a70935af7de78mjqt,va_humidity,54
2026-09-20T06:01:25Z,bf7e2a70935af7de78mjqt,va_temperature,21.9
2026-09-20T06:01:26Z,bf7e2a70935af7de78mjqt,battery_state,middle
2026-09-20T06:05:29Z,bfd6f4f87fea9d866dvpve,va_temperature,21.6
2026-09-20T06:05:30Z,bfd6f4f87fea9d866dvpve,battery_state,middle
2026-09-20T06:05:30Z,bfd6f4f87fea9d866dvpve,va_humidity,58
2026-09-20T06:08:13Z,bf43cf664d6644420axva3,va_temperature,21.2
2026-09-20T06:08:14Z,bf43cf664d6644420axva3,battery_state,middle
2026-09-20T06:08:14Z,bf43cf664d6644420axva3,va_humidity,55
2026-09-20T06:37:23Z,bf43cf664d6644420axva3,battery_state,middle
2026-09-20T06:37:23Z,bf43cf664d6644420axva3,va_humidity,55
2026-09-20T06:37:23Z,bf43cf664d6644420axva3,va_temperature,21.2
2026-09-20T06:42:17Z,bf5741c97c96fa85b1d7do,battery_state,middle
2026-09-20T06:42:17Z,bf5741c97c96fa85b1d7do,va_humidity,58
2026-09-20T06:42:17Z,bf5741c97c96fa85b1d7do,va_temperature,21.3
2026-09-20T07:00:00Z,zewnatrz,va_humidity,55
2026-09-20T07:00:00Z,zewnatrz,va_temperature,17.8
2026-09-20T07:01:02Z,bf7e2a70935af7de78mjqt,battery_state,middle
2026-09-20T07:01:02Z,bf7e2a70935af7de78mjqt,va_humidity,54
2026-09-20T07:01:02Z,bf7e2a70935af7de78mjqt,va_temperature,21.9
2026-09-20T07:05:11Z,bfd6f4f87fea9d866dvpve,battery_state,middle
2026-09-20T07:05:11Z,bfd6f4f87fea9d866dvpve,va_humidity,58
2026-09-20T07:05:11Z,bfd6f4f87fea9d866dvpve,va_temperature,21.6
2026-09-20T07:36:49Z,bf43cf664d6644420axva3,battery_state,middle
2026-09-20T07:36:49Z,bf43cf664d6644420axva3,va_humidity,55
2026-09-20T07:36:49Z,bf43cf664d6644420axva3,va_temperature,21.2
2026-09-20T07:41:31Z,bf5741c97c96fa85b1d7do,battery_state,middle
2026-09-20T07:41:31Z,bf5741c97c96fa85b1d7do,va_humidity,58
2026-09-20T07:41:31Z,bf5741c97c96fa85b1d7do,va_temperature,21.3
2026-09-20T08:00:00Z,zewnatrz,va_humidity,50
2026-09-20T08:00:00Z,zewnatrz,va_temperature,19.4
2026-09-20T08:00:38Z,bf7e2a70935af7de78mjqt,battery_state,middle
2026-09-20T08:00:38Z,bf7e2a70935af7de78mjqt,va_humidity,54
2026-09-20T08:00:38Z,bf7e2a70935af7de78mjqt,va_temperature,22
2026-09-20T08:04:52Z,bfd6f4f87fea9d866dvpve,va_temperature,21.6
2026-09-20T08:04:53Z,bfd6f4f87fea9d866dvpve,battery_state,middle
2026-09-20T08:04:53Z,bfd6f4f87fea9d866dvpve,va_humidity,58
2026-09-20T08:36:15Z,bf43cf664d6644420axva3,va_humidity,56
2026-09-20T08:36:15Z,bf43cf664d6644420axva3,va_temperature,21.3
2026-09-20T08:36:16Z,bf43cf664d6644420axva3,battery_state,middle
2026-09-20T08:40:45Z,bf5741c97c96fa85b1d7do,va_temperature,21.6
2026-09-20T08:40:46Z,bf5741c97c96fa85b1d7do,battery_state,middle
2026-09-20T08:40:46Z,bf5741c97c96fa85b1d7do,va_humidity,58
2026-09-20T09:00:00Z,zewnatrz,va_humidity,47
2026-09-20T09:00:00Z,zewnatrz,va_temperature,20.9
2026-09-20T09:00:13Z,bf7e2a70935af7de78mjqt,va_humidity,54
2026-09-20T09:00:13Z,bf7e2a70935af7de78mjqt,va_temperature,22.1
2026-09-20T09:00:14Z,bf7e2a70935af7de78mjqt,battery_state,middle
2026-09-20T09:04:34Z,bfd6f4f87fea9d866dvpve,va_humidity,58
2026-09-20T09:04:34Z,bfd6f4f87fea9d866dvpve,va_temperature,21.7
2026-09-20T09:04:35Z,bfd6f4f87fea9d866dvpve,battery_state,middle
2026-09-20T09:35:41Z,bf43cf664d6644420axva3,va_humidity,56
2026-09-20T09:35:41Z,bf43cf664d6644420axva3,va_temperature,21.3
2026-09-20T09:35:42Z,bf43cf664d6644420axva3,battery_state,middle
2026-09-20T09:39:59Z,bf5741c97c96fa85b1d7do,va_temperature,21.7
2026-09-20T09:40:00Z,bf5741c97c96fa85b1d7do,battery_state,middle
2026-09-20T09:40:00Z,bf5741c97c96fa85b1d7do,va_humidity,58
2026-09-20T09:59:49Z,bf7e2a70935af7de78mjqt,battery_state,middle
2026-09-20T09:59:49Z,bf7e2a70935af7de78mjqt,va_humidity,54
2026-09-20T09:59:49Z,bf7e2a70935af7de78mjqt,va_temperature,22.3
2026-09-20T10:00:00Z,zewnatrz,va_humidity,42
2026-09-20T10:00:00Z,zewnatrz,va_temperature,22.3
2026-09-20T10:04:16Z,bfd6f4f87fea9d866dvpve,battery_state,middle
2026-09-20T10:04:16Z,bfd6f4f87fea9d866dvpve,va_humidity,58
2026-09-20T10:04:16Z,bfd6f4f87fea9d866dvpve,va_temperature,21.7
2026-09-20T10:35:08Z,bf43cf664d6644420axva3,battery_state,middle
2026-09-20T10:35:08Z,bf43cf664d6644420axva3,va_humidity,56
2026-09-20T10:35:08Z,bf43cf664d6644420axva3,va_temperature,21.4
2026-09-20T10:39:13Z,bf5741c97c96fa85b1d7do,va_temperature,21.7
2026-09-20T10:39:14Z,bf5741c97c96fa85b1d7do,battery_state,middle
2026-09-20T10:39:14Z,bf5741c97c96fa85b1d7do,va_humidity,58
2026-09-20T10:53:03Z,bf43cf664d6644420axva3,battery_state,middle
2026-09-20T10:53:03Z,bf43cf664d6644420axva3,va_humidity,56
2026-09-20T10:53:03Z,bf43cf664d6644420axva3,va_temperature,21.4
2026-09-20T10:59:25Z,bf7e2a70935af7de78mjqt,battery_state,middle
2026-09-20T10:59:25Z,bf7e2a70935af7de78mjqt,va_humidity,54
2026-09-20T10:59:25Z,bf7e2a70935af7de78mjqt,va_temperature,22.4
2026-09-20T11:00:00Z,zewnatrz,va_humidity,40
2026-09-20T11:00:00Z,zewnatrz,va_temperature,23
2026-09-20T11:03:58Z,bfd6f4f87fea9d866dvpve,battery_state,middle
2026-09-20T11:03:58Z,bfd6f4f87fea9d866dvpve,va_humidity,58
2026-09-20T11:03:58Z,bfd6f4f87fea9d866dvpve,va_temperature,21.7
2026-09-20T11:34:34Z,bf43cf664d6644420axva3,battery_state,middle
2026-09-20T11:34:34Z,bf43cf664d6644420axva3,va_humidity,56
2026-09-20T11:34:34Z,bf43cf664d6644420axva3,va_temperature,21.4
2026-09-20T11:38:28Z,bf5741c97c96fa85b1d7do,battery_state,middle
2026-09-20T11:38:28Z,bf5741c97c96fa85b1d7do,va_humidity,57
2026-09-20T11:38:28Z,bf5741c97c96fa85b1d7do,va_temperature,21.9
2026-09-20T11:48:10Z,bf43cf664d6644420axva3,va_temperature,21.4
2026-09-20T11:48:11Z,bf43cf664d6644420axva3,battery_state,middle
2026-09-20T11:48:11Z,bf43cf664d6644420axva3,va_humidity,56
2026-09-20T11:59:01Z,bf7e2a70935af7de78mjqt,battery_state,middle
2026-09-20T11:59:01Z,bf7e2a70935af7de78mjqt,va_humidity,53
2026-09-20T11:59:01Z,bf7e2a70935af7de78mjqt,va_temperature,22.6
2026-09-20T12:00:00Z,zewnatrz,va_humidity,39
2026-09-20T12:00:00Z,zewnatrz,va_temperature,23.3
2026-09-20T12:03:40Z,bfd6f4f87fea9d866dvpve,battery_state,middle
2026-09-20T12:03:40Z,bfd6f4f87fea9d866dvpve,va_humidity,59
2026-09-20T12:03:40Z,bfd6f4f87fea9d866dvpve,va_temperature,21.8
2026-09-20T12:34:00Z,bf43cf664d6644420axva3,va_temperature,21.5
2026-09-20T12:34:01Z,bf43cf664d6644420axva3,battery_state,middle
2026-09-20T12:34:01Z,bf43cf664d6644420axva3,va_humidity,56
2026-09-20T12:37:41Z,bf5741c97c96fa85b1d7do,va_humidity,57
2026-09-20T12:37:41Z,bf5741c97c96fa85b1d7do,va_temperature,21.9
2026-09-20T12:37:42Z,bf5741c97c96fa85b1d7do,battery_state,middle
2026-09-20T12:58:37Z,bf7e2a70935af7de78mjqt,va_temperature,22.5
2026-09-20T12:58:38Z,bf7e2a70935af7de78mjqt,battery_state,middle
2026-09-20T12:58:38Z,bf7e2a70935af7de78mjqt,va_humidity,53
2026-09-20T13:00:00Z,zewnatrz,va_humidity,33
2026-09-20T13:00:00Z,zewnatrz,va_temperature,24.3
2026-09-20T13:03:21Z,bfd6f4f87fea9d866dvpve,battery_state,middle
2026-09-20T13:03:21Z,bfd6f4f87fea9d866dvpve,va_humidity,58
2026-09-20T13:03:21Z,bfd6f4f87fea9d866dvpve,va_temperature,21.8
2026-09-20T13:33:26Z,bf43cf664d6644420axva3,battery_state,middle
2026-09-20T13:33:26Z,bf43cf664d6644420axva3,va_humidity,55
2026-09-20T13:33:26Z,bf43cf664d6644420axva3,va_temperature,21.5
2026-09-20T13:36:55Z,bf5741c97c96fa85b1d7do,battery_state,middle
2026-09-20T13:36:55Z,bf5741c97c96fa85b1d7do,va_humidity,58
2026-09-20T13:36:55Z,bf5741c97c96fa85b1d7do,va_temperature,21.8
2026-09-20T13:58:14Z,bf7e2a70935af7de78mjqt,battery_state,middle
2026-09-20T13:58:14Z,bf7e2a70935af7de78mjqt,va_humidity,53
2026-09-20T13:58:14Z,bf7e2a70935af7de78mjqt,va_temperature,22.5
2026-09-20T14:00:00Z,zewnatrz,va_humidity,35
2026-09-20T14:00:00Z,zewnatrz,va_temperature,23.4
2026-09-20T14:03:03Z,bfd6f4f87fea9d866dvpve,battery_state,middle
2026-09-20T14:03:03Z,bfd6f4f87fea9d866dvpve,va_humidity,58
2026-09-20T14:03:03Z,bfd6f4f87fea9d866dvpve,va_temperature,21.8
2026-09-20T14:32:52Z,bf43cf664d6644420axva3,battery_state,middle
2026-09-20T14:32:52Z,bf43cf664d6644420axva3,va_humidity,55
2026-09-20T14:32:52Z,bf43cf664d6644420axva3,va_temperature,21.5
2026-09-20T14:36:08Z,bf5741c97c96fa85b1d7do,battery_state,middle
2026-09-20T14:36:08Z,bf5741c97c96fa85b1d7do,va_humidity,58
2026-09-20T14:36:08Z,bf5741c97c96fa85b1d7do,va_temperature,21.9
2026-09-20T14:57:51Z,bf7e2a70935af7de78mjqt,battery_state,middle
2026-09-20T14:57:51Z,bf7e2a70935af7de78mjqt,va_humidity,53
2026-09-20T14:57:51Z,bf7e2a70935af7de78mjqt,va_temperature,22.5
2026-09-20T15:00:00Z,zewnatrz,va_humidity,36
2026-09-20T15:00:00Z,zewnatrz,va_temperature,22.6
2026-09-20T15:02:12Z,bf43cf664d6644420axva3,battery_state,middle
2026-09-20T15:02:12Z,bf43cf664d6644420axva3,va_humidity,56
2026-09-20T15:02:12Z,bf43cf664d6644420axva3,va_temperature,21.5
2026-09-20T15:02:44Z,bfd6f4f87fea9d866dvpve,va_humidity,58
2026-09-20T15:02:44Z,bfd6f4f87fea9d866dvpve,va_temperature,21.8
2026-09-20T15:02:45Z,bfd6f4f87fea9d866dvpve,battery_state,middle
2026-09-20T15:26:37Z,bf43cf664d6644420axva3,battery_state,middle
2026-09-20T15:26:37Z,bf43cf664d6644420axva3,va_humidity,55
2026-09-20T15:26:37Z,bf43cf664d6644420axva3,va_temperature,21.5
2026-09-20T15:32:18Z,bf43cf664d6644420axva3,battery_state,middle
2026-09-20T15:32:18Z,bf43cf664d6644420axva3,va_humidity,55
2026-09-20T15:32:18Z,bf43cf664d6644420axva3,va_temperature,21.5
2026-09-20T15:35:21Z,bf5741c97c96fa85b1d7do,battery_state,middle
2026-09-20T15:35:21Z,bf5741c97c96fa85b1d7do,va_humidity,58
2026-09-20T15:35:21Z,bf5741c97c96fa85b1d7do,va_temperature,21.8
2026-09-20T15:57:27Z,bf7e2a70935af7de78mjqt,va_temperature,22.4
2026-09-20T15:57:28Z,bf7e2a70935af7de78mjqt,battery_state,middle
2026-09-20T15:57:28Z,bf7e2a70935af7de78mjqt,va_humidity,53
2026-09-20T16:00:00Z,zewnatrz,va_humidity,38
2026-09-20T16:00:00Z,zewnatrz,va_temperature,22.2
2026-09-20T16:02:26Z,bfd6f4f87fea9d866dvpve,va_humidity,58
2026-09-20T16:02:26Z,bfd6f4f87fea9d866dvpve,va_temperature,21.8
2026-09-20T16:02:27Z,bfd6f4f87fea9d866dvpve,battery_state,middle
2026-09-20T16:31:44Z,bf43cf664d6644420axva3,va_temperature,21.5
2026-09-20T16:31:45Z,bf43cf664d6644420axva3,battery_state,middle
2026-09-20T16:31:45Z,bf43cf664d6644420axva3,va_humidity,55
2026-09-20T16:34:35Z,bf5741c97c96fa85b1d7do,battery_state,middle
2026-09-20T16:34:35Z,bf5741c97c96fa85b1d7do,va_humidity,58
2026-09-20T16:34:35Z,bf5741c97c96fa85b1d7do,va_temperature,21.7
2026-09-20T16:57:04Z,bf7e2a70935af7de78mjqt,battery_state,middle
2026-09-20T16:57:04Z,bf7e2a70935af7de78mjqt,va_humidity,53
2026-09-20T16:57:04Z,bf7e2a70935af7de78mjqt,va_temperature,22.3
2026-09-20T17:00:00Z,zewnatrz,va_humidity,47
2026-09-20T17:00:00Z,zewnatrz,va_temperature,21.1
2026-09-20T17:02:09Z,bfd6f4f87fea9d866dvpve,battery_state,middle
2026-09-20T17:02:09Z,bfd6f4f87fea9d866dvpve,va_humidity,58
2026-09-20T17:02:09Z,bfd6f4f87fea9d866dvpve,va_temperature,21.8
2026-09-20T17:31:11Z,bf43cf664d6644420axva3,va_humidity,56
2026-09-20T17:31:11Z,bf43cf664d6644420axva3,va_temperature,21.5
2026-09-20T17:31:12Z,bf43cf664d6644420axva3,battery_state,middle
2026-09-20T17:33:48Z,bf5741c97c96fa85b1d7do,va_humidity,58
2026-09-20T17:33:48Z,bf5741c97c96fa85b1d7do,va_temperature,21.7
2026-09-20T17:33:49Z,bf5741c97c96fa85b1d7do,battery_state,middle
2026-09-20T17:56:40Z,bf7e2a70935af7de78mjqt,va_humidity,53
2026-09-20T17:56:40Z,bf7e2a70935af7de78mjqt,va_temperature,22.3
2026-09-20T17:56:41Z,bf7e2a70935af7de78mjqt,battery_state,middle
2026-09-20T18:00:00Z,zewnatrz,va_humidity,66
2026-09-20T18:00:00Z,zewnatrz,va_temperature,18.6
2026-09-20T18:01:51Z,bfd6f4f87fea9d866dvpve,battery_state,middle
2026-09-20T18:01:51Z,bfd6f4f87fea9d866dvpve,va_humidity,58
2026-09-20T18:01:51Z,bfd6f4f87fea9d866dvpve,va_temperature,21.9
2026-09-20T18:30:38Z,bf43cf664d6644420axva3,battery_state,middle
2026-09-20T18:30:38Z,bf43cf664d6644420axva3,va_humidity,56
2026-09-20T18:30:38Z,bf43cf664d6644420axva3,va_temperature,21.5
2026-09-20T18:33:02Z,bf5741c97c96fa85b1d7do,va_temperature,21.7
2026-09-20T18:33:03Z,bf5741c97c96fa85b1d7do,battery_state,middle
2026-09-20T18:33:03Z,bf5741c97c96fa85b1d7do,va_humidity,58
2026-09-20T18:38:39Z,bf43cf664d6644420axva3,battery_state,middle
2026-09-20T18:38:39Z,bf43cf664d6644420axva3,va_humidity,56
2026-09-20T18:38:39Z,bf43cf664d6644420axva3,va_temperature,21.5
2026-09-20T18:56:17Z,bf7e2a70935af7de78mjqt,battery_state,middle
2026-09-20T18:56:17Z,bf7e2a70935af7de78mjqt,va_humidity,54
2026-09-20T18:56:17Z,bf7e2a70935af7de78mjqt,va_temperature,22.2
2026-09-20T19:00:00Z,zewnatrz,va_humidity,81
2026-09-20T19:00:00Z,zewnatrz,va_temperature,16.9
2026-09-20T19:01:34Z,bfd6f4f87fea9d866dvpve,battery_state,middle
2026-09-20T19:01:34Z,bfd6f4f87fea9d866dvpve,va_humidity,58
2026-09-20T19:01:34Z,bfd6f4f87fea9d866dvpve,va_temperature,21.8
2026-09-20T19:09:03Z,bf43cf664d6644420axva3,battery_state,middle
2026-09-20T19:09:03Z,bf43cf664d6644420axva3,va_humidity,56
2026-09-20T19:09:03Z,bf43cf664d6644420axva3,va_temperature,21.5
